-250000 -0.174461 -0.138091
-249939 -0.174377 -0.138077
-249878 -0.174294 -0.138063
-249817 -0.17421 -0.13805
-249756 -0.174127 -0.138036
-249695 -0.174043 -0.138022
-249634 -0.17396 -0.138009
-249573 -0.173876 -0.137995
-249512 -0.173793 -0.137981
-249451 -0.173709 -0.137968
-249390 -0.173626 -0.137954
-249329 -0.173542 -0.13794
-249268 -0.173459 -0.137927
-249207 -0.173375 -0.137913
-249146 -0.173291 -0.137899
-249084 -0.173208 -0.137885
-249023 -0.173124 -0.137872
-248962 -0.173041 -0.137858
-248901 -0.172957 -0.137844
-248840 -0.172873 -0.137831
-248779 -0.17279 -0.137817
-248718 -0.172706 -0.137803
-248657 -0.172622 -0.137789
-248596 -0.172539 -0.137776
-248535 -0.172455 -0.137762
-248474 -0.172371 -0.137748
-248413 -0.172288 -0.137735
-248352 -0.172204 -0.137721
-248291 -0.17212 -0.137707
-248230 -0.172036 -0.137693
-248169 -0.171953 -0.13768
-248108 -0.171869 -0.137666
-248047 -0.171785 -0.137652
-247986 -0.171701 -0.137639
-247925 -0.171618 -0.137625
-247864 -0.171534 -0.137611
-247803 -0.17145 -0.137597
-247742 -0.171366 -0.137584
-247681 -0.171282 -0.13757
-247620 -0.171199 -0.137556
-247559 -0.171115 -0.137542
-247498 -0.171031 -0.137529
-247437 -0.170947 -0.137515
-247375 -0.170863 -0.137501
-247314 -0.170779 -0.137487
-247253 -0.170695 -0.137474
-247192 -0.170611 -0.13746
-247131 -0.170528 -0.137446
-247070 -0.170444 -0.137432
-247009 -0.17036 -0.137419
-246948 -0.170276 -0.137405
-246887 -0.170192 -0.137391
-246826 -0.170108 -0.137377
-246765 -0.170024 -0.137364
-246704 -0.16994 -0.13735
-246643 -0.169856 -0.137336
-246582 -0.169772 -0.137322
-246521 -0.169688 -0.137308
-246460 -0.169604 -0.137295
-246399 -0.16952 -0.137281
-246338 -0.169436 -0.137267
-246277 -0.169352 -0.137253
-246216 -0.169268 -0.13724
-246155 -0.169184 -0.137226
-246094 -0.169099 -0.137212
-246033 -0.169015 -0.137198
-245972 -0.168931 -0.137184
-245911 -0.168847 -0.137171
-245850 -0.168763 -0.137157
-245789 -0.168679 -0.137143
-245728 -0.168595 -0.137129
-245667 -0.16851 -0.137115
-245605 -0.168426 -0.137102
-245544 -0.168342 -0.137088
-245483 -0.168258 -0.137074
-245422 -0.168174 -0.13706
-245361 -0.168089 -0.137046
-245300 -0.168005 -0.137033
-245239 -0.167921 -0.137019
-245178 -0.167837 -0.137005
-245117 -0.167752 -0.136991
-245056 -0.167668 -0.136977
-244995 -0.167584 -0.136964
-244934 -0.1675 -0.13695
-244873 -0.167415 -0.136936
-244812 -0.167331 -0.136922
-244751 -0.167247 -0.136908
-244690 -0.167162 -0.136894
-244629 -0.167078 -0.136881
-244568 -0.166994 -0.136867
-244507 -0.166909 -0.136853
-244446 -0.166825 -0.136839
-244385 -0.16674 -0.136825
-244324 -0.166656 -0.136811
-244263 -0.166571 -0.136798
-244202 -0.166487 -0.136784
-244141 -0.166403 -0.13677
-244080 -0.166318 -0.136756
-244019 -0.166234 -0.136742
-243958 -0.166149 -0.136728
-243896 -0.166065 -0.136714
-243835 -0.16598 -0.136701
-243774 -0.165896 -0.136687
-243713 -0.165811 -0.136673
-243652 -0.165727 -0.136659
-243591 -0.165642 -0.136645
-243530 -0.165557 -0.136631
-243469 -0.165473 -0.136617
-243408 -0.165388 -0.136604
-243347 -0.165304 -0.13659
-243286 -0.165219 -0.136576
-243225 -0.165134 -0.136562
-243164 -0.16505 -0.136548
-243103 -0.164965 -0.136534
-243042 -0.16488 -0.13652
-242981 -0.164796 -0.136506
-242920 -0.164711 -0.136493
-242859 -0.164626 -0.136479
-242798 -0.164542 -0.136465
-242737 -0.164457 -0.136451
-242676 -0.164372 -0.136437
-242615 -0.164287 -0.136423
-242554 -0.164203 -0.136409
-242493 -0.164118 -0.136395
-242432 -0.164033 -0.136381
-242371 -0.163948 -0.136368
-242310 -0.163863 -0.136354
-242249 -0.163779 -0.13634
-242188 -0.163694 -0.136326
-242126 -0.163609 -0.136312
-242065 -0.163524 -0.136298
-242004 -0.163439 -0.136284
-241943 -0.163354 -0.13627
-241882 -0.163269 -0.136256
-241821 -0.163184 -0.136242
-241760 -0.163099 -0.136228
-241699 -0.163015 -0.136214
-241638 -0.16293 -0.136201
-241577 -0.162845 -0.136187
-241516 -0.16276 -0.136173
-241455 -0.162675 -0.136159
-241394 -0.16259 -0.136145
-241333 -0.162505 -0.136131
-241272 -0.16242 -0.136117
-241211 -0.162335 -0.136103
-241150 -0.162249 -0.136089
-241089 -0.162164 -0.136075
-241028 -0.162079 -0.136061
-240967 -0.161994 -0.136047
-240906 -0.161909 -0.136033
-240845 -0.161824 -0.136019
-240784 -0.161739 -0.136005
-240723 -0.161654 -0.135991
-240662 -0.161568 -0.135977
-240601 -0.161483 -0.135963
-240540 -0.161398 -0.13595
-240479 -0.161313 -0.135936
-240417 -0.161228 -0.135922
-240356 -0.161142 -0.135908
-240295 -0.161057 -0.135894
-240234 -0.160972 -0.13588
-240173 -0.160887 -0.135866
-240112 -0.160801 -0.135852
-240051 -0.160716 -0.135838
-239990 -0.160631 -0.135824
-239929 -0.160545 -0.13581
-239868 -0.16046 -0.135796
-239807 -0.160375 -0.135782
-239746 -0.160289 -0.135768
-239685 -0.160204 -0.135754
-239624 -0.160119 -0.13574
-239563 -0.160033 -0.135726
-239502 -0.159948 -0.135712
-239441 -0.159862 -0.135698
-239380 -0.159777 -0.135684
-239319 -0.159691 -0.13567
-239258 -0.159606 -0.135656
-239197 -0.15952 -0.135642
-239136 -0.159435 -0.135628
-239075 -0.159349 -0.135614
-239014 -0.159264 -0.1356
-238953 -0.159178 -0.135586
-238892 -0.159093 -0.135572
-238831 -0.159007 -0.135558
-238770 -0.158922 -0.135544
-238708 -0.158836 -0.135529
-238647 -0.15875 -0.135515
-238586 -0.158665 -0.135501
-238525 -0.158579 -0.135487
-238464 -0.158493 -0.135473
-238403 -0.158408 -0.135459
-238342 -0.158322 -0.135445
-238281 -0.158236 -0.135431
-238220 -0.158151 -0.135417
-238159 -0.158065 -0.135403
-238098 -0.157979 -0.135389
-238037 -0.157893 -0.135375
-237976 -0.157808 -0.135361
-237915 -0.157722 -0.135347
-237854 -0.157636 -0.135333
-237793 -0.15755 -0.135319
-237732 -0.157464 -0.135305
-237671 -0.157378 -0.135291
-237610 -0.157293 -0.135276
-237549 -0.157207 -0.135262
-237488 -0.157121 -0.135248
-237427 -0.157035 -0.135234
-237366 -0.156949 -0.13522
-237305 -0.156863 -0.135206
-237244 -0.156777 -0.135192
-237183 -0.156691 -0.135178
-237122 -0.156605 -0.135164
-237061 -0.156519 -0.13515
-237000 -0.156433 -0.135136
-236938 -0.156347 -0.135121
-236877 -0.156261 -0.135107
-236816 -0.156175 -0.135093
-236755 -0.156089 -0.135079
-236694 -0.156003 -0.135065
-236633 -0.155917 -0.135051
-236572 -0.155831 -0.135037
-236511 -0.155744 -0.135023
-236450 -0.155658 -0.135009
-236389 -0.155572 -0.134994
-236328 -0.155486 -0.13498
-236267 -0.1554 -0.134966
-236206 -0.155314 -0.134952
-236145 -0.155227 -0.134938
-236084 -0.155141 -0.134924
-236023 -0.155055 -0.13491
-235962 -0.154969 -0.134896
-235901 -0.154882 -0.134881
-235840 -0.154796 -0.134867
-235779 -0.15471 -0.134853
-235718 -0.154623 -0.134839
-235657 -0.154537 -0.134825
-235596 -0.154451 -0.134811
-235535 -0.154364 -0.134796
-235474 -0.154278 -0.134782
-235413 -0.154191 -0.134768
-235352 -0.154105 -0.134754
-235291 -0.154019 -0.13474
-235229 -0.153932 -0.134726
-235168 -0.153846 -0.134711
-235107 -0.153759 -0.134697
-235046 -0.153673 -0.134683
-234985 -0.153586 -0.134669
-234924 -0.1535 -0.134655
-234863 -0.153413 -0.134641
-234802 -0.153326 -0.134626
-234741 -0.15324 -0.134612
-234680 -0.153153 -0.134598
-234619 -0.153067 -0.134584
-234558 -0.15298 -0.13457
-234497 -0.152893 -0.134555
-234436 -0.152807 -0.134541
-234375 -0.15272 -0.134527
-234314 -0.152633 -0.134513
-234253 -0.152546 -0.134498
-234192 -0.15246 -0.134484
-234131 -0.152373 -0.13447
-234070 -0.152286 -0.134456
-234009 -0.152199 -0.134442
-233948 -0.152113 -0.134427
-233887 -0.152026 -0.134413
-233826 -0.151939 -0.134399
-233765 -0.151852 -0.134385
-233704 -0.151765 -0.13437
-233643 -0.151678 -0.134356
-233582 -0.151591 -0.134342
-233521 -0.151505 -0.134328
-233459 -0.151418 -0.134313
-233398 -0.151331 -0.134299
-233337 -0.151244 -0.134285
-233276 -0.151157 -0.134271
-233215 -0.15107 -0.134256
-233154 -0.150983 -0.134242
-233093 -0.150896 -0.134228
-233032 -0.150809 -0.134214
-232971 -0.150722 -0.134199
-232910 -0.150634 -0.134185
-232849 -0.150547 -0.134171
-232788 -0.15046 -0.134156
-232727 -0.150373 -0.134142
-232666 -0.150286 -0.134128
-232605 -0.150199 -0.134114
-232544 -0.150112 -0.134099
-232483 -0.150024 -0.134085
-232422 -0.149937 -0.134071
-232361 -0.14985 -0.134056
-232300 -0.149763 -0.134042
-232239 -0.149675 -0.134028
-232178 -0.149588 -0.134013
-232117 -0.149501 -0.133999
-232056 -0.149413 -0.133985
-231995 -0.149326 -0.133971
-231934 -0.149239 -0.133956
-231873 -0.149151 -0.133942
-231812 -0.149064 -0.133928
-231750 -0.148977 -0.133913
-231689 -0.148889 -0.133899
-231628 -0.148802 -0.133885
-231567 -0.148714 -0.13387
-231506 -0.148627 -0.133856
-231445 -0.148539 -0.133842
-231384 -0.148452 -0.133827
-231323 -0.148364 -0.133813
-231262 -0.148277 -0.133798
-231201 -0.148189 -0.133784
-231140 -0.148101 -0.13377
-231079 -0.148014 -0.133755
-231018 -0.147926 -0.133741
-230957 -0.147838 -0.133727
-230896 -0.147751 -0.133712
-230835 -0.147663 -0.133698
-230774 -0.147575 -0.133684
-230713 -0.147488 -0.133669
-230652 -0.1474 -0.133655
-230591 -0.147312 -0.13364
-230530 -0.147224 -0.133626
-230469 -0.147137 -0.133612
-230408 -0.147049 -0.133597
-230347 -0.146961 -0.133583
-230286 -0.146873 -0.133568
-230225 -0.146785 -0.133554
-230164 -0.146697 -0.13354
-230103 -0.14661 -0.133525
-230042 -0.146522 -0.133511
-229980 -0.146434 -0.133496
-229919 -0.146346 -0.133482
-229858 -0.146258 -0.133468
-229797 -0.14617 -0.133453
-229736 -0.146082 -0.133439
-229675 -0.145994 -0.133424
-229614 -0.145906 -0.13341
-229553 -0.145818 -0.133395
-229492 -0.145729 -0.133381
-229431 -0.145641 -0.133367
-229370 -0.145553 -0.133352
-229309 -0.145465 -0.133338
-229248 -0.145377 -0.133323
-229187 -0.145289 -0.133309
-229126 -0.145201 -0.133294
-229065 -0.145112 -0.13328
-229004 -0.145024 -0.133265
-228943 -0.144936 -0.133251
-228882 -0.144848 -0.133236
-228821 -0.144759 -0.133222
-228760 -0.144671 -0.133207
-228699 -0.144583 -0.133193
-228638 -0.144494 -0.133178
-228577 -0.144406 -0.133164
-228516 -0.144317 -0.133149
-228455 -0.144229 -0.133135
-228394 -0.144141 -0.13312
-228333 -0.144052 -0.133106
-228271 -0.143964 -0.133091
-228210 -0.143875 -0.133077
-228149 -0.143787 -0.133062
-228088 -0.143698 -0.133048
-228027 -0.14361 -0.133033
-227966 -0.143521 -0.133019
-227905 -0.143432 -0.133004
-227844 -0.143344 -0.13299
-227783 -0.143255 -0.132975
-227722 -0.143167 -0.132961
-227661 -0.143078 -0.132946
-227600 -0.142989 -0.132932
-227539 -0.142901 -0.132917
-227478 -0.142812 -0.132903
-227417 -0.142723 -0.132888
-227356 -0.142634 -0.132874
-227295 -0.142546 -0.132859
-227234 -0.142457 -0.132844
-227173 -0.142368 -0.13283
-227112 -0.142279 -0.132815
-227051 -0.14219 -0.132801
-226990 -0.142101 -0.132786
-226929 -0.142012 -0.132772
-226868 -0.141923 -0.132757
-226807 -0.141835 -0.132742
-226746 -0.141746 -0.132728
-226685 -0.141657 -0.132713
-226624 -0.141568 -0.132699
-226562 -0.141479 -0.132684
-226501 -0.14139 -0.13267
-226440 -0.1413 -0.132655
-226379 -0.141211 -0.13264
-226318 -0.141122 -0.132626
-226257 -0.141033 -0.132611
-226196 -0.140944 -0.132596
-226135 -0.140855 -0.132582
-226074 -0.140766 -0.132567
-226013 -0.140676 -0.132553
-225952 -0.140587 -0.132538
-225891 -0.140498 -0.132523
-225830 -0.140409 -0.132509
-225769 -0.140319 -0.132494
-225708 -0.14023 -0.132479
-225647 -0.140141 -0.132465
-225586 -0.140051 -0.13245
-225525 -0.139962 -0.132435
-225464 -0.139873 -0.132421
-225403 -0.139783 -0.132406
-225342 -0.139694 -0.132392
-225281 -0.139604 -0.132377
-225220 -0.139515 -0.132362
-225159 -0.139425 -0.132348
-225098 -0.139336 -0.132333
-225037 -0.139246 -0.132318
-224976 -0.139157 -0.132303
-224915 -0.139067 -0.132289
-224854 -0.138977 -0.132274
-224792 -0.138888 -0.132259
-224731 -0.138798 -0.132245
-224670 -0.138708 -0.13223
-224609 -0.138619 -0.132215
-224548 -0.138529 -0.132201
-224487 -0.138439 -0.132186
-224426 -0.13835 -0.132171
-224365 -0.13826 -0.132156
-224304 -0.13817 -0.132142
-224243 -0.13808 -0.132127
-224182 -0.13799 -0.132112
-224121 -0.1379 -0.132098
-224060 -0.137811 -0.132083
-223999 -0.137721 -0.132068
-223938 -0.137631 -0.132053
-223877 -0.137541 -0.132039
-223816 -0.137451 -0.132024
-223755 -0.137361 -0.132009
-223694 -0.137271 -0.131994
-223633 -0.137181 -0.13198
-223572 -0.137091 -0.131965
-223511 -0.137001 -0.13195
-223450 -0.13691 -0.131935
-223389 -0.13682 -0.13192
-223328 -0.13673 -0.131906
-223267 -0.13664 -0.131891
-223206 -0.13655 -0.131876
-223145 -0.13646 -0.131861
-223083 -0.136369 -0.131847
-223022 -0.136279 -0.131832
-222961 -0.136189 -0.131817
-222900 -0.136099 -0.131802
-222839 -0.136008 -0.131787
-222778 -0.135918 -0.131773
-222717 -0.135827 -0.131758
-222656 -0.135737 -0.131743
-222595 -0.135647 -0.131728
-222534 -0.135556 -0.131713
-222473 -0.135466 -0.131698
-222412 -0.135375 -0.131684
-222351 -0.135285 -0.131669
-222290 -0.135194 -0.131654
-222229 -0.135104 -0.131639
-222168 -0.135013 -0.131624
-222107 -0.134922 -0.131609
-222046 -0.134832 -0.131595
-221985 -0.134741 -0.13158
-221924 -0.134651 -0.131565
-221863 -0.13456 -0.13155
-221802 -0.134469 -0.131535
-221741 -0.134378 -0.13152
-221680 -0.134288 -0.131505
-221619 -0.134197 -0.13149
-221558 -0.134106 -0.131476
-221497 -0.134015 -0.131461
-221436 -0.133924 -0.131446
-221375 -0.133834 -0.131431
-221313 -0.133743 -0.131416
-221252 -0.133652 -0.131401
-221191 -0.133561 -0.131386
-221130 -0.13347 -0.131371
-221069 -0.133379 -0.131356
-221008 -0.133288 -0.131341
-220947 -0.133197 -0.131326
-220886 -0.133106 -0.131312
-220825 -0.133015 -0.131297
-220764 -0.132923 -0.131282
-220703 -0.132832 -0.131267
-220642 -0.132741 -0.131252
-220581 -0.13265 -0.131237
-220520 -0.132559 -0.131222
-220459 -0.132468 -0.131207
-220398 -0.132376 -0.131192
-220337 -0.132285 -0.131177
-220276 -0.132194 -0.131162
-220215 -0.132102 -0.131147
-220154 -0.132011 -0.131132
-220093 -0.13192 -0.131117
-220032 -0.131828 -0.131102
-219971 -0.131737 -0.131087
-219910 -0.131645 -0.131072
-219849 -0.131554 -0.131057
-219788 -0.131462 -0.131042
-219727 -0.131371 -0.131027
-219666 -0.131279 -0.131012
-219604 -0.131188 -0.130997
-219543 -0.131096 -0.130982
-219482 -0.131005 -0.130967
-219421 -0.130913 -0.130952
-219360 -0.130821 -0.130937
-219299 -0.13073 -0.130922
-219238 -0.130638 -0.130907
-219177 -0.130546 -0.130892
-219116 -0.130454 -0.130877
-219055 -0.130363 -0.130862
-218994 -0.130271 -0.130847
-218933 -0.130179 -0.130832
-218872 -0.130087 -0.130817
-218811 -0.129995 -0.130802
-218750 -0.129903 -0.130787
-218689 -0.129811 -0.130772
-218628 -0.129719 -0.130756
-218567 -0.129627 -0.130741
-218506 -0.129535 -0.130726
-218445 -0.129443 -0.130711
-218384 -0.129351 -0.130696
-218323 -0.129259 -0.130681
-218262 -0.129167 -0.130666
-218201 -0.129075 -0.130651
-218140 -0.128983 -0.130636
-218079 -0.128891 -0.130621
-218018 -0.128798 -0.130605
-217957 -0.128706 -0.13059
-217896 -0.128614 -0.130575
-217834 -0.128522 -0.13056
-217773 -0.128429 -0.130545
-217712 -0.128337 -0.13053
-217651 -0.128245 -0.130515
-217590 -0.128152 -0.1305
-217529 -0.12806 -0.130484
-217468 -0.127967 -0.130469
-217407 -0.127875 -0.130454
-217346 -0.127782 -0.130439
-217285 -0.12769 -0.130424
-217224 -0.127597 -0.130409
-217163 -0.127505 -0.130393
-217102 -0.127412 -0.130378
-217041 -0.12732 -0.130363
-216980 -0.127227 -0.130348
-216919 -0.127134 -0.130333
-216858 -0.127042 -0.130317
-216797 -0.126949 -0.130302
-216736 -0.126856 -0.130287
-216675 -0.126763 -0.130272
-216614 -0.126671 -0.130257
-216553 -0.126578 -0.130241
-216492 -0.126485 -0.130226
-216431 -0.126392 -0.130211
-216370 -0.126299 -0.130196
-216309 -0.126206 -0.130181
-216248 -0.126113 -0.130165
-216187 -0.12602 -0.13015
-216125 -0.125927 -0.130135
-216064 -0.125834 -0.13012
-216003 -0.125741 -0.130104
-215942 -0.125648 -0.130089
-215881 -0.125555 -0.130074
-215820 -0.125462 -0.130058
-215759 -0.125369 -0.130043
-215698 -0.125275 -0.130028
-215637 -0.125182 -0.130013
-215576 -0.125089 -0.129997
-215515 -0.124996 -0.129982
-215454 -0.124902 -0.129967
-215393 -0.124809 -0.129951
-215332 -0.124716 -0.129936
-215271 -0.124622 -0.129921
-215210 -0.124529 -0.129906
-215149 -0.124435 -0.12989
-215088 -0.124342 -0.129875
-215027 -0.124248 -0.12986
-214966 -0.124155 -0.129844
-214905 -0.124061 -0.129829
-214844 -0.123968 -0.129814
-214783 -0.123874 -0.129798
-214722 -0.123781 -0.129783
-214661 -0.123687 -0.129768
-214600 -0.123593 -0.129752
-214539 -0.1235 -0.129737
-214478 -0.123406 -0.129721
-214417 -0.123312 -0.129706
-214355 -0.123218 -0.129691
-214294 -0.123124 -0.129675
-214233 -0.123031 -0.12966
-214172 -0.122937 -0.129645
-214111 -0.122843 -0.129629
-214050 -0.122749 -0.129614
-213989 -0.122655 -0.129598
-213928 -0.122561 -0.129583
-213867 -0.122467 -0.129568
-213806 -0.122373 -0.129552
-213745 -0.122279 -0.129537
-213684 -0.122185 -0.129521
-213623 -0.122091 -0.129506
-213562 -0.121996 -0.12949
-213501 -0.121902 -0.129475
-213440 -0.121808 -0.12946
-213379 -0.121714 -0.129444
-213318 -0.12162 -0.129429
-213257 -0.121525 -0.129413
-213196 -0.121431 -0.129398
-213135 -0.121337 -0.129382
-213074 -0.121242 -0.129367
-213013 -0.121148 -0.129351
-212952 -0.121053 -0.129336
-212891 -0.120959 -0.12932
-212830 -0.120864 -0.129305
-212769 -0.12077 -0.129289
-212708 -0.120675 -0.129274
-212646 -0.120581 -0.129258
-212585 -0.120486 -0.129243
-212524 -0.120391 -0.129227
-212463 -0.120297 -0.129212
-212402 -0.120202 -0.129196
-212341 -0.120107 -0.129181
-212280 -0.120013 -0.129165
-212219 -0.119918 -0.12915
-212158 -0.119823 -0.129134
-212097 -0.119728 -0.129119
-212036 -0.119633 -0.129103
-211975 -0.119538 -0.129087
-211914 -0.119443 -0.129072
-211853 -0.119348 -0.129056
-211792 -0.119253 -0.129041
-211731 -0.119158 -0.129025
-211670 -0.119063 -0.12901
-211609 -0.118968 -0.128994
-211548 -0.118873 -0.128978
-211487 -0.118778 -0.128963
-211426 -0.118683 -0.128947
-211365 -0.118588 -0.128932
-211304 -0.118493 -0.128916
-211243 -0.118397 -0.1289
-211182 -0.118302 -0.128885
-211121 -0.118207 -0.128869
-211060 -0.118111 -0.128854
-210999 -0.118016 -0.128838
-210938 -0.117921 -0.128822
-210876 -0.117825 -0.128807
-210815 -0.11773 -0.128791
-210754 -0.117634 -0.128775
-210693 -0.117539 -0.12876
-210632 -0.117443 -0.128744
-210571 -0.117348 -0.128728
-210510 -0.117252 -0.128713
-210449 -0.117156 -0.128697
-210388 -0.117061 -0.128681
-210327 -0.116965 -0.128666
-210266 -0.116869 -0.12865
-210205 -0.116773 -0.128634
-210144 -0.116678 -0.128619
-210083 -0.116582 -0.128603
-210022 -0.116486 -0.128587
-209961 -0.11639 -0.128571
-209900 -0.116294 -0.128556
-209839 -0.116198 -0.12854
-209778 -0.116102 -0.128524
-209717 -0.116006 -0.128508
-209656 -0.11591 -0.128493
-209595 -0.115814 -0.128477
-209534 -0.115718 -0.128461
-209473 -0.115622 -0.128445
-209412 -0.115526 -0.12843
-209351 -0.11543 -0.128414
-209290 -0.115333 -0.128398
-209229 -0.115237 -0.128382
-209167 -0.115141 -0.128367
-209106 -0.115044 -0.128351
-209045 -0.114948 -0.128335
-208984 -0.114852 -0.128319
-208923 -0.114755 -0.128303
-208862 -0.114659 -0.128288
-208801 -0.114562 -0.128272
-208740 -0.114466 -0.128256
-208679 -0.114369 -0.12824
-208618 -0.114273 -0.128224
-208557 -0.114176 -0.128208
-208496 -0.11408 -0.128193
-208435 -0.113983 -0.128177
-208374 -0.113886 -0.128161
-208313 -0.113789 -0.128145
-208252 -0.113693 -0.128129
-208191 -0.113596 -0.128113
-208130 -0.113499 -0.128097
-208069 -0.113402 -0.128082
-208008 -0.113305 -0.128066
-207947 -0.113208 -0.12805
-207886 -0.113112 -0.128034
-207825 -0.113015 -0.128018
-207764 -0.112918 -0.128002
-207703 -0.11282 -0.127986
-207642 -0.112723 -0.12797
-207581 -0.112626 -0.127954
-207520 -0.112529 -0.127938
-207458 -0.112432 -0.127923
-207397 -0.112335 -0.127907
-207336 -0.112238 -0.127891
-207275 -0.11214 -0.127875
-207214 -0.112043 -0.127859
-207153 -0.111946 -0.127843
-207092 -0.111848 -0.127827
-207031 -0.111751 -0.127811
-206970 -0.111653 -0.127795
-206909 -0.111556 -0.127779
-206848 -0.111458 -0.127763
-206787 -0.111361 -0.127747
-206726 -0.111263 -0.127731
-206665 -0.111166 -0.127715
-206604 -0.111068 -0.127699
-206543 -0.11097 -0.127683
-206482 -0.110873 -0.127667
-206421 -0.110775 -0.127651
-206360 -0.110677 -0.127635
-206299 -0.110579 -0.127619
-206238 -0.110482 -0.127603
-206177 -0.110384 -0.127587
-206116 -0.110286 -0.127571
-206055 -0.110188 -0.127555
-205994 -0.11009 -0.127539
-205933 -0.109992 -0.127523
-205872 -0.109894 -0.127506
-205811 -0.109796 -0.12749
-205750 -0.109698 -0.127474
-205688 -0.1096 -0.127458
-205627 -0.109502 -0.127442
-205566 -0.109403 -0.127426
-205505 -0.109305 -0.12741
-205444 -0.109207 -0.127394
-205383 -0.109109 -0.127378
-205322 -0.10901 -0.127362
-205261 -0.108912 -0.127345
-205200 -0.108813 -0.127329
-205139 -0.108715 -0.127313
-205078 -0.108617 -0.127297
-205017 -0.108518 -0.127281
-204956 -0.108419 -0.127265
-204895 -0.108321 -0.127249
-204834 -0.108222 -0.127232
-204773 -0.108124 -0.127216
-204712 -0.108025 -0.1272
-204651 -0.107926 -0.127184
-204590 -0.107828 -0.127168
-204529 -0.107729 -0.127152
-204468 -0.10763 -0.127135
-204407 -0.107531 -0.127119
-204346 -0.107432 -0.127103
-204285 -0.107333 -0.127087
-204224 -0.107234 -0.12707
-204163 -0.107135 -0.127054
-204102 -0.107036 -0.127038
-204041 -0.106937 -0.127022
-203979 -0.106838 -0.127006
-203918 -0.106739 -0.126989
-203857 -0.10664 -0.126973
-203796 -0.106541 -0.126957
-203735 -0.106442 -0.126941
-203674 -0.106342 -0.126924
-203613 -0.106243 -0.126908
-203552 -0.106144 -0.126892
-203491 -0.106044 -0.126875
-203430 -0.105945 -0.126859
-203369 -0.105845 -0.126843
-203308 -0.105746 -0.126826
-203247 -0.105646 -0.12681
-203186 -0.105547 -0.126794
-203125 -0.105447 -0.126778
-203064 -0.105348 -0.126761
-203003 -0.105248 -0.126745
-202942 -0.105148 -0.126729
-202881 -0.105049 -0.126712
-202820 -0.104949 -0.126696
-202759 -0.104849 -0.126679
-202698 -0.104749 -0.126663
-202637 -0.104649 -0.126647
-202576 -0.104549 -0.12663
-202515 -0.104449 -0.126614
-202454 -0.104349 -0.126598
-202393 -0.104249 -0.126581
-202332 -0.104149 -0.126565
-202271 -0.104049 -0.126548
-202209 -0.103949 -0.126532
-202148 -0.103849 -0.126516
-202087 -0.103749 -0.126499
-202026 -0.103649 -0.126483
-201965 -0.103548 -0.126466
-201904 -0.103448 -0.12645
-201843 -0.103348 -0.126433
-201782 -0.103247 -0.126417
-201721 -0.103147 -0.1264
-201660 -0.103046 -0.126384
-201599 -0.102946 -0.126367
-201538 -0.102845 -0.126351
-201477 -0.102745 -0.126335
-201416 -0.102644 -0.126318
-201355 -0.102544 -0.126302
-201294 -0.102443 -0.126285
-201233 -0.102342 -0.126269
-201172 -0.102241 -0.126252
-201111 -0.102141 -0.126235
-201050 -0.10204 -0.126219
-200989 -0.101939 -0.126202
-200928 -0.101838 -0.126186
-200867 -0.101737 -0.126169
-200806 -0.101636 -0.126153
-200745 -0.101535 -0.126136
-200684 -0.101434 -0.12612
-200623 -0.101333 -0.126103
-200562 -0.101232 -0.126086
-200500 -0.101131 -0.12607
-200439 -0.10103 -0.126053
-200378 -0.100928 -0.126037
-200317 -0.100827 -0.12602
-200256 -0.100726 -0.126004
-200195 -0.100624 -0.125987
-200134 -0.100523 -0.12597
-200073 -0.100422 -0.125954
-200012 -0.10032 -0.125937
-199951 -0.100219 -0.12592
-199890 -0.100117 -0.125904
-199829 -0.100015 -0.125887
-199768 -0.0999138 -0.12587
-199707 -0.0998121 -0.125854
-199646 -0.0997105 -0.125837
-199585 -0.0996087 -0.12582
-199524 -0.0995069 -0.125804
-199463 -0.0994051 -0.125787
-199402 -0.0993033 -0.12577
-199341 -0.0992014 -0.125754
-199280 -0.0990995 -0.125737
-199219 -0.0989975 -0.12572
-199158 -0.0988955 -0.125703
-199097 -0.0987934 -0.125687
-199036 -0.0986914 -0.12567
-198975 -0.0985892 -0.125653
-198914 -0.0984871 -0.125637
-198853 -0.0983849 -0.12562
-198792 -0.0982826 -0.125603
-198730 -0.0981804 -0.125586
-198669 -0.098078 -0.125569
-198608 -0.0979757 -0.125553
-198547 -0.0978733 -0.125536
-198486 -0.0977708 -0.125519
-198425 -0.0976684 -0.125502
-198364 -0.0975658 -0.125486
-198303 -0.0974633 -0.125469
-198242 -0.0973607 -0.125452
-198181 -0.0972581 -0.125435
-198120 -0.0971554 -0.125418
-198059 -0.0970527 -0.125401
-197998 -0.0969499 -0.125385
-197937 -0.0968471 -0.125368
-197876 -0.0967443 -0.125351
-197815 -0.0966414 -0.125334
-197754 -0.0965385 -0.125317
-197693 -0.0964355 -0.1253
-197632 -0.0963325 -0.125283
-197571 -0.0962295 -0.125266
-197510 -0.0961264 -0.12525
-197449 -0.0960233 -0.125233
-197388 -0.0959202 -0.125216
-197327 -0.095817 -0.125199
-197266 -0.0957137 -0.125182
-197205 -0.0956104 -0.125165
-197144 -0.0955071 -0.125148
-197083 -0.0954038 -0.125131
-197021 -0.0953004 -0.125114
-196960 -0.0951969 -0.125097
-196899 -0.0950934 -0.12508
-196838 -0.0949899 -0.125063
-196777 -0.0948864 -0.125046
-196716 -0.0947828 -0.125029
-196655 -0.0946791 -0.125012
-196594 -0.0945754 -0.124995
-196533 -0.0944717 -0.124978
-196472 -0.0943679 -0.124961
-196411 -0.0942641 -0.124944
-196350 -0.0941603 -0.124927
-196289 -0.0940564 -0.12491
-196228 -0.0939524 -0.124893
-196167 -0.0938485 -0.124876
-196106 -0.0937444 -0.124859
-196045 -0.0936404 -0.124842
-195984 -0.0935363 -0.124825
-195923 -0.0934321 -0.124808
-195862 -0.0933279 -0.124791
-195801 -0.0932237 -0.124774
-195740 -0.0931195 -0.124757
-195679 -0.0930151 -0.12474
-195618 -0.0929108 -0.124722
-195557 -0.0928064 -0.124705
-195496 -0.092702 -0.124688
-195435 -0.0925975 -0.124671
-195374 -0.092493 -0.124654
-195312 -0.0923884 -0.124637
-195251 -0.0922838 -0.12462
-195190 -0.0921791 -0.124602
-195129 -0.0920744 -0.124585
-195068 -0.0919697 -0.124568
-195007 -0.0918649 -0.124551
-194946 -0.0917601 -0.124534
-194885 -0.0916553 -0.124517
-194824 -0.0915504 -0.124499
-194763 -0.0914454 -0.124482
-194702 -0.0913404 -0.124465
-194641 -0.0912354 -0.124448
-194580 -0.0911303 -0.124431
-194519 -0.0910252 -0.124413
-194458 -0.09092 -0.124396
-194397 -0.0908148 -0.124379
-194336 -0.0907096 -0.124362
-194275 -0.0906043 -0.124344
-194214 -0.0904989 -0.124327
-194153 -0.0903936 -0.12431
-194092 -0.0902881 -0.124292
-194031 -0.0901827 -0.124275
-193970 -0.0900772 -0.124258
-193909 -0.0899716 -0.124241
-193848 -0.089866 -0.124223
-193787 -0.0897604 -0.124206
-193726 -0.0896547 -0.124189
-193665 -0.089549 -0.124171
-193604 -0.0894432 -0.124154
-193542 -0.0893374 -0.124137
-193481 -0.0892315 -0.124119
-193420 -0.0891256 -0.124102
-193359 -0.0890197 -0.124085
-193298 -0.0889137 -0.124067
-193237 -0.0888077 -0.12405
-193176 -0.0887016 -0.124032
-193115 -0.0885954 -0.124015
-193054 -0.0884893 -0.123998
-192993 -0.0883831 -0.12398
-192932 -0.0882768 -0.123963
-192871 -0.0881705 -0.123945
-192810 -0.0880642 -0.123928
-192749 -0.0879578 -0.12391
-192688 -0.0878513 -0.123893
-192627 -0.0877448 -0.123876
-192566 -0.0876383 -0.123858
-192505 -0.0875317 -0.123841
-192444 -0.0874251 -0.123823
-192383 -0.0873185 -0.123806
-192322 -0.0872118 -0.123788
-192261 -0.087105 -0.123771
-192200 -0.0869982 -0.123753
-192139 -0.0868914 -0.123736
-192078 -0.0867845 -0.123718
-192017 -0.0866775 -0.123701
-191956 -0.0865706 -0.123683
-191895 -0.0864635 -0.123666
-191833 -0.0863565 -0.123648
-191772 -0.0862494 -0.12363
-191711 -0.0861422 -0.123613
-191650 -0.086035 -0.123595
-191589 -0.0859277 -0.123578
-191528 -0.0858204 -0.12356
-191467 -0.0857131 -0.123543
-191406 -0.0856057 -0.123525
-191345 -0.0854983 -0.123507
-191284 -0.0853908 -0.12349
-191223 -0.0852832 -0.123472
-191162 -0.0851757 -0.123454
-191101 -0.085068 -0.123437
-191040 -0.0849604 -0.123419
-190979 -0.0848527 -0.123401
-190918 -0.0847449 -0.123384
-190857 -0.0846371 -0.123366
-190796 -0.0845292 -0.123348
-190735 -0.0844213 -0.123331
-190674 -0.0843134 -0.123313
-190613 -0.0842054 -0.123295
-190552 -0.0840973 -0.123278
-190491 -0.0839893 -0.12326
-190430 -0.0838811 -0.123242
-190369 -0.0837729 -0.123224
-190308 -0.0836647 -0.123207
-190247 -0.0835564 -0.123189
-190186 -0.0834481 -0.123171
-190125 -0.0833397 -0.123153
-190063 -0.0832313 -0.123136
-190002 -0.0831228 -0.123118
-189941 -0.0830143 -0.1231
-189880 -0.0829058 -0.123082
-189819 -0.0827971 -0.123064
-189758 -0.0826885 -0.123047
-189697 -0.0825798 -0.123029
-189636 -0.082471 -0.123011
-189575 -0.0823622 -0.122993
-189514 -0.0822534 -0.122975
-189453 -0.0821445 -0.122958
-189392 -0.0820355 -0.12294
-189331 -0.0819265 -0.122922
-189270 -0.0818175 -0.122904
-189209 -0.0817084 -0.122886
-189148 -0.0815993 -0.122868
-189087 -0.0814901 -0.12285
-189026 -0.0813808 -0.122832
-188965 -0.0812716 -0.122814
-188904 -0.0811622 -0.122796
-188843 -0.0810528 -0.122779
-188782 -0.0809434 -0.122761
-188721 -0.0808339 -0.122743
-188660 -0.0807244 -0.122725
-188599 -0.0806148 -0.122707
-188538 -0.0805052 -0.122689
-188477 -0.0803955 -0.122671
-188416 -0.0802858 -0.122653
-188354 -0.080176 -0.122635
-188293 -0.0800662 -0.122617
-188232 -0.0799563 -0.122599
-188171 -0.0798464 -0.122581
-188110 -0.0797364 -0.122563
-188049 -0.0796264 -0.122545
-187988 -0.0795163 -0.122527
-187927 -0.0794062 -0.122509
-187866 -0.079296 -0.122491
-187805 -0.0791858 -0.122472
-187744 -0.0790755 -0.122454
-187683 -0.0789652 -0.122436
-187622 -0.0788549 -0.122418
-187561 -0.0787444 -0.1224
-187500 -0.078634 -0.122382
-187439 -0.0785234 -0.122364
-187378 -0.0784129 -0.122346
-187317 -0.0783022 -0.122328
-187256 -0.0781916 -0.12231
-187195 -0.0780809 -0.122291
-187134 -0.0779701 -0.122273
-187073 -0.0778593 -0.122255
-187012 -0.0777484 -0.122237
-186951 -0.0776375 -0.122219
-186890 -0.0775265 -0.1222
-186829 -0.0774155 -0.122182
-186768 -0.0773044 -0.122164
-186707 -0.0771933 -0.122146
-186646 -0.0770821 -0.122128
-186584 -0.0769708 -0.122109
-186523 -0.0768596 -0.122091
-186462 -0.0767482 -0.122073
-186401 -0.0766368 -0.122055
-186340 -0.0765254 -0.122036
-186279 -0.0764139 -0.122018
-186218 -0.0763024 -0.122
-186157 -0.0761908 -0.121982
-186096 -0.0760791 -0.121963
-186035 -0.0759674 -0.121945
-185974 -0.0758557 -0.121927
-185913 -0.0757439 -0.121908
-185852 -0.0756321 -0.12189
-185791 -0.0755202 -0.121872
-185730 -0.0754082 -0.121853
-185669 -0.0752962 -0.121835
-185608 -0.0751841 -0.121817
-185547 -0.075072 -0.121798
-185486 -0.0749599 -0.12178
-185425 -0.0748476 -0.121761
-185364 -0.0747354 -0.121743
-185303 -0.0746231 -0.121725
-185242 -0.0745107 -0.121706
-185181 -0.0743983 -0.121688
-185120 -0.0742858 -0.121669
-185059 -0.0741732 -0.121651
-184998 -0.0740607 -0.121632
-184937 -0.073948 -0.121614
-184875 -0.0738353 -0.121595
-184814 -0.0737226 -0.121577
-184753 -0.0736098 -0.121558
-184692 -0.0734969 -0.12154
-184631 -0.073384 -0.121521
-184570 -0.0732711 -0.121503
-184509 -0.0731581 -0.121484
-184448 -0.073045 -0.121466
-184387 -0.0729319 -0.121447
-184326 -0.0728187 -0.121429
-184265 -0.0727055 -0.12141
-184204 -0.0725922 -0.121392
-184143 -0.0724789 -0.121373
-184082 -0.0723655 -0.121354
-184021 -0.072252 -0.121336
-183960 -0.0721385 -0.121317
-183899 -0.072025 -0.121299
-183838 -0.0719114 -0.12128
-183777 -0.0717977 -0.121261
-183716 -0.071684 -0.121243
-183655 -0.0715702 -0.121224
-183594 -0.0714564 -0.121205
-183533 -0.0713425 -0.121187
-183472 -0.0712286 -0.121168
-183411 -0.0711146 -0.121149
-183350 -0.0710006 -0.121131
-183289 -0.0708865 -0.121112
-183228 -0.0707723 -0.121093
-183167 -0.0706581 -0.121075
-183105 -0.0705439 -0.121056
-183044 -0.0704295 -0.121037
-182983 -0.0703152 -0.121018
-182922 -0.0702007 -0.121
-182861 -0.0700862 -0.120981
-182800 -0.0699717 -0.120962
-182739 -0.0698571 -0.120943
-182678 -0.0697425 -0.120924
-182617 -0.0696278 -0.120906
-182556 -0.069513 -0.120887
-182495 -0.0693982 -0.120868
-182434 -0.0692833 -0.120849
-182373 -0.0691684 -0.12083
-182312 -0.0690534 -0.120811
-182251 -0.0689383 -0.120793
-182190 -0.0688232 -0.120774
-182129 -0.0687081 -0.120755
-182068 -0.0685929 -0.120736
-182007 -0.0684776 -0.120717
-181946 -0.0683623 -0.120698
-181885 -0.0682469 -0.120679
-181824 -0.0681315 -0.12066
-181763 -0.068016 -0.120641
-181702 -0.0679004 -0.120622
-181641 -0.0677848 -0.120604
-181580 -0.0676691 -0.120585
-181519 -0.0675534 -0.120566
-181458 -0.0674376 -0.120547
-181396 -0.0673218 -0.120528
-181335 -0.0672059 -0.120509
-181274 -0.0670899 -0.12049
-181213 -0.0669739 -0.120471
-181152 -0.0668579 -0.120452
-181091 -0.0667417 -0.120433
-181030 -0.0666256 -0.120413
-180969 -0.0665093 -0.120394
-180908 -0.066393 -0.120375
-180847 -0.0662767 -0.120356
-180786 -0.0661602 -0.120337
-180725 -0.0660438 -0.120318
-180664 -0.0659272 -0.120299
-180603 -0.0658106 -0.12028
-180542 -0.065694 -0.120261
-180481 -0.0655773 -0.120242
-180420 -0.0654605 -0.120223
-180359 -0.0653437 -0.120203
-180298 -0.0652268 -0.120184
-180237 -0.0651099 -0.120165
-180176 -0.0649929 -0.120146
-180115 -0.0648758 -0.120127
-180054 -0.0647587 -0.120107
-179993 -0.0646415 -0.120088
-179932 -0.0645243 -0.120069
-179871 -0.064407 -0.12005
-179810 -0.0642896 -0.120031
-179749 -0.0641722 -0.120011
-179688 -0.0640547 -0.119992
-179626 -0.0639372 -0.119973
-179565 -0.0638196 -0.119954
-179504 -0.063702 -0.119934
-179443 -0.0635842 -0.119915
-179382 -0.0634665 -0.119896
-179321 -0.0633486 -0.119876
-179260 -0.0632308 -0.119857
-179199 -0.0631128 -0.119838
-179138 -0.0629948 -0.119818
-179077 -0.0628767 -0.119799
-179016 -0.0627586 -0.11978
-178955 -0.0626404 -0.11976
-178894 -0.0625221 -0.119741
-178833 -0.0624038 -0.119721
-178772 -0.0622854 -0.119702
-178711 -0.062167 -0.119683
-178650 -0.0620485 -0.119663
-178589 -0.0619299 -0.119644
-178528 -0.0618113 -0.119624
-178467 -0.0616926 -0.119605
-178406 -0.0615739 -0.119585
-178345 -0.0614551 -0.119566
-178284 -0.0613362 -0.119546
-178223 -0.0612173 -0.119527
-178162 -0.0610983 -0.119507
-178101 -0.0609793 -0.119488
-178040 -0.0608602 -0.119468
-177979 -0.060741 -0.119449
-177917 -0.0606218 -0.119429
-177856 -0.0605025 -0.11941
-177795 -0.0603831 -0.11939
-177734 -0.0602637 -0.119371
-177673 -0.0601442 -0.119351
-177612 -0.0600247 -0.119331
-177551 -0.059905 -0.119312
-177490 -0.0597854 -0.119292
-177429 -0.0596656 -0.119273
-177368 -0.0595458 -0.119253
-177307 -0.059426 -0.119233
-177246 -0.0593061 -0.119214
-177185 -0.0591861 -0.119194
-177124 -0.059066 -0.119174
-177063 -0.0589459 -0.119155
-177002 -0.0588258 -0.119135
-176941 -0.0587055 -0.119115
-176880 -0.0585852 -0.119095
-176819 -0.0584649 -0.119076
-176758 -0.0583444 -0.119056
-176697 -0.058224 -0.119036
-176636 -0.0581034 -0.119016
-176575 -0.0579828 -0.118997
-176514 -0.0578621 -0.118977
-176453 -0.0577414 -0.118957
-176392 -0.0576205 -0.118937
-176331 -0.0574997 -0.118917
-176270 -0.0573787 -0.118898
-176208 -0.0572577 -0.118878
-176147 -0.0571367 -0.118858
-176086 -0.0570155 -0.118838
-176025 -0.0568944 -0.118818
-175964 -0.0567731 -0.118798
-175903 -0.0566518 -0.118779
-175842 -0.0565304 -0.118759
-175781 -0.0564089 -0.118739
-175720 -0.0562874 -0.118719
-175659 -0.0561658 -0.118699
-175598 -0.0560442 -0.118679
-175537 -0.0559225 -0.118659
-175476 -0.0558007 -0.118639
-175415 -0.0556789 -0.118619
-175354 -0.0555569 -0.118599
-175293 -0.055435 -0.118579
-175232 -0.0553129 -0.118559
-175171 -0.0551908 -0.118539
-175110 -0.0550687 -0.118519
-175049 -0.0549464 -0.118499
-174988 -0.0548241 -0.118479
-174927 -0.0547017 -0.118459
-174866 -0.0545793 -0.118439
-174805 -0.0544568 -0.118419
-174744 -0.0543342 -0.118399
-174683 -0.0542116 -0.118378
-174622 -0.0540889 -0.118358
-174561 -0.0539661 -0.118338
-174500 -0.0538433 -0.118318
-174438 -0.0537204 -0.118298
-174377 -0.0535974 -0.118278
-174316 -0.0534744 -0.118258
-174255 -0.0533513 -0.118237
-174194 -0.0532281 -0.118217
-174133 -0.0531049 -0.118197
-174072 -0.0529816 -0.118177
-174011 -0.0528582 -0.118157
-173950 -0.0527348 -0.118136
-173889 -0.0526113 -0.118116
-173828 -0.0524877 -0.118096
-173767 -0.0523641 -0.118076
-173706 -0.0522403 -0.118055
-173645 -0.0521166 -0.118035
-173584 -0.0519927 -0.118015
-173523 -0.0518688 -0.117994
-173462 -0.0517448 -0.117974
-173401 -0.0516208 -0.117954
-173340 -0.0514967 -0.117933
-173279 -0.0513725 -0.117913
-173218 -0.0512482 -0.117893
-173157 -0.0511239 -0.117872
-173096 -0.0509995 -0.117852
-173035 -0.050875 -0.117832
-172974 -0.0507505 -0.117811
-172913 -0.0506259 -0.117791
-172852 -0.0505012 -0.11777
-172791 -0.0503765 -0.11775
-172729 -0.0502517 -0.117729
-172668 -0.0501268 -0.117709
-172607 -0.0500019 -0.117688
-172546 -0.0498768 -0.117668
-172485 -0.0497517 -0.117647
-172424 -0.0496266 -0.117627
-172363 -0.0495014 -0.117606
-172302 -0.0493761 -0.117586
-172241 -0.0492507 -0.117565
-172180 -0.0491253 -0.117545
-172119 -0.0489998 -0.117524
-172058 -0.0488742 -0.117504
-171997 -0.0487485 -0.117483
-171936 -0.0486228 -0.117462
-171875 -0.048497 -0.117442
-171814 -0.0483712 -0.117421
-171753 -0.0482452 -0.1174
-171692 -0.0481192 -0.11738
-171631 -0.0479931 -0.117359
-171570 -0.047867 -0.117338
-171509 -0.0477408 -0.117318
-171448 -0.0476145 -0.117297
-171387 -0.0474881 -0.117276
-171326 -0.0473617 -0.117256
-171265 -0.0472352 -0.117235
-171204 -0.0471086 -0.117214
-171143 -0.046982 -0.117193
-171082 -0.0468553 -0.117173
-171021 -0.0467285 -0.117152
-170959 -0.0466016 -0.117131
-170898 -0.0464747 -0.11711
-170837 -0.0463477 -0.117089
-170776 -0.0462206 -0.117069
-170715 -0.0460934 -0.117048
-170654 -0.0459662 -0.117027
-170593 -0.0458389 -0.117006
-170532 -0.0457115 -0.116985
-170471 -0.0455841 -0.116964
-170410 -0.0454566 -0.116943
-170349 -0.045329 -0.116922
-170288 -0.0452013 -0.116901
-170227 -0.0450736 -0.11688
-170166 -0.0449458 -0.11686
-170105 -0.0448179 -0.116839
-170044 -0.0446899 -0.116818
-169983 -0.0445619 -0.116797
-169922 -0.0444338 -0.116776
-169861 -0.0443056 -0.116755
-169800 -0.0441774 -0.116734
-169739 -0.044049 -0.116713
-169678 -0.0439206 -0.116691
-169617 -0.0437922 -0.11667
-169556 -0.0436636 -0.116649
-169495 -0.043535 -0.116628
-169434 -0.0434063 -0.116607
-169373 -0.0432775 -0.116586
-169312 -0.0431487 -0.116565
-169250 -0.0430197 -0.116544
-169189 -0.0428907 -0.116523
-169128 -0.0427617 -0.116502
-169067 -0.0426325 -0.11648
-169006 -0.0425033 -0.116459
-168945 -0.042374 -0.116438
-168884 -0.0422446 -0.116417
-168823 -0.0421152 -0.116396
-168762 -0.0419856 -0.116374
-168701 -0.041856 -0.116353
-168640 -0.0417263 -0.116332
-168579 -0.0415966 -0.116311
-168518 -0.0414667 -0.116289
-168457 -0.0413368 -0.116268
-168396 -0.0412068 -0.116247
-168335 -0.0410768 -0.116225
-168274 -0.0409466 -0.116204
-168213 -0.0408164 -0.116183
-168152 -0.0406861 -0.116161
-168091 -0.0405558 -0.11614
-168030 -0.0404253 -0.116119
-167969 -0.0402948 -0.116097
-167908 -0.0401642 -0.116076
-167847 -0.0400335 -0.116054
-167786 -0.0399028 -0.116033
-167725 -0.0397719 -0.116011
-167664 -0.039641 -0.11599
-167603 -0.03951 -0.115968
-167542 -0.039379 -0.115947
-167480 -0.0392478 -0.115925
-167419 -0.0391166 -0.115904
-167358 -0.0389853 -0.115882
-167297 -0.0388539 -0.115861
-167236 -0.0387224 -0.115839
-167175 -0.0385909 -0.115818
-167114 -0.0384593 -0.115796
-167053 -0.0383276 -0.115775
-166992 -0.0381958 -0.115753
-166931 -0.038064 -0.115731
-166870 -0.037932 -0.11571
-166809 -0.0378 -0.115688
-166748 -0.0376679 -0.115666
-166687 -0.0375357 -0.115645
-166626 -0.0374035 -0.115623
-166565 -0.0372712 -0.115601
-166504 -0.0371388 -0.11558
-166443 -0.0370063 -0.115558
-166382 -0.0368737 -0.115536
-166321 -0.036741 -0.115515
-166260 -0.0366083 -0.115493
-166199 -0.0364755 -0.115471
-166138 -0.0363426 -0.115449
-166077 -0.0362096 -0.115427
-166016 -0.0360766 -0.115406
-165955 -0.0359434 -0.115384
-165894 -0.0358102 -0.115362
-165833 -0.0356769 -0.11534
-165771 -0.0355436 -0.115318
-165710 -0.0354101 -0.115296
-165649 -0.0352766 -0.115274
-165588 -0.0351429 -0.115253
-165527 -0.0350092 -0.115231
-165466 -0.0348754 -0.115209
-165405 -0.0347416 -0.115187
-165344 -0.0346076 -0.115165
-165283 -0.0344736 -0.115143
-165222 -0.0343395 -0.115121
-165161 -0.0342053 -0.115099
-165100 -0.034071 -0.115077
-165039 -0.0339366 -0.115055
-164978 -0.0338022 -0.115033
-164917 -0.0336677 -0.115011
-164856 -0.0335331 -0.114989
-164795 -0.0333984 -0.114967
-164734 -0.0332636 -0.114944
-164673 -0.0331287 -0.114922
-164612 -0.0329938 -0.1149
-164551 -0.0328588 -0.114878
-164490 -0.0327237 -0.114856
-164429 -0.0325885 -0.114834
-164368 -0.0324532 -0.114812
-164307 -0.0323178 -0.114789
-164246 -0.0321824 -0.114767
-164185 -0.0320469 -0.114745
-164124 -0.0319112 -0.114723
-164062 -0.0317755 -0.114701
-164001 -0.0316398 -0.114678
-163940 -0.0315039 -0.114656
-163879 -0.0313679 -0.114634
-163818 -0.0312319 -0.114611
-163757 -0.0310958 -0.114589
-163696 -0.0309596 -0.114567
-163635 -0.0308233 -0.114544
-163574 -0.0306869 -0.114522
-163513 -0.0305504 -0.1145
-163452 -0.0304139 -0.114477
-163391 -0.0302773 -0.114455
-163330 -0.0301405 -0.114433
-163269 -0.0300037 -0.11441
-163208 -0.0298668 -0.114388
-163147 -0.0297299 -0.114365
-163086 -0.0295928 -0.114343
-163025 -0.0294556 -0.11432
-162964 -0.0293184 -0.114298
-162903 -0.0291811 -0.114275
-162842 -0.0290437 -0.114253
-162781 -0.0289062 -0.11423
-162720 -0.0287686 -0.114208
-162659 -0.0286309 -0.114185
-162598 -0.0284931 -0.114162
-162537 -0.0283553 -0.11414
-162476 -0.0282174 -0.114117
-162415 -0.0280793 -0.114095
-162354 -0.0279412 -0.114072
-162292 -0.027803 -0.114049
-162231 -0.0276647 -0.114027
-162170 -0.0275264 -0.114004
-162109 -0.0273879 -0.113981
-162048 -0.0272493 -0.113959
-161987 -0.0271107 -0.113936
-161926 -0.026972 -0.113913
-161865 -0.0268331 -0.11389
-161804 -0.0266942 -0.113868
-161743 -0.0265552 -0.113845
-161682 -0.0264162 -0.113822
-161621 -0.026277 -0.113799
-161560 -0.0261377 -0.113776
-161499 -0.0259984 -0.113754
-161438 -0.0258589 -0.113731
-161377 -0.0257194 -0.113708
-161316 -0.0255798 -0.113685
-161255 -0.02544 -0.113662
-161194 -0.0253002 -0.113639
-161133 -0.0251603 -0.113616
-161072 -0.0250204 -0.113593
-161011 -0.0248803 -0.11357
-160950 -0.0247401 -0.113547
-160889 -0.0245999 -0.113524
-160828 -0.0244595 -0.113501
-160767 -0.0243191 -0.113478
-160706 -0.0241785 -0.113455
-160645 -0.0240379 -0.113432
-160583 -0.0238972 -0.113409
-160522 -0.0237564 -0.113386
-160461 -0.0236155 -0.113363
-160400 -0.0234745 -0.11334
-160339 -0.0233334 -0.113317
-160278 -0.0231922 -0.113294
-160217 -0.023051 -0.11327
-160156 -0.0229096 -0.113247
-160095 -0.0227682 -0.113224
-160034 -0.0226266 -0.113201
-159973 -0.022485 -0.113178
-159912 -0.0223433 -0.113154
-159851 -0.0222014 -0.113131
-159790 -0.0220595 -0.113108
-159729 -0.0219175 -0.113085
-159668 -0.0217754 -0.113061
-159607 -0.0216332 -0.113038
-159546 -0.0214909 -0.113015
-159485 -0.0213485 -0.112991
-159424 -0.0212061 -0.112968
-159363 -0.0210635 -0.112945
-159302 -0.0209208 -0.112921
-159241 -0.020778 -0.112898
-159180 -0.0206352 -0.112874
-159119 -0.0204922 -0.112851
-159058 -0.0203492 -0.112827
-158997 -0.0202061 -0.112804
-158936 -0.0200628 -0.11278
-158875 -0.0199195 -0.112757
-158813 -0.0197761 -0.112733
-158752 -0.0196325 -0.11271
-158691 -0.0194889 -0.112686
-158630 -0.0193452 -0.112663
-158569 -0.0192014 -0.112639
-158508 -0.0190575 -0.112616
-158447 -0.0189135 -0.112592
-158386 -0.0187694 -0.112568
-158325 -0.0186252 -0.112545
-158264 -0.0184809 -0.112521
-158203 -0.0183365 -0.112498
-158142 -0.018192 -0.112474
-158081 -0.0180474 -0.11245
-158020 -0.0179028 -0.112426
-157959 -0.017758 -0.112403
-157898 -0.0176131 -0.112379
-157837 -0.0174681 -0.112355
-157776 -0.0173231 -0.112331
-157715 -0.0171779 -0.112308
-157654 -0.0170326 -0.112284
-157593 -0.0168873 -0.11226
-157532 -0.0167418 -0.112236
-157471 -0.0165962 -0.112212
-157410 -0.0164506 -0.112188
-157349 -0.0163048 -0.112164
-157288 -0.0161589 -0.112141
-157227 -0.016013 -0.112117
-157166 -0.0158669 -0.112093
-157104 -0.0157208 -0.112069
-157043 -0.0155745 -0.112045
-156982 -0.0154282 -0.112021
-156921 -0.0152817 -0.111997
-156860 -0.0151352 -0.111973
-156799 -0.0149885 -0.111949
-156738 -0.0148417 -0.111925
-156677 -0.0146949 -0.111901
-156616 -0.0145479 -0.111876
-156555 -0.0144009 -0.111852
-156494 -0.0142537 -0.111828
-156433 -0.0141065 -0.111804
-156372 -0.0139591 -0.11178
-156311 -0.0138116 -0.111756
-156250 -0.0136641 -0.111732
-156189 -0.0135164 -0.111707
-156128 -0.0133686 -0.111683
-156067 -0.0132208 -0.111659
-156006 -0.0130728 -0.111635
-155945 -0.0129247 -0.11161
-155884 -0.0127766 -0.111586
-155823 -0.0126283 -0.111562
-155762 -0.0124799 -0.111537
-155701 -0.0123314 -0.111513
-155640 -0.0121828 -0.111489
-155579 -0.0120341 -0.111464
-155518 -0.0118853 -0.11144
-155457 -0.0117364 -0.111416
-155396 -0.0115875 -0.111391
-155334 -0.0114383 -0.111367
-155273 -0.0112891 -0.111342
-155212 -0.0111398 -0.111318
-155151 -0.0109904 -0.111293
-155090 -0.0108409 -0.111269
-155029 -0.0106913 -0.111244
-154968 -0.0105415 -0.11122
-154907 -0.0103917 -0.111195
-154846 -0.0102418 -0.111171
-154785 -0.0100917 -0.111146
-154724 -0.00994159 -0.111121
-154663 -0.00979133 -0.111097
-154602 -0.00964097 -0.111072
-154541 -0.00949051 -0.111047
-154480 -0.00933994 -0.111023
-154419 -0.00918926 -0.110998
-154358 -0.00903848 -0.110973
-154297 -0.00888759 -0.110949
-154236 -0.0087366 -0.110924
-154175 -0.0085855 -0.110899
-154114 -0.00843429 -0.110874
-154053 -0.00828297 -0.110849
-153992 -0.00813155 -0.110825
-153931 -0.00798002 -0.1108
-153870 -0.00782838 -0.110775
-153809 -0.00767664 -0.11075
-153748 -0.00752478 -0.110725
-153687 -0.00737282 -0.1107
-153625 -0.00722076 -0.110675
-153564 -0.00706858 -0.11065
-153503 -0.00691629 -0.110625
-153442 -0.0067639 -0.1106
-153381 -0.0066114 -0.110575
-153320 -0.00645879 -0.11055
-153259 -0.00630607 -0.110525
-153198 -0.00615324 -0.1105
-153137 -0.0060003 -0.110475
-153076 -0.00584725 -0.11045
-153015 -0.00569409 -0.110425
-152954 -0.00554083 -0.1104
-152893 -0.00538745 -0.110375
-152832 -0.00523396 -0.11035
-152771 -0.00508036 -0.110324
-152710 -0.00492665 -0.110299
-152649 -0.00477283 -0.110274
-152588 -0.0046189 -0.110249
-152527 -0.00446486 -0.110224
-152466 -0.00431071 -0.110198
-152405 -0.00415645 -0.110173
-152344 -0.00400207 -0.110148
-152283 -0.00384759 -0.110122
-152222 -0.00369299 -0.110097
-152161 -0.00353828 -0.110072
-152100 -0.00338345 -0.110046
-152039 -0.00322852 -0.110021
-151978 -0.00307347 -0.109995
-151917 -0.00291831 -0.10997
-151855 -0.00276304 -0.109945
-151794 -0.00260765 -0.109919
-151733 -0.00245216 -0.109894
-151672 -0.00229654 -0.109868
-151611 -0.00214082 -0.109843
-151550 -0.00198498 -0.109817
-151489 -0.00182903 -0.109791
-151428 -0.00167296 -0.109766
-151367 -0.00151678 -0.10974
-151306 -0.00136048 -0.109715
-151245 -0.00120407 -0.109689
-151184 -0.00104755 -0.109663
-151123 -0.000890907 -0.109638
-151062 -0.000734152 -0.109612
-151001 -0.000577282 -0.109586
-150940 -0.000420297 -0.109561
-150879 -0.000263196 -0.109535
-150818 -0.000105979 -0.109509
-150757 5.13532e-05 -0.109483
-150696 0.000208802 -0.109457
-150635 0.000366367 -0.109432
-150574 0.000524048 -0.109406
-150513 0.000681846 -0.10938
-150452 0.00083976 -0.109354
-150391 0.000997792 -0.109328
-150330 0.00115594 -0.109302
-150269 0.00131421 -0.109276
-150208 0.00147259 -0.10925
-150146 0.00163109 -0.109224
-150085 0.00178971 -0.109198
-150024 0.00194845 -0.109172
-149963 0.0021073 -0.109146
-149902 0.00226628 -0.10912
-149841 0.00242537 -0.109094
-149780 0.00258458 -0.109068
-149719 0.00274391 -0.109042
-149658 0.00290336 -0.109016
-149597 0.00306292 -0.10899
-149536 0.00322261 -0.108963
-149475 0.00338242 -0.108937
-149414 0.00354235 -0.108911
-149353 0.00370239 -0.108885
-149292 0.00386256 -0.108858
-149231 0.00402285 -0.108832
-149170 0.00418326 -0.108806
-149109 0.00434378 -0.10878
-149048 0.00450443 -0.108753
-148987 0.00466521 -0.108727
-148926 0.0048261 -0.1087
-148865 0.00498711 -0.108674
-148804 0.00514825 -0.108648
-148743 0.0053095 -0.108621
-148682 0.00547088 -0.108595
-148621 0.00563238 -0.108568
-148560 0.00579401 -0.108542
-148499 0.00595575 -0.108515
-148438 0.00611762 -0.108489
-148376 0.00627961 -0.108462
-148315 0.00644173 -0.108436
-148254 0.00660397 -0.108409
-148193 0.00676633 -0.108382
-148132 0.00692882 -0.108356
-148071 0.00709142 -0.108329
-148010 0.00725416 -0.108302
-147949 0.00741702 -0.108276
-147888 0.00758 -0.108249
-147827 0.00774311 -0.108222
-147766 0.00790634 -0.108196
-147705 0.00806969 -0.108169
-147644 0.00823318 -0.108142
-147583 0.00839678 -0.108115
-147522 0.00856052 -0.108088
-147461 0.00872438 -0.108061
-147400 0.00888836 -0.108035
-147339 0.00905247 -0.108008
-147278 0.00921671 -0.107981
-147217 0.00938107 -0.107954
-147156 0.00954556 -0.107927
-147095 0.00971018 -0.1079
-147034 0.00987493 -0.107873
-146973 0.0100398 -0.107846
-146912 0.0102048 -0.107819
-146851 0.0103699 -0.107792
-146790 0.0105352 -0.107765
-146729 0.0107006 -0.107737
-146667 0.0108661 -0.10771
-146606 0.0110317 -0.107683
-146545 0.0111975 -0.107656
-146484 0.0113634 -0.107629
-146423 0.0115294 -0.107602
-146362 0.0116956 -0.107574
-146301 0.0118619 -0.107547
-146240 0.0120283 -0.10752
-146179 0.0121948 -0.107493
-146118 0.0123615 -0.107465
-146057 0.0125283 -0.107438
-145996 0.0126952 -0.10741
-145935 0.0128623 -0.107383
-145874 0.0130295 -0.107356
-145813 0.0131968 -0.107328
-145752 0.0133643 -0.107301
-145691 0.0135319 -0.107273
-145630 0.0136996 -0.107246
-145569 0.0138675 -0.107218
-145508 0.0140355 -0.107191
-145447 0.0142036 -0.107163
-145386 0.0143718 -0.107136
-145325 0.0145402 -0.107108
-145264 0.0147087 -0.10708
-145203 0.0148774 -0.107053
-145142 0.0150462 -0.107025
-145081 0.0152151 -0.106997
-145020 0.0153842 -0.10697
-144958 0.0155533 -0.106942
-144897 0.0157227 -0.106914
-144836 0.0158921 -0.106886
-144775 0.0160617 -0.106859
-144714 0.0162314 -0.106831
-144653 0.0164013 -0.106803
-144592 0.0165713 -0.106775
-144531 0.0167414 -0.106747
-144470 0.0169117 -0.106719
-144409 0.0170821 -0.106691
-144348 0.0172526 -0.106663
-144287 0.0174233 -0.106635
-144226 0.0175941 -0.106607
-144165 0.0177651 -0.106579
-144104 0.0179362 -0.106551
-144043 0.0181074 -0.106523
-143982 0.0182788 -0.106495
-143921 0.0184503 -0.106467
-143860 0.0186219 -0.106439
-143799 0.0187937 -0.106411
-143738 0.0189656 -0.106383
-143677 0.0191376 -0.106354
-143616 0.0193098 -0.106326
-143555 0.0194822 -0.106298
-143494 0.0196546 -0.10627
-143433 0.0198272 -0.106241
-143372 0.02 -0.106213
-143311 0.0201729 -0.106185
-143250 0.0203459 -0.106156
-143188 0.0205191 -0.106128
-143127 0.0206924 -0.1061
-143066 0.0208658 -0.106071
-143005 0.0210394 -0.106043
-142944 0.0212131 -0.106014
-142883 0.021387 -0.105986
-142822 0.021561 -0.105957
-142761 0.0217352 -0.105929
-142700 0.0219095 -0.1059
-142639 0.0220839 -0.105871
-142578 0.0222585 -0.105843
-142517 0.0224332 -0.105814
-142456 0.0226081 -0.105785
-142395 0.0227831 -0.105757
-142334 0.0229583 -0.105728
-142273 0.0231336 -0.105699
-142212 0.023309 -0.105671
-142151 0.0234846 -0.105642
-142090 0.0236603 -0.105613
-142029 0.0238362 -0.105584
-141968 0.0240122 -0.105555
-141907 0.0241884 -0.105526
-141846 0.0243647 -0.105498
-141785 0.0245412 -0.105469
-141724 0.0247178 -0.10544
-141663 0.0248945 -0.105411
-141602 0.0250714 -0.105382
-141541 0.0252485 -0.105353
-141479 0.0254256 -0.105324
-141418 0.025603 -0.105295
-141357 0.0257805 -0.105265
-141296 0.0259581 -0.105236
-141235 0.0261359 -0.105207
-141174 0.0263138 -0.105178
-141113 0.0264919 -0.105149
-141052 0.0266701 -0.10512
-140991 0.0268485 -0.10509
-140930 0.027027 -0.105061
-140869 0.0272056 -0.105032
-140808 0.0273845 -0.105002
-140747 0.0275634 -0.104973
-140686 0.0277425 -0.104944
-140625 0.0279218 -0.104914
-140564 0.0281012 -0.104885
-140503 0.0282808 -0.104856
-140442 0.0284605 -0.104826
-140381 0.0286404 -0.104797
-140320 0.0288204 -0.104767
-140259 0.0290006 -0.104738
-140198 0.0291809 -0.104708
-140137 0.0293614 -0.104678
-140076 0.029542 -0.104649
-140015 0.0297228 -0.104619
-139954 0.0299037 -0.10459
-139893 0.0300848 -0.10456
-139832 0.030266 -0.10453
-139771 0.0304474 -0.1045
-139709 0.030629 -0.104471
-139648 0.0308107 -0.104441
-139587 0.0309925 -0.104411
-139526 0.0311745 -0.104381
-139465 0.0313567 -0.104351
-139404 0.031539 -0.104321
-139343 0.0317215 -0.104292
-139282 0.0319041 -0.104262
-139221 0.0320869 -0.104232
-139160 0.0322698 -0.104202
-139099 0.0324529 -0.104172
-139038 0.0326362 -0.104142
-138977 0.0328196 -0.104112
-138916 0.0330032 -0.104081
-138855 0.0331869 -0.104051
-138794 0.0333708 -0.104021
-138733 0.0335548 -0.103991
-138672 0.033739 -0.103961
-138611 0.0339233 -0.103931
-138550 0.0341079 -0.1039
-138489 0.0342925 -0.10387
-138428 0.0344774 -0.10384
-138367 0.0346623 -0.103809
-138306 0.0348475 -0.103779
-138245 0.0350328 -0.103749
-138184 0.0352183 -0.103718
-138123 0.0354039 -0.103688
-138062 0.0355897 -0.103657
-138000 0.0357756 -0.103627
-137939 0.0359618 -0.103596
-137878 0.036148 -0.103566
-137817 0.0363345 -0.103535
-137756 0.0365211 -0.103505
-137695 0.0367078 -0.103474
-137634 0.0368947 -0.103443
-137573 0.0370818 -0.103413
-137512 0.0372691 -0.103382
-137451 0.0374565 -0.103351
-137390 0.0376441 -0.103321
-137329 0.0378318 -0.10329
-137268 0.0380197 -0.103259
-137207 0.0382078 -0.103228
-137146 0.038396 -0.103197
-137085 0.0385844 -0.103166
-137024 0.038773 -0.103136
-136963 0.0389617 -0.103105
-136902 0.0391506 -0.103074
-136841 0.0393396 -0.103043
-136780 0.0395289 -0.103012
-136719 0.0397182 -0.102981
-136658 0.0399078 -0.10295
-136597 0.0400975 -0.102918
-136536 0.0402874 -0.102887
-136475 0.0404775 -0.102856
-136414 0.0406677 -0.102825
-136353 0.0408581 -0.102794
-136292 0.0410487 -0.102763
-136230 0.0412394 -0.102731
-136169 0.0414303 -0.1027
-136108 0.0416214 -0.102669
-136047 0.0418126 -0.102637
-135986 0.042004 -0.102606
-135925 0.0421956 -0.102575
-135864 0.0423873 -0.102543
-135803 0.0425793 -0.102512
-135742 0.0427714 -0.10248
-135681 0.0429636 -0.102449
-135620 0.0431561 -0.102417
-135559 0.0433487 -0.102385
-135498 0.0435414 -0.102354
-135437 0.0437344 -0.102322
-135376 0.0439275 -0.102291
-135315 0.0441208 -0.102259
-135254 0.0443143 -0.102227
-135193 0.0445079 -0.102195
-135132 0.0447017 -0.102164
-135071 0.0448957 -0.102132
-135010 0.0450899 -0.1021
-134949 0.0452842 -0.102068
-134888 0.0454788 -0.102036
-134827 0.0456734 -0.102004
-134766 0.0458683 -0.101972
-134705 0.0460634 -0.10194
-134644 0.0462586 -0.101908
-134583 0.046454 -0.101876
-134521 0.0466495 -0.101844
-134460 0.0468453 -0.101812
-134399 0.0470412 -0.10178
-134338 0.0472373 -0.101748
-134277 0.0474336 -0.101716
-134216 0.0476301 -0.101684
-134155 0.0478267 -0.101651
-134094 0.0480235 -0.101619
-134033 0.0482205 -0.101587
-133972 0.0484177 -0.101555
-133911 0.0486151 -0.101522
-133850 0.0488126 -0.10149
-133789 0.0490103 -0.101457
-133728 0.0492082 -0.101425
-133667 0.0494063 -0.101392
-133606 0.0496045 -0.10136
-133545 0.049803 -0.101327
-133484 0.0500016 -0.101295
-133423 0.0502004 -0.101262
-133362 0.0503994 -0.10123
-133301 0.0505986 -0.101197
-133240 0.0507979 -0.101164
-133179 0.0509975 -0.101132
-133118 0.0511972 -0.101099
-133057 0.0513971 -0.101066
-132996 0.0515972 -0.101033
-132935 0.0517975 -0.101
-132874 0.0519979 -0.100968
-132812 0.0521986 -0.100935
-132751 0.0523994 -0.100902
-132690 0.0526004 -0.100869
-132629 0.0528016 -0.100836
-132568 0.053003 -0.100803
-132507 0.0532046 -0.10077
-132446 0.0534063 -0.100737
-132385 0.0536083 -0.100704
-132324 0.0538104 -0.100671
-132263 0.0540128 -0.100637
-132202 0.0542153 -0.100604
-132141 0.054418 -0.100571
-132080 0.0546209 -0.100538
-132019 0.054824 -0.100504
-131958 0.0550272 -0.100471
-131897 0.0552307 -0.100438
-131836 0.0554344 -0.100404
-131775 0.0556382 -0.100371
-131714 0.0558422 -0.100337
-131653 0.0560465 -0.100304
-131592 0.0562509 -0.10027
-131531 0.0564555 -0.100237
-131470 0.0566603 -0.100203
-131409 0.0568653 -0.10017
-131348 0.0570705 -0.100136
-131287 0.0572759 -0.100102
-131226 0.0574815 -0.100069
-131165 0.0576872 -0.100035
-131104 0.0578932 -0.100001
-131042 0.0580994 -0.0999674
-130981 0.0583057 -0.0999336
-130920 0.0585123 -0.0998997
-130859 0.058719 -0.0998658
-130798 0.058926 -0.0998319
-130737 0.0591331 -0.099798
-130676 0.0593404 -0.099764
-130615 0.059548 -0.09973
-130554 0.0597557 -0.0996959
-130493 0.0599636 -0.0996618
-130432 0.0601718 -0.0996277
-130371 0.0603801 -0.0995935
-130310 0.0605886 -0.0995594
-130249 0.0607973 -0.0995251
-130188 0.0610063 -0.0994909
-130127 0.0612154 -0.0994566
-130066 0.0614247 -0.0994223
-130005 0.0616342 -0.099388
-129944 0.061844 -0.0993536
-129883 0.0620539 -0.0993192
-129822 0.062264 -0.0992847
-129761 0.0624744 -0.0992502
-129700 0.0626849 -0.0992157
-129639 0.0628956 -0.0991812
-129578 0.0631066 -0.0991466
-129517 0.0633177 -0.099112
-129456 0.0635291 -0.0990773
-129395 0.0637406 -0.0990427
-129333 0.0639524 -0.0990079
-129272 0.0641643 -0.0989732
-129211 0.0643765 -0.0989384
-129150 0.0645889 -0.0989036
-129089 0.0648015 -0.0988688
-129028 0.0650142 -0.0988339
-128967 0.0652272 -0.098799
-128906 0.0654404 -0.098764
-128845 0.0656538 -0.098729
-128784 0.0658675 -0.098694
-128723 0.0660813 -0.098659
-128662 0.0662953 -0.0986239
-128601 0.0665096 -0.0985887
-128540 0.066724 -0.0985536
-128479 0.0669387 -0.0985184
-128418 0.0671535 -0.0984832
-128357 0.0673686 -0.0984479
-128296 0.0675839 -0.0984126
-128235 0.0677994 -0.0983773
-128174 0.0680151 -0.0983419
-128113 0.068231 -0.0983065
-128052 0.0684472 -0.0982711
-127991 0.0686635 -0.0982356
-127930 0.0688801 -0.0982001
-127869 0.0690969 -0.0981646
-127808 0.0693139 -0.098129
-127747 0.0695311 -0.0980934
-127686 0.0697485 -0.0980578
-127625 0.0699661 -0.0980221
-127563 0.070184 -0.0979864
-127502 0.070402 -0.0979507
-127441 0.0706203 -0.0979149
-127380 0.0708388 -0.0978791
-127319 0.0710575 -0.0978432
-127258 0.0712765 -0.0978073
-127197 0.0714956 -0.0977714
-127136 0.071715 -0.0977354
-127075 0.0719346 -0.0976994
-127014 0.0721544 -0.0976634
-126953 0.0723744 -0.0976273
-126892 0.0725946 -0.0975912
-126831 0.0728151 -0.0975551
-126770 0.0730358 -0.0975189
-126709 0.0732567 -0.0974827
-126648 0.0734778 -0.0974464
-126587 0.0736992 -0.0974102
-126526 0.0739207 -0.0973738
-126465 0.0741425 -0.0973375
-126404 0.0743645 -0.0973011
-126343 0.0745868 -0.0972647
-126282 0.0748092 -0.0972282
-126221 0.0750319 -0.0971917
-126160 0.0752548 -0.0971551
-126099 0.075478 -0.0971186
-126038 0.0757013 -0.0970819
-125977 0.0759249 -0.0970453
-125916 0.0761487 -0.0970086
-125854 0.0763728 -0.0969719
-125793 0.076597 -0.0969351
-125732 0.0768215 -0.0968983
-125671 0.0770462 -0.0968615
-125610 0.0772712 -0.0968246
-125549 0.0774964 -0.0967877
-125488 0.0777218 -0.0967507
-125427 0.0779474 -0.0967137
-125366 0.0781733 -0.0966767
-125305 0.0783993 -0.0966397
-125244 0.0786257 -0.0966026
-125183 0.0788522 -0.0965654
-125122 0.079079 -0.0965282
-125061 0.079306 -0.096491
-125000 0.0795333 -0.0964538
-124939 0.0797608 -0.0964165
-124878 0.0799885 -0.0963792
-124817 0.0802164 -0.0963418
-124756 0.0804446 -0.0963044
-124695 0.080673 -0.0962669
-124634 0.0809017 -0.0962295
-124573 0.0811306 -0.0961919
-124512 0.0813597 -0.0961544
-124451 0.0815891 -0.0961168
-124390 0.0818187 -0.0960791
-124329 0.0820485 -0.0960415
-124268 0.0822786 -0.0960037
-124207 0.0825089 -0.095966
-124146 0.0827394 -0.0959282
-124084 0.0829702 -0.0958904
-124023 0.0832012 -0.0958525
-123962 0.0834325 -0.0958146
-123901 0.083664 -0.0957766
-123840 0.0838958 -0.0957386
-123779 0.0841277 -0.0957006
-123718 0.08436 -0.0956625
-123657 0.0845924 -0.0956244
-123596 0.0848252 -0.0955863
-123535 0.0850581 -0.0955481
-123474 0.0852913 -0.0955099
-123413 0.0855247 -0.0954716
-123352 0.0857584 -0.0954333
-123291 0.0859924 -0.0953949
-123230 0.0862265 -0.0953566
-123169 0.086461 -0.0953181
-123108 0.0866956 -0.0952797
-123047 0.0869305 -0.0952411
-122986 0.0871657 -0.0952026
-122925 0.0874011 -0.095164
-122864 0.0876368 -0.0951254
-122803 0.0878727 -0.0950867
-122742 0.0881088 -0.095048
-122681 0.0883452 -0.0950092
-122620 0.0885819 -0.0949704
-122559 0.0888188 -0.0949316
-122498 0.0890559 -0.0948927
-122437 0.0892933 -0.0948538
-122375 0.089531 -0.0948149
-122314 0.0897689 -0.0947759
-122253 0.090007 -0.0947368
-122192 0.0902454 -0.0946977
-122131 0.0904841 -0.0946586
-122070 0.090723 -0.0946194
-122009 0.0909622 -0.0945802
-121948 0.0912016 -0.094541
-121887 0.0914413 -0.0945017
-121826 0.0916812 -0.0944624
-121765 0.0919214 -0.094423
-121704 0.0921619 -0.0943836
-121643 0.0924026 -0.0943441
-121582 0.0926435 -0.0943046
-121521 0.0928848 -0.0942651
-121460 0.0931262 -0.0942255
-121399 0.093368 -0.0941859
-121338 0.09361 -0.0941462
-121277 0.0938522 -0.0941065
-121216 0.0940948 -0.0940667
-121155 0.0943375 -0.0940269
-121094 0.0945806 -0.0939871
-121033 0.0948239 -0.0939472
-120972 0.0950674 -0.0939073
-120911 0.0953113 -0.0938673
-120850 0.0955554 -0.0938273
-120789 0.0957997 -0.0937872
-120728 0.0960444 -0.0937471
-120667 0.0962892 -0.093707
-120605 0.0965344 -0.0936668
-120544 0.0967798 -0.0936266
-120483 0.0970255 -0.0935863
-120422 0.0972714 -0.093546
-120361 0.0975177 -0.0935056
-120300 0.0977642 -0.0934652
-120239 0.0980109 -0.0934247
-120178 0.0982579 -0.0933843
-120117 0.0985052 -0.0933437
-120056 0.0987528 -0.0933031
-119995 0.0990006 -0.0932625
-119934 0.0992487 -0.0932218
-119873 0.0994971 -0.0931811
-119812 0.0997458 -0.0931404
-119751 0.0999947 -0.0930995
-119690 0.100244 -0.0930587
-119629 0.100493 -0.0930178
-119568 0.100743 -0.0929769
-119507 0.100993 -0.0929359
-119446 0.101243 -0.0928948
-119385 0.101494 -0.0928538
-119324 0.101745 -0.0928126
-119263 0.101996 -0.0927715
-119202 0.102247 -0.0927303
-119141 0.102499 -0.092689
-119080 0.102751 -0.0926477
-119019 0.103003 -0.0926064
-118958 0.103256 -0.092565
-118896 0.103509 -0.0925235
-118835 0.103762 -0.092482
-118774 0.104015 -0.0924405
-118713 0.104269 -0.0923989
-118652 0.104523 -0.0923573
-118591 0.104777 -0.0923156
-118530 0.105031 -0.0922739
-118469 0.105286 -0.0922321
-118408 0.105541 -0.0921903
-118347 0.105796 -0.0921485
-118286 0.106052 -0.0921066
-118225 0.106308 -0.0920646
-118164 0.106564 -0.0920226
-118103 0.106821 -0.0919806
-118042 0.107077 -0.0919385
-117981 0.107334 -0.0918963
-117920 0.107592 -0.0918542
-117859 0.107849 -0.0918119
-117798 0.108107 -0.0917696
-117737 0.108366 -0.0917273
-117676 0.108624 -0.0916849
-117615 0.108883 -0.0916425
-117554 0.109142 -0.0916
-117493 0.109401 -0.0915575
-117432 0.109661 -0.0915149
-117371 0.109921 -0.0914723
-117310 0.110181 -0.0914297
-117249 0.110442 -0.0913869
-117188 0.110703 -0.0913442
-117126 0.110964 -0.0913014
-117065 0.111225 -0.0912585
-117004 0.111487 -0.0912156
-116943 0.111749 -0.0911726
-116882 0.112012 -0.0911296
-116821 0.112274 -0.0910866
-116760 0.112537 -0.0910435
-116699 0.1128 -0.0910003
-116638 0.113064 -0.0909571
-116577 0.113328 -0.0909139
-116516 0.113592 -0.0908706
-116455 0.113856 -0.0908272
-116394 0.114121 -0.0907838
-116333 0.114386 -0.0907403
-116272 0.114652 -0.0906968
-116211 0.114917 -0.0906533
-116150 0.115183 -0.0906097
-116089 0.11545 -0.090566
-116028 0.115716 -0.0905223
-115967 0.115983 -0.0904786
-115906 0.11625 -0.0904348
-115845 0.116518 -0.0903909
-115784 0.116786 -0.090347
-115723 0.117054 -0.0903031
-115662 0.117322 -0.0902591
-115601 0.117591 -0.090215
-115540 0.11786 -0.0901709
-115479 0.118129 -0.0901267
-115417 0.118399 -0.0900825
-115356 0.118669 -0.0900383
-115295 0.118939 -0.0899939
-115234 0.11921 -0.0899496
-115173 0.119481 -0.0899052
-115112 0.119752 -0.0898607
-115051 0.120024 -0.0898162
-114990 0.120296 -0.0897716
-114929 0.120568 -0.089727
-114868 0.120841 -0.0896823
-114807 0.121114 -0.0896376
-114746 0.121387 -0.0895928
-114685 0.12166 -0.0895479
-114624 0.121934 -0.089503
-114563 0.122208 -0.0894581
-114502 0.122483 -0.0894131
-114441 0.122757 -0.0893681
-114380 0.123033 -0.089323
-114319 0.123308 -0.0892778
-114258 0.123584 -0.0892326
-114197 0.12386 -0.0891873
-114136 0.124136 -0.089142
-114075 0.124413 -0.0890967
-114014 0.12469 -0.0890512
-113953 0.124968 -0.0890058
-113892 0.125245 -0.0889602
-113831 0.125523 -0.0889146
-113770 0.125802 -0.088869
-113708 0.126081 -0.0888233
-113647 0.12636 -0.0887776
-113586 0.126639 -0.0887318
-113525 0.126919 -0.0886859
-113464 0.127199 -0.08864
-113403 0.127479 -0.088594
-113342 0.12776 -0.088548
-113281 0.128041 -0.0885019
-113220 0.128322 -0.0884558
-113159 0.128604 -0.0884096
-113098 0.128886 -0.0883634
-113037 0.129169 -0.0883171
-112976 0.129451 -0.0882707
-112915 0.129735 -0.0882243
-112854 0.130018 -0.0881779
-112793 0.130302 -0.0881313
-112732 0.130586 -0.0880848
-112671 0.13087 -0.0880381
-112610 0.131155 -0.0879914
-112549 0.13144 -0.0879447
-112488 0.131726 -0.0878979
-112427 0.132012 -0.087851
-112366 0.132298 -0.0878041
-112305 0.132584 -0.0877571
-112244 0.132871 -0.0877101
-112183 0.133159 -0.087663
-112122 0.133446 -0.0876159
-112061 0.133734 -0.0875687
-112000 0.134022 -0.0875214
-111938 0.134311 -0.0874741
-111877 0.1346 -0.0874267
-111816 0.134889 -0.0873793
-111755 0.135179 -0.0873318
-111694 0.135469 -0.0872842
-111633 0.13576 -0.0872366
-111572 0.13605 -0.087189
-111511 0.136341 -0.0871413
-111450 0.136633 -0.0870935
-111389 0.136925 -0.0870456
-111328 0.137217 -0.0869977
-111267 0.13751 -0.0869498
-111206 0.137802 -0.0869017
-111145 0.138096 -0.0868537
-111084 0.138389 -0.0868055
-111023 0.138683 -0.0867573
-110962 0.138978 -0.0867091
-110901 0.139272 -0.0866608
-110840 0.139568 -0.0866124
-110779 0.139863 -0.086564
-110718 0.140159 -0.0865155
-110657 0.140455 -0.0864669
-110596 0.140752 -0.0864183
-110535 0.141049 -0.0863696
-110474 0.141346 -0.0863209
-110413 0.141644 -0.0862721
-110352 0.141942 -0.0862232
-110291 0.14224 -0.0861743
-110229 0.142539 -0.0861253
-110168 0.142838 -0.0860763
-110107 0.143138 -0.0860272
-110046 0.143437 -0.085978
-109985 0.143738 -0.0859288
-109924 0.144038 -0.0858795
-109863 0.14434 -0.0858301
-109802 0.144641 -0.0857807
-109741 0.144943 -0.0857312
-109680 0.145245 -0.0856817
-109619 0.145548 -0.0856321
-109558 0.14585 -0.0855824
-109497 0.146154 -0.0855327
-109436 0.146458 -0.0854829
-109375 0.146762 -0.0854331
-109314 0.147066 -0.0853832
-109253 0.147371 -0.0853332
-109192 0.147676 -0.0852831
-109131 0.147982 -0.085233
-109070 0.148288 -0.0851829
-109009 0.148594 -0.0851326
-108948 0.148901 -0.0850823
-108887 0.149208 -0.085032
-108826 0.149516 -0.0849816
-108765 0.149824 -0.0849311
-108704 0.150132 -0.0848805
-108643 0.150441 -0.0848299
-108582 0.15075 -0.0847792
-108521 0.15106 -0.0847285
-108459 0.15137 -0.0846777
-108398 0.15168 -0.0846268
-108337 0.151991 -0.0845758
-108276 0.152302 -0.0845248
-108215 0.152614 -0.0844738
-108154 0.152926 -0.0844226
-108093 0.153238 -0.0843714
-108032 0.153551 -0.0843201
-107971 0.153864 -0.0842688
-107910 0.154177 -0.0842174
-107849 0.154491 -0.0841659
-107788 0.154806 -0.0841144
-107727 0.155121 -0.0840628
-107666 0.155436 -0.0840111
-107605 0.155751 -0.0839594
-107544 0.156067 -0.0839076
-107483 0.156384 -0.0838557
-107422 0.156701 -0.0838038
-107361 0.157018 -0.0837518
-107300 0.157336 -0.0836997
-107239 0.157654 -0.0836475
-107178 0.157972 -0.0835953
-107117 0.158291 -0.0835431
-107056 0.15861 -0.0834907
-106995 0.15893 -0.0834383
-106934 0.15925 -0.0833858
-106873 0.159571 -0.0833333
-106812 0.159892 -0.0832806
-106750 0.160213 -0.0832279
-106689 0.160535 -0.0831752
-106628 0.160857 -0.0831224
-106567 0.16118 -0.0830695
-106506 0.161503 -0.0830165
-106445 0.161827 -0.0829634
-106384 0.162151 -0.0829103
-106323 0.162475 -0.0828572
-106262 0.1628 -0.0828039
-106201 0.163125 -0.0827506
-106140 0.163451 -0.0826972
-106079 0.163777 -0.0826437
-106018 0.164104 -0.0825902
-105957 0.164431 -0.0825366
-105896 0.164758 -0.0824829
-105835 0.165086 -0.0824292
-105774 0.165414 -0.0823754
-105713 0.165743 -0.0823215
-105652 0.166072 -0.0822675
-105591 0.166402 -0.0822135
-105530 0.166732 -0.0821594
-105469 0.167062 -0.0821052
-105408 0.167393 -0.0820509
-105347 0.167725 -0.0819966
-105286 0.168056 -0.0819422
-105225 0.168389 -0.0818878
-105164 0.168721 -0.0818332
-105103 0.169055 -0.0817786
-105042 0.169388 -0.0817239
-104980 0.169722 -0.0816691
-104919 0.170057 -0.0816143
-104858 0.170392 -0.0815594
-104797 0.170727 -0.0815044
-104736 0.171063 -0.0814494
-104675 0.171399 -0.0813942
-104614 0.171736 -0.081339
-104553 0.172073 -0.0812837
-104492 0.172411 -0.0812284
-104431 0.172749 -0.0811729
-104370 0.173088 -0.0811174
-104309 0.173427 -0.0810618
-104248 0.173766 -0.0810062
-104187 0.174106 -0.0809504
-104126 0.174447 -0.0808946
-104065 0.174788 -0.0808387
-104004 0.175129 -0.0807828
-103943 0.175471 -0.0807267
-103882 0.175813 -0.0806706
-103821 0.176156 -0.0806144
-103760 0.1765 -0.0805582
-103699 0.176843 -0.0805018
-103638 0.177188 -0.0804454
-103577 0.177532 -0.0803889
-103516 0.177877 -0.0803323
-103455 0.178223 -0.0802756
-103394 0.178569 -0.0802189
-103333 0.178916 -0.0801621
-103271 0.179263 -0.0801052
-103210 0.17961 -0.0800482
-103149 0.179958 -0.0799912
-103088 0.180307 -0.079934
-103027 0.180656 -0.0798768
-102966 0.181005 -0.0798195
-102905 0.181355 -0.0797622
-102844 0.181706 -0.0797047
-102783 0.182057 -0.0796472
-102722 0.182408 -0.0795896
-102661 0.18276 -0.0795319
-102600 0.183112 -0.0794741
-102539 0.183465 -0.0794162
-102478 0.183819 -0.0793583
-102417 0.184173 -0.0793003
-102356 0.184527 -0.0792422
-102295 0.184882 -0.079184
-102234 0.185237 -0.0791258
-102173 0.185593 -0.0790674
-102112 0.18595 -0.079009
-102051 0.186306 -0.0789505
-101990 0.186664 -0.0788919
-101929 0.187022 -0.0788333
-101868 0.18738 -0.0787745
-101807 0.187739 -0.0787157
-101746 0.188098 -0.0786568
-101685 0.188458 -0.0785978
-101624 0.188819 -0.0785387
-101562 0.18918 -0.0784795
-101501 0.189541 -0.0784202
-101440 0.189903 -0.0783609
-101379 0.190266 -0.0783015
-101318 0.190629 -0.078242
-101257 0.190992 -0.0781824
-101196 0.191356 -0.0781227
-101135 0.191721 -0.078063
-101074 0.192086 -0.0780031
-101013 0.192451 -0.0779432
-100952 0.192817 -0.0778832
-100891 0.193184 -0.0778231
-100830 0.193551 -0.0777629
-100769 0.193919 -0.0777026
-100708 0.194287 -0.0776422
-100647 0.194656 -0.0775818
-100586 0.195025 -0.0775213
-100525 0.195395 -0.0774606
-100464 0.195765 -0.0773999
-100403 0.196136 -0.0773391
-100342 0.196508 -0.0772782
-100281 0.19688 -0.0772173
-100220 0.197252 -0.0771562
-100159 0.197625 -0.0770951
-100098 0.197999 -0.0770338
-100037 0.198373 -0.0769725
-99975.6 0.198747 -0.0769111
-99914.6 0.199123 -0.0768496
-99853.5 0.199498 -0.076788
-99792.5 0.199875 -0.0767263
-99731.4 0.200252 -0.0766645
-99670.4 0.200629 -0.0766026
-99609.4 0.201007 -0.0765407
-99548.3 0.201385 -0.0764786
-99487.3 0.201764 -0.0764165
-99426.3 0.202144 -0.0763543
-99365.2 0.202524 -0.076292
-99304.2 0.202905 -0.0762296
-99243.2 0.203286 -0.0761671
-99182.1 0.203668 -0.0761045
-99121.1 0.20405 -0.0760418
-99060.1 0.204433 -0.075979
-98999 0.204817 -0.0759161
-98938 0.205201 -0.0758532
-98877 0.205586 -0.0757901
-98815.9 0.205971 -0.075727
-98754.9 0.206357 -0.0756637
-98693.8 0.206743 -0.0756004
-98632.8 0.20713 -0.075537
-98571.8 0.207517 -0.0754734
-98510.7 0.207905 -0.0754098
-98449.7 0.208294 -0.0753461
-98388.7 0.208683 -0.0752823
-98327.6 0.209073 -0.0752184
-98266.6 0.209464 -0.0751544
-98205.6 0.209855 -0.0750903
-98144.5 0.210246 -0.0750261
-98083.5 0.210638 -0.0749618
-98022.5 0.211031 -0.0748974
-97961.4 0.211424 -0.074833
-97900.4 0.211818 -0.0747684
-97839.4 0.212213 -0.0747037
-97778.3 0.212608 -0.074639
-97717.3 0.213004 -0.0745741
-97656.2 0.2134 -0.0745091
-97595.2 0.213797 -0.0744441
-97534.2 0.214194 -0.0743789
-97473.1 0.214592 -0.0743136
-97412.1 0.214991 -0.0742483
-97351.1 0.21539 -0.0741828
-97290 0.21579 -0.0741173
-97229 0.216191 -0.0740516
-97168 0.216592 -0.0739859
-97106.9 0.216993 -0.07392
-97045.9 0.217396 -0.0738541
-96984.9 0.217799 -0.073788
-96923.8 0.218202 -0.0737219
-96862.8 0.218606 -0.0736556
-96801.8 0.219011 -0.0735893
-96740.7 0.219417 -0.0735228
-96679.7 0.219823 -0.0734562
-96618.7 0.220229 -0.0733896
-96557.6 0.220636 -0.0733228
-96496.6 0.221044 -0.073256
-96435.5 0.221453 -0.073189
-96374.5 0.221862 -0.0731219
-96313.5 0.222272 -0.0730547
-96252.4 0.222682 -0.0729875
-96191.4 0.223093 -0.0729201
-96130.4 0.223505 -0.0728526
-96069.3 0.223917 -0.072785
-96008.3 0.22433 -0.0727173
-95947.3 0.224744 -0.0726495
-95886.2 0.225158 -0.0725816
-95825.2 0.225573 -0.0725136
-95764.2 0.225988 -0.0724455
-95703.1 0.226404 -0.0723773
-95642.1 0.226821 -0.072309
-95581.1 0.227239 -0.0722406
-95520 0.227657 -0.072172
-95459 0.228075 -0.0721034
-95397.9 0.228495 -0.0720346
-95336.9 0.228915 -0.0719658
-95275.9 0.229335 -0.0718968
-95214.8 0.229757 -0.0718277
-95153.8 0.230179 -0.0717586
-95092.8 0.230601 -0.0716893
-95031.7 0.231025 -0.0716199
-94970.7 0.231449 -0.0715504
-94909.7 0.231873 -0.0714807
-94848.6 0.232299 -0.071411
-94787.6 0.232725 -0.0713412
-94726.6 0.233151 -0.0712712
-94665.5 0.233579 -0.0712012
-94604.5 0.234007 -0.071131
-94543.5 0.234436 -0.0710607
-94482.4 0.234865 -0.0709904
-94421.4 0.235295 -0.0709199
-94360.4 0.235726 -0.0708492
-94299.3 0.236157 -0.0707785
-94238.3 0.236589 -0.0707077
-94177.2 0.237022 -0.0706367
-94116.2 0.237456 -0.0705657
-94055.2 0.23789 -0.0704945
-93994.1 0.238325 -0.0704232
-93933.1 0.23876 -0.0703518
-93872.1 0.239196 -0.0702803
-93811 0.239633 -0.0702087
-93750 0.240071 -0.0701369
-93689 0.240509 -0.0700651
-93627.9 0.240948 -0.0699931
-93566.9 0.241388 -0.069921
-93505.9 0.241829 -0.0698488
-93444.8 0.24227 -0.0697765
-93383.8 0.242712 -0.0697041
-93322.8 0.243154 -0.0696315
-93261.7 0.243598 -0.0695588
-93200.7 0.244042 -0.069486
-93139.6 0.244486 -0.0694131
-93078.6 0.244932 -0.0693401
-93017.6 0.245378 -0.069267
-92956.5 0.245825 -0.0691937
-92895.5 0.246272 -0.0691203
-92834.5 0.246721 -0.0690468
-92773.4 0.24717 -0.0689732
-92712.4 0.24762 -0.0688995
-92651.4 0.24807 -0.0688256
-92590.3 0.248522 -0.0687516
-92529.3 0.248974 -0.0686775
-92468.3 0.249426 -0.0686033
-92407.2 0.24988 -0.068529
-92346.2 0.250334 -0.0684545
-92285.2 0.250789 -0.0683799
-92224.1 0.251245 -0.0683052
-92163.1 0.251701 -0.0682304
-92102.1 0.252159 -0.0681554
-92041 0.252617 -0.0680803
-91980 0.253075 -0.0680051
-91918.9 0.253535 -0.0679298
-91857.9 0.253995 -0.0678544
-91796.9 0.254456 -0.0677788
-91735.8 0.254918 -0.0677031
-91674.8 0.25538 -0.0676273
-91613.8 0.255844 -0.0675513
-91552.7 0.256308 -0.0674752
-91491.7 0.256773 -0.067399
-91430.7 0.257238 -0.0673227
-91369.6 0.257705 -0.0672462
-91308.6 0.258172 -0.0671697
-91247.6 0.25864 -0.067093
-91186.5 0.259109 -0.0670161
-91125.5 0.259578 -0.0669391
-91064.5 0.260048 -0.066862
-91003.4 0.260519 -0.0667848
-90942.4 0.260991 -0.0667075
-90881.3 0.261464 -0.06663
-90820.3 0.261937 -0.0665524
-90759.3 0.262412 -0.0664746
-90698.2 0.262887 -0.0663967
-90637.2 0.263363 -0.0663187
-90576.2 0.263839 -0.0662406
-90515.1 0.264317 -0.0661623
-90454.1 0.264795 -0.0660839
-90393.1 0.265274 -0.0660054
-90332 0.265754 -0.0659267
-90271 0.266235 -0.0658479
-90210 0.266716 -0.065769
-90148.9 0.267199 -0.0656899
-90087.9 0.267682 -0.0656107
-90026.9 0.268166 -0.0655314
-89965.8 0.268651 -0.0654519
-89904.8 0.269136 -0.0653723
-89843.8 0.269623 -0.0652925
-89782.7 0.27011 -0.0652127
-89721.7 0.270598 -0.0651326
-89660.6 0.271087 -0.0650525
-89599.6 0.271577 -0.0649722
-89538.6 0.272067 -0.0648918
-89477.5 0.272559 -0.0648112
-89416.5 0.273051 -0.0647305
-89355.5 0.273544 -0.0646497
-89294.4 0.274038 -0.0645687
-89233.4 0.274533 -0.0644875
-89172.4 0.275029 -0.0644063
-89111.3 0.275526 -0.0643249
-89050.3 0.276023 -0.0642433
-88989.3 0.276521 -0.0641616
-88928.2 0.277021 -0.0640798
-88867.2 0.277521 -0.0639978
-88806.2 0.278021 -0.0639157
-88745.1 0.278523 -0.0638335
-88684.1 0.279026 -0.0637511
-88623 0.279529 -0.0636685
-88562 0.280034 -0.0635858
-88501 0.280539 -0.063503
-88439.9 0.281045 -0.06342
-88378.9 0.281552 -0.0633369
-88317.9 0.28206 -0.0632537
-88256.8 0.282569 -0.0631702
-88195.8 0.283079 -0.0630867
-88134.8 0.283589 -0.063003
-88073.7 0.284101 -0.0629191
-88012.7 0.284613 -0.0628351
-87951.7 0.285127 -0.062751
-87890.6 0.285641 -0.0626667
-87829.6 0.286156 -0.0625822
-87768.6 0.286672 -0.0624976
-87707.5 0.287189 -0.0624129
-87646.5 0.287707 -0.062328
-87585.4 0.288226 -0.062243
-87524.4 0.288745 -0.0621578
-87463.4 0.289266 -0.0620724
-87402.3 0.289788 -0.0619869
-87341.3 0.29031 -0.0619013
-87280.3 0.290834 -0.0618155
-87219.2 0.291358 -0.0617295
-87158.2 0.291883 -0.0616434
-87097.2 0.292409 -0.0615571
-87036.1 0.292937 -0.0614707
-86975.1 0.293465 -0.0613841
-86914.1 0.293994 -0.0612974
-86853 0.294524 -0.0612105
-86792 0.295055 -0.0611235
-86731 0.295587 -0.0610363
-86669.9 0.29612 -0.0609489
-86608.9 0.296653 -0.0608614
-86547.9 0.297188 -0.0607737
-86486.8 0.297724 -0.0606859
-86425.8 0.298261 -0.0605979
-86364.7 0.298799 -0.0605098
-86303.7 0.299337 -0.0604214
-86242.7 0.299877 -0.060333
-86181.6 0.300418 -0.0602443
-86120.6 0.300959 -0.0601556
-86059.6 0.301502 -0.0600666
-85998.5 0.302045 -0.0599775
-85937.5 0.30259 -0.0598882
-85876.5 0.303136 -0.0597988
-85815.4 0.303682 -0.0597092
-85754.4 0.30423 -0.0596194
-85693.4 0.304779 -0.0595295
-85632.3 0.305328 -0.0594394
-85571.3 0.305879 -0.0593491
-85510.3 0.30643 -0.0592587
-85449.2 0.306983 -0.0591681
-85388.2 0.307537 -0.0590773
-85327.1 0.308091 -0.0589864
-85266.1 0.308647 -0.0588953
-85205.1 0.309204 -0.058804
-85144 0.309762 -0.0587126
-85083 0.31032 -0.058621
-85022 0.31088 -0.0585292
-84960.9 0.311441 -0.0584373
-84899.9 0.312003 -0.0583451
-84838.9 0.312566 -0.0582529
-84777.8 0.31313 -0.0581604
-84716.8 0.313695 -0.0580678
-84655.8 0.314261 -0.057975
-84594.7 0.314828 -0.057882
-84533.7 0.315397 -0.0577888
-84472.7 0.315966 -0.0576955
-84411.6 0.316536 -0.057602
-84350.6 0.317108 -0.0575083
-84289.6 0.31768 -0.0574145
-84228.5 0.318254 -0.0573204
-84167.5 0.318829 -0.0572262
-84106.4 0.319404 -0.0571318
-84045.4 0.319981 -0.0570373
-83984.4 0.320559 -0.0569425
-83923.3 0.321138 -0.0568476
-83862.3 0.321718 -0.0567525
-83801.3 0.3223 -0.0566572
-83740.2 0.322882 -0.0565618
-83679.2 0.323465 -0.0564661
-83618.2 0.32405 -0.0563703
-83557.1 0.324636 -0.0562743
-83496.1 0.325222 -0.0561781
-83435.1 0.32581 -0.0560817
-83374 0.326399 -0.0559852
-83313 0.32699 -0.0558884
-83252 0.327581 -0.0557915
-83190.9 0.328173 -0.0556944
-83129.9 0.328767 -0.0555971
-83068.8 0.329362 -0.0554996
-83007.8 0.329957 -0.0554019
-82946.8 0.330554 -0.0553041
-82885.7 0.331152 -0.055206
-82824.7 0.331752 -0.0551078
-82763.7 0.332352 -0.0550093
-82702.6 0.332954 -0.0549107
-82641.6 0.333557 -0.0548119
-82580.6 0.334161 -0.0547129
-82519.5 0.334766 -0.0546137
-82458.5 0.335372 -0.0545143
-82397.5 0.335979 -0.0544147
-82336.4 0.336588 -0.0543149
-82275.4 0.337198 -0.054215
-82214.4 0.337809 -0.0541148
-82153.3 0.338421 -0.0540144
-82092.3 0.339035 -0.0539139
-82031.2 0.339649 -0.0538131
-81970.2 0.340265 -0.0537122
-81909.2 0.340882 -0.053611
-81848.1 0.3415 -0.0535097
-81787.1 0.34212 -0.0534081
-81726.1 0.342741 -0.0533064
-81665 0.343362 -0.0532044
-81604 0.343986 -0.0531023
-81543 0.34461 -0.0529999
-81481.9 0.345236 -0.0528974
-81420.9 0.345862 -0.0527946
-81359.9 0.346491 -0.0526916
-81298.8 0.34712 -0.0525885
-81237.8 0.34775 -0.0524851
-81176.8 0.348382 -0.0523815
-81115.7 0.349015 -0.0522777
-81054.7 0.34965 -0.0521737
-80993.7 0.350285 -0.0520695
-80932.6 0.350922 -0.0519651
-80871.6 0.351561 -0.0518605
-80810.5 0.3522 -0.0517557
-80749.5 0.352841 -0.0516507
-80688.5 0.353483 -0.0515454
-80627.4 0.354126 -0.05144
-80566.4 0.354771 -0.0513343
-80505.4 0.355417 -0.0512284
-80444.3 0.356064 -0.0511223
-80383.3 0.356712 -0.051016
-80322.3 0.357362 -0.0509095
-80261.2 0.358013 -0.0508027
-80200.2 0.358666 -0.0506958
-80139.2 0.35932 -0.0505886
-80078.1 0.359975 -0.0504812
-80017.1 0.360631 -0.0503736
-79956.1 0.361289 -0.0502657
-79895 0.361948 -0.0501577
-79834 0.362609 -0.0500494
-79772.9 0.36327 -0.0499409
-79711.9 0.363934 -0.0498322
-79650.9 0.364598 -0.0497233
-79589.8 0.365264 -0.0496141
-79528.8 0.365931 -0.0495047
-79467.8 0.3666 -0.0493951
-79406.7 0.36727 -0.0492853
-79345.7 0.367941 -0.0491752
-79284.7 0.368614 -0.0490649
-79223.6 0.369288 -0.0489544
-79162.6 0.369964 -0.0488437
-79101.6 0.370641 -0.0487327
-79040.5 0.371319 -0.0486215
-78979.5 0.371999 -0.0485101
-78918.5 0.37268 -0.0483984
-78857.4 0.373363 -0.0482865
-78796.4 0.374047 -0.0481744
-78735.4 0.374732 -0.048062
-78674.3 0.375419 -0.0479494
-78613.3 0.376108 -0.0478366
-78552.2 0.376797 -0.0477235
-78491.2 0.377488 -0.0476102
-78430.2 0.378181 -0.0474966
-78369.1 0.378875 -0.0473828
-78308.1 0.379571 -0.0472688
-78247.1 0.380268 -0.0471546
-78186 0.380966 -0.04704
-78125 0.381666 -0.0469253
-78064 0.382368 -0.0468103
-78002.9 0.383071 -0.0466951
-77941.9 0.383775 -0.0465796
-77880.9 0.384481 -0.0464639
-77819.8 0.385188 -0.0463479
-77758.8 0.385897 -0.0462317
-77697.8 0.386608 -0.0461152
-77636.7 0.38732 -0.0459985
-77575.7 0.388033 -0.0458816
-77514.6 0.388748 -0.0457644
-77453.6 0.389465 -0.0456469
-77392.6 0.390183 -0.0455292
-77331.5 0.390902 -0.0454112
-77270.5 0.391623 -0.045293
-77209.5 0.392346 -0.0451746
-77148.4 0.39307 -0.0450558
-77087.4 0.393796 -0.0449369
-77026.4 0.394523 -0.0448176
-76965.3 0.395252 -0.0446981
-76904.3 0.395983 -0.0445784
-76843.3 0.396715 -0.0444584
-76782.2 0.397449 -0.0443381
-76721.2 0.398184 -0.0442176
-76660.2 0.398921 -0.0440968
-76599.1 0.399659 -0.0439757
-76538.1 0.400399 -0.0438544
-76477.1 0.401141 -0.0437328
-76416 0.401884 -0.043611
-76355 0.402629 -0.0434889
-76293.9 0.403376 -0.0433665
-76232.9 0.404124 -0.0432438
-76171.9 0.404874 -0.0431209
-76110.8 0.405625 -0.0429977
-76049.8 0.406378 -0.0428743
-75988.8 0.407133 -0.0427505
-75927.7 0.40789 -0.0426265
-75866.7 0.408648 -0.0425023
-75805.7 0.409407 -0.0423777
-75744.6 0.410169 -0.0422529
-75683.6 0.410932 -0.0421278
-75622.6 0.411697 -0.0420024
-75561.5 0.412464 -0.0418767
-75500.5 0.413232 -0.0417508
-75439.5 0.414002 -0.0416246
-75378.4 0.414773 -0.0414981
-75317.4 0.415547 -0.0413713
-75256.3 0.416322 -0.0412442
-75195.3 0.417099 -0.0411169
-75134.3 0.417877 -0.0409892
-75073.2 0.418658 -0.0408613
-75012.2 0.41944 -0.0407331
-74951.2 0.420224 -0.0406046
-74890.1 0.421009 -0.0404758
-74829.1 0.421797 -0.0403467
-74768.1 0.422586 -0.0402174
-74707 0.423377 -0.0400877
-74646 0.42417 -0.0399578
-74585 0.424964 -0.0398275
-74523.9 0.425761 -0.039697
-74462.9 0.426559 -0.0395661
-74401.9 0.427359 -0.039435
-74340.8 0.42816 -0.0393035
-74279.8 0.428964 -0.0391718
-74218.8 0.429769 -0.0390398
-74157.7 0.430577 -0.0389074
-74096.7 0.431386 -0.0387748
-74035.6 0.432197 -0.0386418
-73974.6 0.43301 -0.0385086
-73913.6 0.433824 -0.038375
-73852.5 0.434641 -0.0382412
-73791.5 0.43546 -0.038107
-73730.5 0.43628 -0.0379725
-73669.4 0.437102 -0.0378377
-73608.4 0.437926 -0.0377026
-73547.4 0.438752 -0.0375672
-73486.3 0.43958 -0.0374315
-73425.3 0.44041 -0.0372954
-73364.3 0.441242 -0.0371591
-73303.2 0.442076 -0.0370224
-73242.2 0.442912 -0.0368854
-73181.2 0.443749 -0.0367481
-73120.1 0.444589 -0.0366104
-73059.1 0.44543 -0.0364725
-72998 0.446274 -0.0363342
-72937 0.44712 -0.0361956
-72876 0.447967 -0.0360567
-72814.9 0.448817 -0.0359174
-72753.9 0.449668 -0.0357778
-72692.9 0.450522 -0.0356379
-72631.8 0.451377 -0.0354976
-72570.8 0.452235 -0.0353571
-72509.8 0.453094 -0.0352162
-72448.7 0.453956 -0.0350749
-72387.7 0.45482 -0.0349333
-72326.7 0.455685 -0.0347914
-72265.6 0.456553 -0.0346492
-72204.6 0.457423 -0.0345066
-72143.6 0.458295 -0.0343636
-72082.5 0.459169 -0.0342204
-72021.5 0.460045 -0.0340767
-71960.4 0.460923 -0.0339328
-71899.4 0.461803 -0.0337885
-71838.4 0.462686 -0.0336438
-71777.3 0.46357 -0.0334988
-71716.3 0.464457 -0.0333535
-71655.3 0.465346 -0.0332078
-71594.2 0.466237 -0.0330617
-71533.2 0.46713 -0.0329153
-71472.2 0.468025 -0.0327686
-71411.1 0.468923 -0.0326214
-71350.1 0.469822 -0.032474
-71289.1 0.470724 -0.0323261
-71228 0.471628 -0.0321779
-71167 0.472534 -0.0320294
-71106 0.473443 -0.0318805
-71044.9 0.474353 -0.0317312
-70983.9 0.475266 -0.0315816
-70922.9 0.476181 -0.0314316
-70861.8 0.477098 -0.0312812
-70800.8 0.478018 -0.0311304
-70739.7 0.47894 -0.0309793
-70678.7 0.479864 -0.0308278
-70617.7 0.48079 -0.030676
-70556.6 0.481719 -0.0305237
-70495.6 0.48265 -0.0303711
-70434.6 0.483583 -0.0302181
-70373.5 0.484519 -0.0300647
-70312.5 0.485457 -0.029911
-70251.5 0.486397 -0.0297569
-70190.4 0.48734 -0.0296023
-70129.4 0.488285 -0.0294474
-70068.4 0.489232 -0.0292921
-70007.3 0.490182 -0.0291365
-69946.3 0.491134 -0.0289804
-69885.3 0.492088 -0.0288239
-69824.2 0.493045 -0.0286671
-69763.2 0.494004 -0.0285098
-69702.1 0.494966 -0.0283522
-69641.1 0.49593 -0.0281942
-69580.1 0.496896 -0.0280357
-69519 0.497865 -0.0278769
-69458 0.498837 -0.0277176
-69397 0.499811 -0.027558
-69335.9 0.500787 -0.0273979
-69274.9 0.501766 -0.0272375
-69213.9 0.502747 -0.0270766
-69152.8 0.503731 -0.0269153
-69091.8 0.504717 -0.0267537
-69030.8 0.505706 -0.0265916
-68969.7 0.506697 -0.026429
-68908.7 0.507691 -0.0262661
-68847.7 0.508688 -0.0261028
-68786.6 0.509687 -0.025939
-68725.6 0.510688 -0.0257748
-68664.6 0.511692 -0.0256102
-68603.5 0.512699 -0.0254452
-68542.5 0.513709 -0.0252797
-68481.4 0.514721 -0.0251138
-68420.4 0.515735 -0.0249475
-68359.4 0.516752 -0.0247807
-68298.3 0.517772 -0.0246135
-68237.3 0.518795 -0.0244459
-68176.3 0.51982 -0.0242778
-68115.2 0.520848 -0.0241093
-68054.2 0.521879 -0.0239404
-67993.2 0.522912 -0.023771
-67932.1 0.523948 -0.0236012
-67871.1 0.524986 -0.0234309
-67810.1 0.526028 -0.0232602
-67749 0.527072 -0.023089
-67688 0.528119 -0.0229174
-67627 0.529169 -0.0227453
-67565.9 0.530221 -0.0225728
-67504.9 0.531276 -0.0223998
-67443.8 0.532334 -0.0222264
-67382.8 0.533395 -0.0220525
-67321.8 0.534459 -0.0218781
-67260.7 0.535525 -0.0217033
-67199.7 0.536595 -0.021528
-67138.7 0.537667 -0.0213522
-67077.6 0.538742 -0.021176
-67016.6 0.53982 -0.0209993
-66955.6 0.540901 -0.0208221
-66894.5 0.541985 -0.0206444
-66833.5 0.543071 -0.0204663
-66772.5 0.544161 -0.0202877
-66711.4 0.545253 -0.0201086
-66650.4 0.546349 -0.019929
-66589.4 0.547447 -0.0197489
-66528.3 0.548549 -0.0195684
-66467.3 0.549653 -0.0193873
-66406.2 0.550761 -0.0192058
-66345.2 0.551871 -0.0190237
-66284.2 0.552985 -0.0188412
-66223.1 0.554101 -0.0186582
-66162.1 0.555221 -0.0184747
-66101.1 0.556343 -0.0182906
-66040 0.557469 -0.0181061
-65979 0.558598 -0.0179211
-65918 0.55973 -0.0177355
-65856.9 0.560865 -0.0175494
-65795.9 0.562003 -0.0173629
-65734.9 0.563144 -0.0171758
-65673.8 0.564288 -0.0169882
-65612.8 0.565436 -0.0168
-65551.8 0.566587 -0.0166114
-65490.7 0.567741 -0.0164222
-65429.7 0.568898 -0.0162325
-65368.7 0.570058 -0.0160423
-65307.6 0.571222 -0.0158515
-65246.6 0.572389 -0.0156602
-65185.5 0.573559 -0.0154684
-65124.5 0.574733 -0.0152761
-65063.5 0.575909 -0.0150831
-65002.4 0.57709 -0.0148897
-64941.4 0.578273 -0.0146957
-64880.4 0.57946 -0.0145012
-64819.3 0.58065 -0.0143061
-64758.3 0.581843 -0.0141104
-64697.3 0.58304 -0.0139142
-64636.2 0.58424 -0.0137175
-64575.2 0.585444 -0.0135202
-64514.2 0.586651 -0.0133223
-64453.1 0.587862 -0.0131238
-64392.1 0.589076 -0.0129248
-64331.1 0.590293 -0.0127253
-64270 0.591514 -0.0125251
-64209 0.592738 -0.0123244
-64147.9 0.593966 -0.0121231
-64086.9 0.595198 -0.0119212
-64025.9 0.596433 -0.0117188
-63964.8 0.597671 -0.0115157
-63903.8 0.598914 -0.0113121
-63842.8 0.600159 -0.0111079
-63781.7 0.601409 -0.0109031
-63720.7 0.602662 -0.0106977
-63659.7 0.603918 -0.0104916
-63598.6 0.605179 -0.010285
-63537.6 0.606443 -0.0100778
-63476.6 0.60771 -0.00987002
-63415.5 0.608982 -0.0096616
-63354.5 0.610257 -0.00945257
-63293.5 0.611536 -0.00924292
-63232.4 0.612819 -0.00903266
-63171.4 0.614105 -0.00882177
-63110.4 0.615395 -0.00861027
-63049.3 0.616689 -0.00839814
-62988.3 0.617987 -0.00818538
-62927.2 0.619289 -0.00797199
-62866.2 0.620594 -0.00775797
-62805.2 0.621904 -0.00754331
-62744.1 0.623217 -0.00732802
-62683.1 0.624534 -0.00711208
-62622.1 0.625856 -0.00689549
-62561 0.627181 -0.00667826
-62500 0.62851 -0.00646037
-62439 0.629843 -0.00624183
-62377.9 0.63118 -0.00602264
-62316.9 0.632521 -0.00580278
-62255.9 0.633867 -0.00558226
-62194.8 0.635216 -0.00536108
-62133.8 0.636569 -0.00513922
-62072.8 0.637927 -0.00491669
-62011.7 0.639288 -0.00469349
-61950.7 0.640654 -0.00446961
-61889.6 0.642024 -0.00424504
-61828.6 0.643398 -0.0040198
-61767.6 0.644776 -0.00379386
-61706.5 0.646159 -0.00356723
-61645.5 0.647545 -0.0033399
-61584.5 0.648936 -0.00311188
-61523.4 0.650332 -0.00288316
-61462.4 0.651731 -0.00265373
-61401.4 0.653135 -0.00242359
-61340.3 0.654543 -0.00219275
-61279.3 0.655956 -0.00196118
-61218.3 0.657373 -0.0017289
-61157.2 0.658794 -0.0014959
-61096.2 0.66022 -0.00126217
-61035.2 0.66165 -0.00102772
-60974.1 0.663085 -0.000792532
-60913.1 0.664524 -0.000556609
-60852.1 0.665968 -0.000319947
-60791 0.667416 -8.25426e-05
-60730 0.668869 0.000155608
-60668.9 0.670326 0.000394508
-60607.9 0.671788 0.000634162
-60546.9 0.673255 0.000874572
-60485.8 0.674726 0.00111574
-60424.8 0.676202 0.00135768
-60363.8 0.677682 0.00160038
-60302.7 0.679167 0.00184386
-60241.7 0.680657 0.00208811
-60180.7 0.682152 0.00233314
-60119.6 0.683652 0.00257895
-60058.6 0.685156 0.00282555
-59997.6 0.686665 0.00307294
-59936.5 0.688179 0.00332113
-59875.5 0.689698 0.00357011
-59814.5 0.691222 0.0038199
-59753.4 0.69275 0.00407049
-59692.4 0.694284 0.00432189
-59631.3 0.695822 0.00457411
-59570.3 0.697366 0.00482714
-59509.3 0.698915 0.005081
-59448.2 0.700468 0.00533569
-59387.2 0.702027 0.0055912
-59326.2 0.703591 0.00584756
-59265.1 0.70516 0.00610475
-59204.1 0.706734 0.00636278
-59143.1 0.708313 0.00662166
-59082 0.709897 0.00688139
-59021 0.711487 0.00714198
-58960 0.713082 0.00740343
-58898.9 0.714682 0.00766574
-58837.9 0.716287 0.00792893
-58776.9 0.717898 0.00819298
-58715.8 0.719514 0.00845792
-58654.8 0.721136 0.00872373
-58593.8 0.722763 0.00899044
-58532.7 0.724395 0.00925803
-58471.7 0.726033 0.00952652
-58410.6 0.727676 0.00979592
-58349.6 0.729325 0.0100662
-58288.6 0.73098 0.0103374
-58227.5 0.73264 0.0106095
-58166.5 0.734305 0.0108826
-58105.5 0.735977 0.0111565
-58044.4 0.737653 0.0114314
-57983.4 0.739336 0.0117073
-57922.4 0.741024 0.011984
-57861.3 0.742718 0.0122617
-57800.3 0.744418 0.0125404
-57739.3 0.746124 0.01282
-57678.2 0.747835 0.0131006
-57617.2 0.749553 0.0133821
-57556.2 0.751276 0.0136646
-57495.1 0.753005 0.0139481
-57434.1 0.754741 0.0142325
-57373 0.756482 0.014518
-57312 0.758229 0.0148044
-57251 0.759982 0.0150918
-57189.9 0.761742 0.0153802
-57128.9 0.763507 0.0156696
-57067.9 0.765279 0.0159601
-57006.8 0.767057 0.0162515
-56945.8 0.768841 0.016544
-56884.8 0.770631 0.0168375
-56823.7 0.772428 0.017132
-56762.7 0.774231 0.0174276
-56701.7 0.77604 0.0177242
-56640.6 0.777856 0.0180218
-56579.6 0.779678 0.0183205
-56518.6 0.781507 0.0186203
-56457.5 0.783342 0.0189211
-56396.5 0.785184 0.019223
-56335.4 0.787032 0.019526
-56274.4 0.788887 0.0198301
-56213.4 0.790748 0.0201352
-56152.3 0.792616 0.0204415
-56091.3 0.794491 0.0207488
-56030.3 0.796373 0.0210573
-55969.2 0.798261 0.0213668
-55908.2 0.800157 0.0216775
-55847.2 0.802059 0.0219893
-55786.1 0.803968 0.0223023
-55725.1 0.805884 0.0226164
-55664.1 0.807807 0.0229316
-55603 0.809737 0.023248
-55542 0.811674 0.0235655
-55481 0.813618 0.0238842
-55419.9 0.815569 0.0242041
-55358.9 0.817527 0.0245251
-55297.9 0.819493 0.0248473
-55236.8 0.821466 0.0251708
-55175.8 0.823446 0.0254954
-55114.7 0.825434 0.0258212
-55053.7 0.827428 0.0261482
-54992.7 0.829431 0.0264764
-54931.6 0.831441 0.0268059
-54870.6 0.833458 0.0271366
-54809.6 0.835483 0.0274685
-54748.5 0.837515 0.0278017
-54687.5 0.839555 0.0281361
-54626.5 0.841603 0.0284718
-54565.4 0.843658 0.0288088
-54504.4 0.845722 0.029147
-54443.4 0.847793 0.0294865
-54382.3 0.849872 0.0298273
-54321.3 0.851958 0.0301694
-54260.3 0.854053 0.0305128
-54199.2 0.856156 0.0308575
-54138.2 0.858267 0.0312035
-54077.1 0.860386 0.0315508
-54016.1 0.862513 0.0318995
-53955.1 0.864648 0.0322495
-53894 0.866791 0.0326009
-53833 0.868943 0.0329536
-53772 0.871103 0.0333077
-53710.9 0.873271 0.0336632
-53649.9 0.875448 0.03402
-53588.9 0.877633 0.0343783
-53527.8 0.879827 0.0347379
-53466.8 0.88203 0.035099
-53405.8 0.884241 0.0354614
-53344.7 0.88646 0.0358253
-53283.7 0.888689 0.0361906
-53222.7 0.890926 0.0365573
-53161.6 0.893172 0.0369255
-53100.6 0.895427 0.0372952
-53039.6 0.897691 0.0376663
-52978.5 0.899964 0.0380389
-52917.5 0.902246 0.038413
-52856.4 0.904537 0.0387885
-52795.4 0.906837 0.0391656
-52734.4 0.909147 0.0395442
-52673.3 0.911465 0.0399243
-52612.3 0.913793 0.0403059
-52551.3 0.916131 0.0406891
-52490.2 0.918478 0.0410738
-52429.2 0.920834 0.0414601
-52368.2 0.9232 0.041848
-52307.1 0.925575 0.0422374
-52246.1 0.927961 0.0426284
-52185.1 0.930356 0.043021
-52124 0.93276 0.0434152
-52063 0.935175 0.043811
-52002 0.9376 0.0442085
-51940.9 0.940034 0.0446076
-51879.9 0.942479 0.0450083
-51818.8 0.944933 0.0454107
-51757.8 0.947398 0.0458148
-51696.8 0.949873 0.0462205
-51635.7 0.952359 0.0466279
-51574.7 0.954854 0.0470371
-51513.7 0.957361 0.0474479
-51452.6 0.959877 0.0478605
-51391.6 0.962405 0.0482748
-51330.6 0.964942 0.0486908
-51269.5 0.967491 0.0491086
-51208.5 0.97005 0.0495281
-51147.5 0.972621 0.0499495
-51086.4 0.975202 0.0503726
-51025.4 0.977794 0.0507975
-50964.4 0.980397 0.0512242
-50903.3 0.983011 0.0516528
-50842.3 0.985637 0.0520832
-50781.2 0.988273 0.0525154
-50720.2 0.990922 0.0529495
-50659.2 0.993581 0.0533855
-50598.1 0.996252 0.0538233
-50537.1 0.998935 0.0542631
-50476.1 1.00163 0.0547047
-50415 1.00433 0.0551483
-50354 1.00705 0.0555938
-50293 1.00978 0.0560413
-50231.9 1.01252 0.0564907
-50170.9 1.01528 0.0569421
-50109.9 1.01804 0.0573955
-50048.8 1.02082 0.0578508
-49987.8 1.02361 0.0583082
-49926.8 1.02641 0.0587676
-49865.7 1.02923 0.0592291
-49804.7 1.03206 0.0596926
-49743.7 1.0349 0.0601581
-49682.6 1.03775 0.0606258
-49621.6 1.04061 0.0610955
-49560.5 1.04349 0.0615674
-49499.5 1.04638 0.0620414
-49438.5 1.04929 0.0625175
-49377.4 1.05221 0.0629957
-49316.4 1.05514 0.0634762
-49255.4 1.05808 0.0639588
-49194.3 1.06104 0.0644436
-49133.3 1.06401 0.0649306
-49072.3 1.06699 0.0654199
-49011.2 1.06999 0.0659114
-48950.2 1.073 0.0664052
-48889.2 1.07603 0.0669012
-48828.1 1.07907 0.0673995
-48767.1 1.08212 0.0679001
-48706.1 1.08519 0.0684031
-48645 1.08827 0.0689084
-48584 1.09137 0.069416
-48522.9 1.09448 0.0699261
-48461.9 1.09761 0.0704385
-48400.9 1.10075 0.0709533
-48339.8 1.1039 0.0714705
-48278.8 1.10707 0.0719902
-48217.8 1.11026 0.0725123
-48156.7 1.11346 0.073037
-48095.7 1.11667 0.0735641
-48034.7 1.1199 0.0740937
-47973.6 1.12315 0.0746258
-47912.6 1.12641 0.0751605
-47851.6 1.12969 0.0756978
-47790.5 1.13298 0.0762376
-47729.5 1.13629 0.0767801
-47668.5 1.13962 0.0773252
-47607.4 1.14296 0.0778729
-47546.4 1.14632 0.0784233
-47485.4 1.14969 0.0789763
-47424.3 1.15308 0.0795321
-47363.3 1.15649 0.0800906
-47302.2 1.15991 0.0806518
-47241.2 1.16335 0.0812158
-47180.2 1.16681 0.0817826
-47119.1 1.17028 0.0823521
-47058.1 1.17377 0.0829245
-46997.1 1.17728 0.0834998
-46936 1.18081 0.0840779
-46875 1.18435 0.0846589
-46814 1.18792 0.0852428
-46752.9 1.1915 0.0858296
-46691.9 1.19509 0.0864194
-46630.9 1.19871 0.0870122
-46569.8 1.20234 0.087608
-46508.8 1.206 0.0882068
-46447.8 1.20967 0.0888086
-46386.7 1.21336 0.0894136
-46325.7 1.21707 0.0900216
-46264.6 1.2208 0.0906327
-46203.6 1.22454 0.091247
-46142.6 1.22831 0.0918644
-46081.5 1.2321 0.092485
-46020.5 1.2359 0.0931089
-45959.5 1.23973 0.0937359
-45898.4 1.24357 0.0943663
-45837.4 1.24744 0.0949999
-45776.4 1.25132 0.0956369
-45715.3 1.25523 0.0962772
-45654.3 1.25916 0.0969209
-45593.3 1.2631 0.097568
-45532.2 1.26707 0.0982185
-45471.2 1.27106 0.0988724
-45410.2 1.27507 0.0995299
-45349.1 1.2791 0.100191
-45288.1 1.28316 0.100855
-45227.1 1.28723 0.101523
-45166 1.29133 0.102195
-45105 1.29545 0.10287
-45043.9 1.29959 0.103549
-44982.9 1.30375 0.104232
-44921.9 1.30794 0.104918
-44860.8 1.31215 0.105608
-44799.8 1.31638 0.106302
-44738.8 1.32064 0.107
-44677.7 1.32492 0.107701
-44616.7 1.32922 0.108406
-44555.7 1.33355 0.109116
-44494.6 1.3379 0.109829
-44433.6 1.34227 0.110546
-44372.6 1.34667 0.111267
-44311.5 1.35109 0.111992
-44250.5 1.35554 0.112722
-44189.5 1.36002 0.113455
-44128.4 1.36452 0.114193
-44067.4 1.36904 0.114934
-44006.3 1.37359 0.11568
-43945.3 1.37817 0.11643
-43884.3 1.38277 0.117185
-43823.2 1.3874 0.117944
-43762.2 1.39205 0.118707
-43701.2 1.39673 0.119474
-43640.1 1.40144 0.120246
-43579.1 1.40618 0.121023
-43518.1 1.41094 0.121804
-43457 1.41574 0.122589
-43396 1.42055 0.123379
-43335 1.4254 0.124174
-43273.9 1.43028 0.124973
-43212.9 1.43518 0.125777
-43151.9 1.44012 0.126586
-43090.8 1.44508 0.1274
-43029.8 1.45007 0.128218
-42968.8 1.4551 0.129042
-42907.7 1.46015 0.12987
-42846.7 1.46523 0.130703
-42785.6 1.47035 0.131542
-42724.6 1.47549 0.132385
-42663.6 1.48067 0.133233
-42602.5 1.48588 0.134087
-42541.5 1.49111 0.134946
-42480.5 1.49639 0.13581
-42419.4 1.50169 0.136679
-42358.4 1.50703 0.137554
-42297.4 1.5124 0.138434
-42236.3 1.5178 0.13932
-42175.3 1.52323 0.140211
-42114.3 1.5287 0.141108
-42053.2 1.53421 0.14201
-41992.2 1.53975 0.142918
-41931.2 1.54532 0.143832
-41870.1 1.55093 0.144751
-41809.1 1.55657 0.145676
-41748 1.56225 0.146608
-41687 1.56797 0.147545
-41626 1.57372 0.148488
-41564.9 1.57951 0.149437
-41503.9 1.58534 0.150392
-41442.9 1.5912 0.151354
-41381.8 1.59711 0.152321
-41320.8 1.60305 0.153295
-41259.8 1.60903 0.154275
-41198.7 1.61505 0.155262
-41137.7 1.62111 0.156255
-41076.7 1.6272 0.157255
-41015.6 1.63334 0.158261
-40954.6 1.63952 0.159274
-40893.6 1.64574 0.160294
-40832.5 1.65201 0.161321
-40771.5 1.65831 0.162354
-40710.4 1.66466 0.163395
-40649.4 1.67105 0.164442
-40588.4 1.67748 0.165496
-40527.3 1.68396 0.166558
-40466.3 1.69048 0.167627
-40405.3 1.69704 0.168703
-40344.2 1.70365 0.169787
-40283.2 1.71031 0.170878
-40222.2 1.71701 0.171977
-40161.1 1.72376 0.173083
-40100.1 1.73055 0.174197
-40039.1 1.7374 0.175319
-39978 1.74429 0.176448
-39917 1.75123 0.177586
-39856 1.75821 0.178731
-39794.9 1.76525 0.179885
-39733.9 1.77234 0.181047
-39672.9 1.77948 0.182217
-39611.8 1.78667 0.183396
-39550.8 1.79391 0.184583
-39489.7 1.8012 0.185778
-39428.7 1.80855 0.186982
-39367.7 1.81595 0.188195
-39306.6 1.8234 0.189417
-39245.6 1.83091 0.190648
-39184.6 1.83847 0.191888
-39123.5 1.84609 0.193137
-39062.5 1.85377 0.194395
-39001.5 1.8615 0.195663
-38940.4 1.86929 0.19694
-38879.4 1.87714 0.198226
-38818.4 1.88505 0.199523
-38757.3 1.89301 0.200829
-38696.3 1.90104 0.202145
-38635.3 1.90913 0.203471
-38574.2 1.91728 0.204807
-38513.2 1.92549 0.206153
-38452.1 1.93377 0.20751
-38391.1 1.94211 0.208877
-38330.1 1.95051 0.210255
-38269 1.95898 0.211643
-38208 1.96752 0.213043
-38147 1.97612 0.214453
-38085.9 1.98479 0.215874
-38024.9 1.99353 0.217307
-37963.9 2.00234 0.218751
-37902.8 2.01122 0.220206
-37841.8 2.02017 0.221674
-37780.8 2.02919 0.223153
-37719.7 2.03829 0.224643
-37658.7 2.04746 0.226146
-37597.7 2.0567 0.227662
-37536.6 2.06602 0.229189
-37475.6 2.07541 0.230729
-37414.6 2.08488 0.232282
-37353.5 2.09444 0.233848
-37292.5 2.10407 0.235426
-37231.4 2.11378 0.237018
-37170.4 2.12357 0.238623
-37109.4 2.13344 0.240242
-37048.3 2.1434 0.241874
-36987.3 2.15344 0.24352
-36926.3 2.16357 0.245181
-36865.2 2.17378 0.246855
-36804.2 2.18408 0.248544
-36743.2 2.19447 0.250247
-36682.1 2.20495 0.251965
-36621.1 2.21553 0.253698
-36560.1 2.22619 0.255446
-36499 2.23695 0.25721
-36438 2.2478 0.258989
-36377 2.25875 0.260784
-36315.9 2.2698 0.262595
-36254.9 2.28094 0.264422
-36193.8 2.29219 0.266265
-36132.8 2.30354 0.268125
-36071.8 2.31499 0.270002
-36010.7 2.32654 0.271896
-35949.7 2.3382 0.273808
-35888.7 2.34997 0.275737
-35827.6 2.36184 0.277684
-35766.6 2.37383 0.279648
-35705.6 2.38592 0.281631
-35644.5 2.39813 0.283633
-35583.5 2.41046 0.285654
-35522.5 2.4229 0.287693
-35461.4 2.43546 0.289752
-35400.4 2.44814 0.291831
-35339.4 2.46094 0.293929
-35278.3 2.47387 0.296048
-35217.3 2.48692 0.298187
-35156.2 2.50009 0.300347
-35095.2 2.5134 0.302529
-35034.2 2.52684 0.304731
-34973.1 2.54041 0.306956
-34912.1 2.55411 0.309202
-34851.1 2.56795 0.311471
-34790 2.58193 0.313762
-34729 2.59605 0.316077
-34668 2.61031 0.318415
-34606.9 2.62472 0.320777
-34545.9 2.63928 0.323163
-34484.9 2.65398 0.325574
-34423.8 2.66884 0.328009
-34362.8 2.68385 0.33047
-34301.8 2.69902 0.332957
-34240.7 2.71435 0.335469
-34179.7 2.72983 0.338008
-34118.7 2.74549 0.340575
-34057.6 2.76131 0.343168
-33996.6 2.7773 0.345789
-33935.5 2.79346 0.348439
-33874.5 2.8098 0.351117
-33813.5 2.82632 0.353825
-33752.4 2.84301 0.356562
-33691.4 2.8599 0.359329
-33630.4 2.87696 0.362127
-33569.3 2.89422 0.364956
-33508.3 2.91167 0.367817
-33447.3 2.92932 0.370711
-33386.2 2.94717 0.373636
-33325.2 2.96522 0.376596
-33264.2 2.98348 0.379589
-33203.1 3.00195 0.382617
-33142.1 3.02064 0.38568
-33081.1 3.03954 0.388778
-33020 3.05867 0.391913
-32959 3.07802 0.395086
-32897.9 3.0976 0.398295
-32836.9 3.11741 0.401543
-32775.9 3.13746 0.40483
-32714.8 3.15776 0.408157
-32653.8 3.1783 0.411525
-32592.8 3.19909 0.414933
-32531.7 3.22014 0.418384
-32470.7 3.24145 0.421877
-32409.7 3.26303 0.425414
-32348.6 3.28487 0.428995
-32287.6 3.30699 0.432622
-32226.6 3.3294 0.436295
-32165.5 3.35209 0.440014
-32104.5 3.37507 0.443782
-32043.5 3.39835 0.447598
-31982.4 3.42194 0.451464
-31921.4 3.44583 0.455381
-31860.4 3.47004 0.45935
-31799.3 3.49457 0.463371
-31738.3 3.51943 0.467447
-31677.2 3.54463 0.471577
-31616.2 3.57017 0.475763
-31555.2 3.59605 0.480007
-31494.1 3.6223 0.484309
-31433.1 3.6489 0.488671
-31372.1 3.67588 0.493093
-31311 3.70324 0.497578
-31250 3.73098 0.502126
-31189 3.75912 0.506739
-31127.9 3.78767 0.511418
-31066.9 3.81662 0.516165
-31005.9 3.846 0.520981
-30944.8 3.87581 0.525868
-30883.8 3.90607 0.530827
-30822.8 3.93677 0.53586
-30761.7 3.96793 0.540969
-30700.7 3.99956 0.546154
-30639.6 4.03168 0.551419
-30578.6 4.06429 0.556765
-30517.6 4.0974 0.562193
-30456.5 4.13103 0.567706
-30395.5 4.16519 0.573305
-30334.5 4.19989 0.578994
-30273.4 4.23514 0.584773
-30212.4 4.27097 0.590645
-30151.4 4.30737 0.596612
-30090.3 4.34437 0.602678
-30029.3 4.38197 0.608843
-29968.3 4.42021 0.61511
-29907.2 4.45908 0.621483
-29846.2 4.49862 0.627964
-29785.2 4.53883 0.634555
-29724.1 4.57973 0.64126
-29663.1 4.62134 0.648081
-29602.1 4.66367 0.655021
-29541 4.70676 0.662084
-29480 4.75061 0.669273
-29418.9 4.79526 0.676592
-29357.9 4.84071 0.684043
-29296.9 4.88699 0.69163
-29235.8 4.93414 0.699358
-29174.8 4.98216 0.70723
-29113.8 5.03108 0.71525
-29052.7 5.08093 0.723423
-28991.7 5.13175 0.731752
-28930.7 5.18354 0.740243
-28869.6 5.23635 0.7489
-28808.6 5.29021 0.757729
-28747.6 5.34514 0.766733
-28686.5 5.40117 0.775919
-28625.5 5.45835 0.785292
-28564.5 5.5167 0.794858
-28503.4 5.57627 0.804623
-28442.4 5.63709 0.814593
-28381.3 5.6992 0.824775
-28320.3 5.76265 0.835175
-28259.3 5.82747 0.845801
-28198.2 5.89371 0.85666
-28137.2 5.96142 0.86776
-28076.2 6.03065 0.879109
-28015.1 6.10145 0.890715
-27954.1 6.17387 0.902588
-27893.1 6.24798 0.914736
-27832 6.32382 0.927169
-27771 6.40147 0.939898
-27710 6.48099 0.952932
-27648.9 6.56244 0.966284
-27587.9 6.64589 0.979965
-27526.9 6.73143 0.993988
-27465.8 6.81913 1.00836
-27404.8 6.90908 1.02311
-27343.8 7.00135 1.03824
-27282.7 7.09605 1.05376
-27221.7 7.19327 1.0697
-27160.6 7.29311 1.08606
-27099.6 7.39568 1.10288
-27038.6 7.50109 1.12016
-26977.5 7.60946 1.13792
-26916.5 7.72092 1.15619
-26855.5 7.83561 1.175
-26794.4 7.95366 1.19435
-26733.4 8.07523 1.21428
-26672.4 8.20048 1.23481
-26611.3 8.32956 1.25597
-26550.3 8.46267 1.27779
-26489.3 8.6 1.3003
-26428.2 8.74175 1.32354
-26367.2 8.88813 1.34753
-26306.2 9.03938 1.37233
-26245.1 9.19574 1.39796
-26184.1 9.35748 1.42447
-26123 9.52488 1.45192
-26062 9.69824 1.48034
-26001 9.87789 1.50978
-25939.9 10.0642 1.54032
-25878.9 10.2575 1.57201
-25817.9 10.4582 1.60491
-25756.8 10.6667 1.6391
-25695.8 10.8836 1.67465
-25634.8 11.1093 1.71165
-25573.7 11.3444 1.75018
-25512.7 11.5894 1.79035
-25451.7 11.8451 1.83227
-25390.6 12.1121 1.87603
-25329.6 12.3912 1.92178
-25268.6 12.6832 1.96966
-25207.5 12.9891 2.0198
-25146.5 13.3098 2.07238
-25085.4 13.6465 2.12758
-25024.4 14.0005 2.1856
-24963.4 14.373 2.24666
-24902.3 14.7655 2.31101
-24841.3 15.1798 2.37892
-24780.3 15.6176 2.45069
-24719.2 16.0811 2.52667
-24658.2 16.5726 2.60724
-24597.2 17.0946 2.69281
-24536.1 17.6502 2.78389
-24475.1 18.2426 2.881
-24414.1 18.8756 2.98478
-24353 19.5537 3.09593
-24292 20.2817 3.21528
-24231 21.0654 3.34375
-24169.9 21.9115 3.48245
-24108.9 22.8277 3.63263
-24047.9 23.823 3.79579
-23986.8 24.9082 3.97369
-23925.8 26.0961 4.16842
-23864.7 27.4019 4.38248
-23803.7 28.8441 4.61891
-23742.7 30.4454 4.8814
-23681.6 32.2334 5.17452
-23620.6 34.243 5.50395
-23559.6 36.518 5.87689
-23498.5 39.1148 6.30257
-23437.5 42.1067 6.79303
-23376.5 45.5914 7.36428
-23315.4 49.7016 8.03807
-23254.4 54.6224 8.84472
-23193.4 60.6195 9.82783
-23132.3 68.0898 11.0524
-23071.3 77.652 12.6199
-23010.3 90.3276 14.6979
-22949.2 107.933 17.5839
-22888.2 134.039 21.8635
-22827.1 176.762 28.867
-22766.1 259.369 42.4087
-22705.1 486.615 79.661
-22644 3908.62 640.628
-22583 -648.51 -106.419
-22522 -299.535 -49.212
-22460.9 -194.791 -32.0415
-22399.9 -144.351 -23.7728
-22338.9 -114.677 -18.9084
-22277.8 -95.135 -15.7049
-22216.8 -81.2922 -13.4357
-22155.8 -70.9727 -11.744
-22094.7 -62.9833 -10.4343
-22033.7 -56.6148 -9.39033
-21972.7 -51.4194 -8.53865
-21911.6 -47.1003 -7.83061
-21850.6 -43.453 -7.23272
-21789.6 -40.3321 -6.72111
-21728.5 -37.6313 -6.27837
-21667.5 -35.2711 -5.89146
-21606.4 -33.1909 -5.55046
-21545.4 -31.3437 -5.24765
-21484.4 -29.6924 -4.97695
-21423.3 -28.2074 -4.73352
-21362.3 -26.8649 -4.51343
-21301.3 -25.6451 -4.31348
-21240.2 -24.5321 -4.13102
-21179.2 -23.5123 -3.96386
-21118.2 -22.5747 -3.81014
-21057.1 -21.7095 -3.66832
-20996.1 -20.9088 -3.53705
-20935.1 -20.1655 -3.41521
-20874 -19.4738 -3.30182
-20813 -18.8284 -3.19601
-20752 -18.2248 -3.09707
-20690.9 -17.6591 -3.00434
-20629.9 -17.1279 -2.91725
-20568.8 -16.628 -2.8353
-20507.8 -16.1568 -2.75806
-20446.8 -15.7119 -2.68513
-20385.7 -15.2911 -2.61615
-20324.7 -14.8925 -2.55082
-20263.7 -14.5145 -2.48884
-20202.6 -14.1554 -2.42998
-20141.6 -13.8139 -2.374
-20080.6 -13.4888 -2.3207
-20019.5 -13.1788 -2.26988
-19958.5 -12.8829 -2.22138
-19897.5 -12.6002 -2.17504
-19836.4 -12.3299 -2.13072
-19775.4 -12.071 -2.08829
-19714.4 -11.823 -2.04764
-19653.3 -11.5852 -2.00865
-19592.3 -11.3569 -1.97122
-19531.2 -11.1376 -1.93527
-19470.2 -10.9267 -1.9007
-19409.2 -10.7238 -1.86744
-19348.1 -10.5284 -1.83541
-19287.1 -10.3402 -1.80455
-19226.1 -10.1587 -1.7748
-19165 -9.98358 -1.74609
-19104 -9.81451 -1.71838
-19043 -9.65119 -1.69161
-18981.9 -9.49333 -1.66573
-18920.9 -9.34065 -1.6407
-18859.9 -9.19291 -1.61648
-18798.8 -9.04986 -1.59303
-18737.8 -8.9113 -1.57032
-18676.8 -8.77701 -1.5483
-18615.7 -8.6468 -1.52696
-18554.7 -8.52048 -1.50625
-18493.7 -8.39788 -1.48615
-18432.6 -8.27884 -1.46664
-18371.6 -8.16321 -1.44768
-18310.5 -8.05085 -1.42926
-18249.5 -7.94161 -1.41135
-18188.5 -7.83537 -1.39394
-18127.4 -7.732 -1.37699
-18066.4 -7.63139 -1.3605
-18005.4 -7.53344 -1.34444
-17944.3 -7.43804 -1.3288
-17883.3 -7.34508 -1.31357
-17822.3 -7.25448 -1.29871
-17761.2 -7.16615 -1.28423
-17700.2 -7.08001 -1.27011
-17639.2 -6.99597 -1.25634
-17578.1 -6.91395 -1.24289
-17517.1 -6.83389 -1.22977
-17456.1 -6.75572 -1.21695
-17395 -6.67937 -1.20444
-17334 -6.60478 -1.19221
-17272.9 -6.53188 -1.18026
-17211.9 -6.46062 -1.16858
-17150.9 -6.39095 -1.15716
-17089.8 -6.32281 -1.14599
-17028.8 -6.25616 -1.13506
-16967.8 -6.19094 -1.12437
-16906.7 -6.12711 -1.1139
-16845.7 -6.06462 -1.10366
-16784.7 -6.00344 -1.09363
-16723.6 -5.94352 -1.08381
-16662.6 -5.88482 -1.07419
-16601.6 -5.82731 -1.06476
-16540.5 -5.77096 -1.05552
-16479.5 -5.71572 -1.04647
-16418.5 -5.66156 -1.03759
-16357.4 -5.60846 -1.02888
-16296.4 -5.55637 -1.02034
-16235.4 -5.50529 -1.01197
-16174.3 -5.45516 -1.00375
-16113.3 -5.40597 -0.99569
-16052.2 -5.3577 -0.987776
-15991.2 -5.31031 -0.980008
-15930.2 -5.26378 -0.972381
-15869.1 -5.2181 -0.964891
-15808.1 -5.17323 -0.957535
-15747.1 -5.12915 -0.95031
-15686 -5.08585 -0.943211
-15625 -5.0433 -0.936236
-15564 -5.00148 -0.929382
-15502.9 -4.96038 -0.922644
-15441.9 -4.91998 -0.916021
-15380.9 -4.88026 -0.909509
-15319.8 -4.8412 -0.903106
-15258.8 -4.80278 -0.896808
-15197.8 -4.765 -0.890614
-15136.7 -4.72783 -0.884521
-15075.7 -4.69125 -0.878526
-15014.6 -4.65527 -0.872627
-14953.6 -4.61986 -0.866822
-14892.6 -4.585 -0.861108
-14831.5 -4.55069 -0.855483
-14770.5 -4.51691 -0.849946
-14709.5 -4.48365 -0.844494
-14648.4 -4.4509 -0.839125
-14587.4 -4.41864 -0.833837
-14526.4 -4.38687 -0.828629
-14465.3 -4.35558 -0.823499
-14404.3 -4.32475 -0.818445
-14343.3 -4.29437 -0.813465
-14282.2 -4.26443 -0.808558
-14221.2 -4.23493 -0.803721
-14160.2 -4.20586 -0.798955
-14099.1 -4.1772 -0.794257
-14038.1 -4.14894 -0.789625
-13977.1 -4.12108 -0.785058
-13916 -4.09362 -0.780556
-13855 -4.06653 -0.776116
-13793.9 -4.03982 -0.771737
-13732.9 -4.01347 -0.767418
-13671.9 -3.98749 -0.763158
-13610.8 -3.96185 -0.758955
-13549.8 -3.93656 -0.754809
-13488.8 -3.9116 -0.750718
-13427.7 -3.88698 -0.746682
-13366.7 -3.86268 -0.742698
-13305.7 -3.8387 -0.738766
-13244.6 -3.81502 -0.734886
-13183.6 -3.79166 -0.731056
-13122.6 -3.76859 -0.727274
-13061.5 -3.74582 -0.723541
-13000.5 -3.72333 -0.719855
-12939.5 -3.70113 -0.716216
-12878.4 -3.67921 -0.712622
-12817.4 -3.65755 -0.709072
-12756.3 -3.63617 -0.705566
-12695.3 -3.61505 -0.702104
-12634.3 -3.59418 -0.698683
-12573.2 -3.57357 -0.695304
-12512.2 -3.5532 -0.691966
-12451.2 -3.53308 -0.688668
-12390.1 -3.5132 -0.685408
-12329.1 -3.49356 -0.682188
-12268.1 -3.47414 -0.679005
-12207 -3.45495 -0.67586
-12146 -3.43599 -0.672751
-12085 -3.41724 -0.669678
-12023.9 -3.39871 -0.66664
-11962.9 -3.38039 -0.663637
-11901.9 -3.36228 -0.660668
-11840.8 -3.34437 -0.657733
-11779.8 -3.32667 -0.65483
-11718.8 -3.30916 -0.65196
-11657.7 -3.29185 -0.649122
-11596.7 -3.27472 -0.646315
-11535.6 -3.25779 -0.643539
-11474.6 -3.24104 -0.640793
-11413.6 -3.22447 -0.638078
-11352.5 -3.20809 -0.635391
-11291.5 -3.19187 -0.632733
-11230.5 -3.17583 -0.630104
-11169.4 -3.15996 -0.627503
-11108.4 -3.14426 -0.624929
-11047.4 -3.12873 -0.622382
-10986.3 -3.11335 -0.619862
-10925.3 -3.09814 -0.617368
-10864.3 -3.08309 -0.6149
-10803.2 -3.06818 -0.612457
-10742.2 -3.05344 -0.61004
-10681.2 -3.03884 -0.607647
-10620.1 -3.02439 -0.605278
-10559.1 -3.01008 -0.602933
-10498 -2.99592 -0.600612
-10437 -2.98191 -0.598313
-10376 -2.96803 -0.596038
-10314.9 -2.95428 -0.593785
-10253.9 -2.94068 -0.591555
-10192.9 -2.9272 -0.589346
-10131.8 -2.91386 -0.587159
-10070.8 -2.90065 -0.584993
-10009.8 -2.88756 -0.582848
-9948.73 -2.8746 -0.580723
-9887.7 -2.86176 -0.578619
-9826.66 -2.84905 -0.576534
-9765.62 -2.83646 -0.57447
-9704.59 -2.82398 -0.572425
-9643.55 -2.81162 -0.570399
-9582.52 -2.79938 -0.568392
-9521.48 -2.78725 -0.566404
-9460.45 -2.77523 -0.564434
-9399.41 -2.76333 -0.562482
-9338.38 -2.75153 -0.560548
-9277.34 -2.73984 -0.558632
-9216.31 -2.72825 -0.556733
-9155.27 -2.71677 -0.554851
-9094.24 -2.7054 -0.552986
-9033.2 -2.69412 -0.551138
-8972.17 -2.68295 -0.549306
-8911.13 -2.67188 -0.547491
-8850.1 -2.6609 -0.545691
-8789.06 -2.65002 -0.543908
-8728.03 -2.63923 -0.54214
-8666.99 -2.62854 -0.540387
-8605.96 -2.61795 -0.53865
-8544.92 -2.60744 -0.536927
-8483.89 -2.59702 -0.53522
-8422.85 -2.5867 -0.533527
-8361.82 -2.57646 -0.531849
-8300.78 -2.56631 -0.530184
-8239.75 -2.55624 -0.528534
-8178.71 -2.54626 -0.526898
-8117.68 -2.53636 -0.525276
-8056.64 -2.52655 -0.523667
-7995.61 -2.51681 -0.522071
-7934.57 -2.50716 -0.520489
-7873.54 -2.49759 -0.518919
-7812.5 -2.48809 -0.517363
-7751.46 -2.47867 -0.515819
-7690.43 -2.46933 -0.514288
-7629.39 -2.46007 -0.512769
-7568.36 -2.45088 -0.511263
-7507.32 -2.44176 -0.509769
-7446.29 -2.43272 -0.508286
-7385.25 -2.42375 -0.506816
-7324.22 -2.41485 -0.505357
-7263.18 -2.40602 -0.50391
-7202.15 -2.39726 -0.502474
-7141.11 -2.38857 -0.501049
-7080.08 -2.37995 -0.499636
-7019.04 -2.3714 -0.498233
-6958.01 -2.36291 -0.496842
-6896.97 -2.35449 -0.495461
-6835.94 -2.34613 -0.494091
-6774.9 -2.33783 -0.492731
-6713.87 -2.3296 -0.491382
-6652.83 -2.32143 -0.490043
-6591.8 -2.31333 -0.488714
-6530.76 -2.30528 -0.487395
-6469.73 -2.2973 -0.486086
-6408.69 -2.28937 -0.484787
-6347.66 -2.28151 -0.483498
-6286.62 -2.2737 -0.482218
-6225.59 -2.26595 -0.480948
-6164.55 -2.25826 -0.479687
-6103.52 -2.25063 -0.478435
-6042.48 -2.24305 -0.477193
-5981.45 -2.23552 -0.47596
-5920.41 -2.22805 -0.474735
-5859.38 -2.22064 -0.47352
-5798.34 -2.21328 -0.472313
-5737.3 -2.20597 -0.471115
-5676.27 -2.19871 -0.469925
-5615.23 -2.19151 -0.468744
-5554.2 -2.18436 -0.467572
-5493.16 -2.17725 -0.466408
-5432.13 -2.1702 -0.465252
-5371.09 -2.1632 -0.464104
-5310.06 -2.15625 -0.462964
-5249.02 -2.14934 -0.461832
-5187.99 -2.14249 -0.460708
-5126.95 -2.13568 -0.459592
-5065.92 -2.12892 -0.458484
-5004.88 -2.1222 -0.457383
-4943.85 -2.11553 -0.45629
-4882.81 -2.10891 -0.455204
-4821.78 -2.10233 -0.454126
-4760.74 -2.0958 -0.453055
-4699.71 -2.08931 -0.451991
-4638.67 -2.08286 -0.450934
-4577.64 -2.07646 -0.449885
-4516.6 -2.0701 -0.448842
-4455.57 -2.06379 -0.447807
-4394.53 -2.05751 -0.446779
-4333.5 -2.05128 -0.445757
-4272.46 -2.04509 -0.444742
-4211.43 -2.03894 -0.443734
-4150.39 -2.03283 -0.442732
-4089.36 -2.02676 -0.441737
-4028.32 -2.02073 -0.440748
-3967.29 -2.01474 -0.439766
-3906.25 -2.00879 -0.438791
-3845.21 -2.00287 -0.437821
-3784.18 -1.997 -0.436858
-3723.14 -1.99116 -0.435901
-3662.11 -1.98536 -0.43495
-3601.07 -1.97959 -0.434005
-3540.04 -1.97387 -0.433067
-3479 -1.96818 -0.432134
-3417.97 -1.96252 -0.431207
-3356.93 -1.9569 -0.430286
-3295.9 -1.95132 -0.42937
-3234.86 -1.94577 -0.428461
-3173.83 -1.94026 -0.427557
-3112.79 -1.93478 -0.426659
-3051.76 -1.92933 -0.425766
-2990.72 -1.92392 -0.424879
-2929.69 -1.91854 -0.423997
-2868.65 -1.9132 -0.423121
-2807.62 -1.90788 -0.42225
-2746.58 -1.9026 -0.421384
-2685.55 -1.89736 -0.420524
-2624.51 -1.89214 -0.419669
-2563.48 -1.88695 -0.418819
-2502.44 -1.8818 -0.417974
-2441.41 -1.87668 -0.417134
-2380.37 -1.87159 -0.416299
-2319.34 -1.86652 -0.41547
-2258.3 -1.86149 -0.414645
-2197.27 -1.85649 -0.413825
-2136.23 -1.85152 -0.41301
-2075.2 -1.84658 -0.4122
-2014.16 -1.84166 -0.411394
-1953.12 -1.83678 -0.410594
-1892.09 -1.83192 -0.409798
-1831.05 -1.8271 -0.409006
-1770.02 -1.8223 -0.40822
-1708.98 -1.81752 -0.407437
-1647.95 -1.81278 -0.40666
-1586.91 -1.80806 -0.405886
-1525.88 -1.80337 -0.405118
-1464.84 -1.79871 -0.404353
-1403.81 -1.79408 -0.403593
-1342.77 -1.78947 -0.402838
-1281.74 -1.78488 -0.402086
-1220.7 -1.78032 -0.401339
-1159.67 -1.77579 -0.400596
-1098.63 -1.77129 -0.399858
-1037.6 -1.76681 -0.399123
-976.562 -1.76235 -0.398393
-915.527 -1.75792 -0.397666
-854.492 -1.75351 -0.396944
-793.457 -1.74913 -0.396226
-732.422 -1.74477 -0.395511
-671.387 -1.74044 -0.394801
-610.352 -1.73613 -0.394094
-549.316 -1.73184 -0.393392
-488.281 -1.72758 -0.392693
-427.246 -1.72334 -0.391998
-366.211 -1.71913 -0.391307
-305.176 -1.71493 -0.39062
-244.141 -1.71076 -0.389936
-183.105 -1.70662 -0.389256
-122.07 -1.70249 -0.38858
-61.0352 -1.69839 -0.387907
0 -1.69431 -0.387238
61.0352 -1.69025 -0.386572
122.07 -1.68621 -0.385911
183.105 -1.68219 -0.385252
244.141 -1.6782 -0.384597
305.176 -1.67422 -0.383946
366.211 -1.67027 -0.383298
427.246 -1.66634 -0.382653
488.281 -1.66242 -0.382012
549.316 -1.65853 -0.381374
610.352 -1.65466 -0.380739
671.387 -1.65081 -0.380108
732.422 -1.64698 -0.37948
793.457 -1.64317 -0.378855
854.492 -1.63938 -0.378234
915.527 -1.6356 -0.377615
976.562 -1.63185 -0.377
1037.6 -1.62812 -0.376388
1098.63 -1.6244 -0.375779
1159.67 -1.62071 -0.375173
1220.7 -1.61703 -0.374571
1281.74 -1.61337 -0.373971
1342.77 -1.60973 -0.373374
1403.81 -1.60611 -0.372781
1464.84 -1.60251 -0.37219
1525.88 -1.59893 -0.371602
1586.91 -1.59536 -0.371018
1647.95 -1.59181 -0.370436
1708.98 -1.58828 -0.369857
1770.02 -1.58476 -0.369281
1831.05 -1.58127 -0.368708
1892.09 -1.57779 -0.368137
1953.12 -1.57433 -0.36757
2014.16 -1.57088 -0.367005
2075.2 -1.56745 -0.366443
2136.23 -1.56404 -0.365884
2197.27 -1.56065 -0.365327
2258.3 -1.55727 -0.364773
2319.34 -1.5539 -0.364222
2380.37 -1.55056 -0.363674
2441.41 -1.54723 -0.363128
2502.44 -1.54392 -0.362585
2563.48 -1.54062 -0.362044
2624.51 -1.53734 -0.361506
2685.55 -1.53407 -0.360971
2746.58 -1.53082 -0.360438
2807.62 -1.52758 -0.359907
2868.65 -1.52436 -0.35938
2929.69 -1.52116 -0.358854
2990.72 -1.51797 -0.358331
3051.76 -1.5148 -0.357811
3112.79 -1.51164 -0.357293
3173.83 -1.50849 -0.356778
3234.86 -1.50536 -0.356265
3295.9 -1.50225 -0.355754
3356.93 -1.49915 -0.355246
3417.97 -1.49606 -0.35474
3479 -1.49299 -0.354236
3540.04 -1.48993 -0.353735
3601.07 -1.48688 -0.353236
3662.11 -1.48386 -0.352739
3723.14 -1.48084 -0.352245
3784.18 -1.47784 -0.351752
3845.21 -1.47485 -0.351263
3906.25 -1.47187 -0.350775
3967.29 -1.46891 -0.35029
4028.32 -1.46596 -0.349806
4089.36 -1.46303 -0.349325
4150.39 -1.46011 -0.348846
4211.43 -1.4572 -0.34837
4272.46 -1.45431 -0.347895
4333.5 -1.45142 -0.347423
4394.53 -1.44855 -0.346952
4455.57 -1.4457 -0.346484
4516.6 -1.44285 -0.346018
4577.64 -1.44002 -0.345554
4638.67 -1.4372 -0.345092
4699.71 -1.4344 -0.344632
4760.74 -1.43161 -0.344174
4821.78 -1.42882 -0.343718
4882.81 -1.42605 -0.343264
4943.85 -1.4233 -0.342812
5004.88 -1.42055 -0.342362
5065.92 -1.41782 -0.341914
5126.95 -1.4151 -0.341468
5187.99 -1.41239 -0.341024
5249.02 -1.40969 -0.340582
5310.06 -1.40701 -0.340141
5371.09 -1.40433 -0.339703
5432.13 -1.40167 -0.339266
5493.16 -1.39902 -0.338832
5554.2 -1.39638 -0.338399
5615.23 -1.39375 -0.337968
5676.27 -1.39113 -0.337539
5737.3 -1.38853 -0.337112
5798.34 -1.38593 -0.336686
5859.38 -1.38335 -0.336263
5920.41 -1.38077 -0.335841
5981.45 -1.37821 -0.335421
6042.48 -1.37566 -0.335002
6103.52 -1.37312 -0.334586
6164.55 -1.37059 -0.334171
6225.59 -1.36807 -0.333758
6286.62 -1.36556 -0.333347
6347.66 -1.36306 -0.332937
6408.69 -1.36057 -0.332529
6469.73 -1.35809 -0.332123
6530.76 -1.35563 -0.331718
6591.8 -1.35317 -0.331316
6652.83 -1.35072 -0.330914
6713.87 -1.34828 -0.330515
6774.9 -1.34586 -0.330117
6835.94 -1.34344 -0.329721
6896.97 -1.34103 -0.329326
6958.01 -1.33863 -0.328933
7019.04 -1.33625 -0.328541
7080.08 -1.33387 -0.328152
7141.11 -1.3315 -0.327763
7202.15 -1.32914 -0.327377
7263.18 -1.32679 -0.326991
7324.22 -1.32445 -0.326608
7385.25 -1.32212 -0.326226
7446.29 -1.3198 -0.325845
7507.32 -1.31749 -0.325466
7568.36 -1.31518 -0.325089
7629.39 -1.31289 -0.324713
7690.43 -1.3106 -0.324338
7751.46 -1.30833 -0.323965
7812.5 -1.30606 -0.323594
7873.54 -1.30381 -0.323224
7934.57 -1.30156 -0.322855
7995.61 -1.29932 -0.322488
8056.64 -1.29709 -0.322122
8117.68 -1.29486 -0.321758
8178.71 -1.29265 -0.321395
8239.75 -1.29045 -0.321033
8300.78 -1.28825 -0.320673
8361.82 -1.28606 -0.320315
8422.85 -1.28388 -0.319958
8483.89 -1.28171 -0.319602
8544.92 -1.27955 -0.319247
8605.96 -1.27739 -0.318894
8666.99 -1.27525 -0.318542
8728.03 -1.27311 -0.318192
8789.06 -1.27098 -0.317843
8850.1 -1.26886 -0.317495
8911.13 -1.26675 -0.317149
8972.17 -1.26464 -0.316804
9033.2 -1.26255 -0.31646
9094.24 -1.26046 -0.316117
9155.27 -1.25838 -0.315776
9216.31 -1.2563 -0.315436
9277.34 -1.25424 -0.315098
9338.38 -1.25218 -0.314761
9399.41 -1.25013 -0.314424
9460.45 -1.24809 -0.31409
9521.48 -1.24605 -0.313756
9582.52 -1.24403 -0.313424
9643.55 -1.24201 -0.313093
9704.59 -1.23999 -0.312763
9765.62 -1.23799 -0.312434
9826.66 -1.23599 -0.312107
9887.7 -1.234 -0.311781
9948.73 -1.23202 -0.311456
10009.8 -1.23005 -0.311132
10070.8 -1.22808 -0.31081
10131.8 -1.22612 -0.310488
10192.9 -1.22416 -0.310168
10253.9 -1.22222 -0.309849
10314.9 -1.22028 -0.309531
10376 -1.21835 -0.309214
10437 -1.21642 -0.308899
10498 -1.2145 -0.308585
10559.1 -1.21259 -0.308271
10620.1 -1.21069 -0.307959
10681.2 -1.20879 -0.307648
10742.2 -1.2069 -0.307338
10803.2 -1.20502 -0.307029
10864.3 -1.20314 -0.306722
10925.3 -1.20127 -0.306415
10986.3 -1.19941 -0.30611
11047.4 -1.19755 -0.305805
11108.4 -1.1957 -0.305502
11169.4 -1.19386 -0.3052
11230.5 -1.19202 -0.304899
11291.5 -1.19019 -0.304599
11352.5 -1.18837 -0.3043
11413.6 -1.18655 -0.304002
11474.6 -1.18474 -0.303705
11535.6 -1.18293 -0.303409
11596.7 -1.18113 -0.303114
11657.7 -1.17934 -0.30282
11718.8 -1.17756 -0.302528
11779.8 -1.17578 -0.302236
11840.8 -1.174 -0.301945
11901.9 -1.17224 -0.301655
11962.9 -1.17047 -0.301367
12023.9 -1.16872 -0.301079
12085 -1.16697 -0.300792
12146 -1.16523 -0.300507
12207 -1.16349 -0.300222
12268.1 -1.16176 -0.299938
12329.1 -1.16003 -0.299655
12390.1 -1.15832 -0.299374
12451.2 -1.1566 -0.299093
12512.2 -1.1549 -0.298813
12573.2 -1.15319 -0.298534
12634.3 -1.1515 -0.298256
12695.3 -1.14981 -0.297979
12756.3 -1.14812 -0.297703
12817.4 -1.14645 -0.297428
12878.4 -1.14477 -0.297153
12939.5 -1.14311 -0.29688
13000.5 -1.14144 -0.296608
13061.5 -1.13979 -0.296336
13122.6 -1.13814 -0.296066
13183.6 -1.13649 -0.295796
13244.6 -1.13485 -0.295527
13305.7 -1.13322 -0.295259
13366.7 -1.13159 -0.294993
13427.7 -1.12997 -0.294726
13488.8 -1.12835 -0.294461
13549.8 -1.12674 -0.294197
13610.8 -1.12513 -0.293934
13671.9 -1.12353 -0.293671
13732.9 -1.12193 -0.293409
13793.9 -1.12034 -0.293148
13855 -1.11876 -0.292888
13916 -1.11717 -0.292629
13977.1 -1.1156 -0.292371
14038.1 -1.11403 -0.292114
14099.1 -1.11246 -0.291857
14160.2 -1.1109 -0.291601
14221.2 -1.10935 -0.291346
14282.2 -1.1078 -0.291092
14343.3 -1.10625 -0.290839
14404.3 -1.10471 -0.290587
14465.3 -1.10318 -0.290335
14526.4 -1.10165 -0.290084
14587.4 -1.10012 -0.289834
14648.4 -1.0986 -0.289585
14709.5 -1.09709 -0.289336
14770.5 -1.09558 -0.289089
14831.5 -1.09407 -0.288842
14892.6 -1.09257 -0.288596
14953.6 -1.09107 -0.288351
15014.6 -1.08958 -0.288106
15075.7 -1.0881 -0.287863
15136.7 -1.08661 -0.28762
15197.8 -1.08514 -0.287377
15258.8 -1.08366 -0.287136
15319.8 -1.0822 -0.286895
15380.9 -1.08073 -0.286656
15441.9 -1.07928 -0.286416
15502.9 -1.07782 -0.286178
15564 -1.07637 -0.285941
15625 -1.07493 -0.285704
15686 -1.07349 -0.285468
15747.1 -1.07205 -0.285232
15808.1 -1.07062 -0.284997
15869.1 -1.06919 -0.284764
15930.2 -1.06777 -0.28453
15991.2 -1.06635 -0.284298
16052.2 -1.06494 -0.284066
16113.3 -1.06353 -0.283835
16174.3 -1.06212 -0.283605
16235.4 -1.06072 -0.283375
16296.4 -1.05933 -0.283146
16357.4 -1.05793 -0.282918
16418.5 -1.05654 -0.28269
16479.5 -1.05516 -0.282464
16540.5 -1.05378 -0.282237
16601.6 -1.05241 -0.282012
16662.6 -1.05104 -0.281787
16723.6 -1.04967 -0.281563
16784.7 -1.04831 -0.28134
16845.7 -1.04695 -0.281117
16906.7 -1.04559 -0.280895
16967.8 -1.04424 -0.280674
17028.8 -1.0429 -0.280453
17089.8 -1.04155 -0.280233
17150.9 -1.04022 -0.280013
17211.9 -1.03888 -0.279795
17272.9 -1.03755 -0.279577
17334 -1.03622 -0.279359
17395 -1.0349 -0.279142
17456.1 -1.03358 -0.278926
17517.1 -1.03227 -0.278711
17578.1 -1.03096 -0.278496
17639.2 -1.02965 -0.278282
17700.2 -1.02835 -0.278068
17761.2 -1.02705 -0.277855
17822.3 -1.02576 -0.277643
17883.3 -1.02446 -0.277431
17944.3 -1.02318 -0.27722
18005.4 -1.02189 -0.27701
18066.4 -1.02061 -0.2768
18127.4 -1.01934 -0.276591
18188.5 -1.01806 -0.276382
18249.5 -1.0168 -0.276174
18310.5 -1.01553 -0.275967
18371.6 -1.01427 -0.27576
18432.6 -1.01301 -0.275554
18493.7 -1.01176 -0.275348
18554.7 -1.01051 -0.275143
18615.7 -1.00926 -0.274939
18676.8 -1.00802 -0.274735
18737.8 -1.00678 -0.274532
18798.8 -1.00554 -0.274329
18859.9 -1.00431 -0.274127
18920.9 -1.00308 -0.273926
18981.9 -1.00185 -0.273725
19043 -1.00063 -0.273525
19104 -0.999414 -0.273325
19165 -0.998199 -0.273126
19226.1 -0.996987 -0.272927
19287.1 -0.995779 -0.272729
19348.1 -0.994575 -0.272532
19409.2 -0.993373 -0.272335
19470.2 -0.992176 -0.272138
19531.2 -0.990981 -0.271943
19592.3 -0.98979 -0.271747
19653.3 -0.988602 -0.271553
19714.4 -0.987418 -0.271358
19775.4 -0.986237 -0.271165
19836.4 -0.985059 -0.270972
19897.5 -0.983885 -0.270779
19958.5 -0.982714 -0.270587
20019.5 -0.981546 -0.270396
20080.6 -0.980381 -0.270205
20141.6 -0.97922 -0.270015
20202.6 -0.978062 -0.269825
20263.7 -0.976907 -0.269635
20324.7 -0.975755 -0.269447
20385.7 -0.974607 -0.269258
20446.8 -0.973461 -0.269071
20507.8 -0.972319 -0.268883
20568.8 -0.97118 -0.268697
20629.9 -0.970044 -0.26851
20690.9 -0.968912 -0.268325
20752 -0.967782 -0.268139
20813 -0.966655 -0.267955
20874 -0.965532 -0.267771
20935.1 -0.964411 -0.267587
20996.1 -0.963294 -0.267404
21057.1 -0.96218 -0.267221
21118.2 -0.961068 -0.267039
21179.2 -0.95996 -0.266857
21240.2 -0.958855 -0.266676
21301.3 -0.957753 -0.266495
21362.3 -0.956653 -0.266315
21423.3 -0.955557 -0.266135
21484.4 -0.954464 -0.265956
21545.4 -0.953373 -0.265777
21606.4 -0.952286 -0.265599
21667.5 -0.951201 -0.265421
21728.5 -0.950119 -0.265244
21789.6 -0.949041 -0.265067
21850.6 -0.947965 -0.264891
21911.6 -0.946892 -0.264715
21972.7 -0.945822 -0.26454
22033.7 -0.944754 -0.264365
22094.7 -0.94369 -0.26419
22155.8 -0.942628 -0.264016
22216.8 -0.941569 -0.263842
22277.8 -0.940513 -0.263669
22338.9 -0.93946 -0.263497
22399.9 -0.93841 -0.263324
22460.9 -0.937362 -0.263153
22522 -0.936317 -0.262981
22583 -0.935275 -0.262811
22644 -0.934235 -0.26264
22705.1 -0.933198 -0.26247
22766.1 -0.932164 -0.262301
22827.1 -0.931133 -0.262132
22888.2 -0.930104 -0.261963
22949.2 -0.929078 -0.261795
23010.3 -0.928055 -0.261627
23071.3 -0.927035 -0.26146
23132.3 -0.926017 -0.261293
23193.4 -0.925001 -0.261126
23254.4 -0.923988 -0.26096
23315.4 -0.922978 -0.260795
23376.5 -0.921971 -0.26063
23437.5 -0.920966 -0.260465
23498.5 -0.919964 -0.260301
23559.6 -0.918964 -0.260137
23620.6 -0.917967 -0.259973
23681.6 -0.916972 -0.25981
23742.7 -0.91598 -0.259648
23803.7 -0.91499 -0.259485
23864.7 -0.914003 -0.259324
23925.8 -0.913019 -0.259162
23986.8 -0.912037 -0.259001
24047.9 -0.911057 -0.258841
24108.9 -0.91008 -0.25868
24169.9 -0.909106 -0.258521
24231 -0.908134 -0.258361
24292 -0.907164 -0.258202
24353 -0.906197 -0.258044
24414.1 -0.905232 -0.257886
24475.1 -0.90427 -0.257728
24536.1 -0.90331 -0.257571
24597.2 -0.902352 -0.257414
24658.2 -0.901397 -0.257257
24719.2 -0.900444 -0.257101
24780.3 -0.899494 -0.256945
24841.3 -0.898546 -0.25679
24902.3 -0.8976 -0.256635
24963.4 -0.896657 -0.25648
25024.4 -0.895716 -0.256326
25085.4 -0.894778 -0.256172
25146.5 -0.893841 -0.256018
25207.5 -0.892907 -0.255865
25268.6 -0.891976 -0.255713
25329.6 -0.891046 -0.25556
25390.6 -0.890119 -0.255408
25451.7 -0.889195 -0.255257
25512.7 -0.888272 -0.255106
25573.7 -0.887352 -0.254955
25634.8 -0.886434 -0.254804
25695.8 -0.885518 -0.254654
25756.8 -0.884605 -0.254504
25817.9 -0.883694 -0.254355
25878.9 -0.882785 -0.254206
25939.9 -0.881878 -0.254057
26001 -0.880973 -0.253909
26062 -0.880071 -0.253761
26123 -0.87917 -0.253613
26184.1 -0.878272 -0.253466
26245.1 -0.877377 -0.253319
26306.2 -0.876483 -0.253173
26367.2 -0.875591 -0.253027
26428.2 -0.874702 -0.252881
26489.3 -0.873815 -0.252735
26550.3 -0.872929 -0.25259
26611.3 -0.872046 -0.252446
26672.4 -0.871166 -0.252301
26733.4 -0.870287 -0.252157
26794.4 -0.86941 -0.252013
26855.5 -0.868535 -0.25187
26916.5 -0.867663 -0.251727
26977.5 -0.866793 -0.251584
27038.6 -0.865924 -0.251442
27099.6 -0.865058 -0.2513
27160.6 -0.864194 -0.251158
27221.7 -0.863331 -0.251017
27282.7 -0.862471 -0.250876
27343.8 -0.861613 -0.250735
27404.8 -0.860757 -0.250595
27465.8 -0.859903 -0.250455
27526.9 -0.859051 -0.250315
27587.9 -0.858201 -0.250176
27648.9 -0.857353 -0.250037
27710 -0.856507 -0.249898
27771 -0.855662 -0.24976
27832 -0.85482 -0.249622
27893.1 -0.85398 -0.249484
27954.1 -0.853142 -0.249347
28015.1 -0.852306 -0.24921
28076.2 -0.851471 -0.249073
28137.2 -0.850639 -0.248936
28198.2 -0.849809 -0.2488
28259.3 -0.84898 -0.248664
28320.3 -0.848153 -0.248529
28381.3 -0.847329 -0.248394
28442.4 -0.846506 -0.248259
28503.4 -0.845685 -0.248124
28564.5 -0.844866 -0.24799
28625.5 -0.844049 -0.247856
28686.5 -0.843234 -0.247722
28747.6 -0.84242 -0.247589
28808.6 -0.841609 -0.247456
28869.6 -0.840799 -0.247323
28930.7 -0.839991 -0.247191
28991.7 -0.839185 -0.247059
29052.7 -0.838381 -0.246927
29113.8 -0.837579 -0.246795
29174.8 -0.836778 -0.246664
29235.8 -0.83598 -0.246533
29296.9 -0.835183 -0.246403
29357.9 -0.834388 -0.246272
29418.9 -0.833594 -0.246142
29480 -0.832803 -0.246012
29541 -0.832013 -0.245883
29602.1 -0.831225 -0.245754
29663.1 -0.830439 -0.245625
29724.1 -0.829655 -0.245496
29785.2 -0.828872 -0.245368
29846.2 -0.828091 -0.24524
29907.2 -0.827312 -0.245112
29968.3 -0.826535 -0.244985
30029.3 -0.825759 -0.244858
30090.3 -0.824985 -0.244731
30151.4 -0.824213 -0.244604
30212.4 -0.823443 -0.244478
30273.4 -0.822674 -0.244352
30334.5 -0.821907 -0.244226
30395.5 -0.821142 -0.244101
30456.5 -0.820378 -0.243976
30517.6 -0.819616 -0.243851
30578.6 -0.818856 -0.243726
30639.6 -0.818097 -0.243602
30700.7 -0.81734 -0.243478
30761.7 -0.816585 -0.243354
30822.8 -0.815831 -0.24323
30883.8 -0.81508 -0.243107
30944.8 -0.814329 -0.242984
31005.9 -0.813581 -0.242861
31066.9 -0.812834 -0.242739
31127.9 -0.812088 -0.242617
31189 -0.811344 -0.242495
31250 -0.810602 -0.242373
31311 -0.809862 -0.242252
31372.1 -0.809123 -0.242131
31433.1 -0.808386 -0.24201
31494.1 -0.80765 -0.241889
31555.2 -0.806916 -0.241769
31616.2 -0.806183 -0.241649
31677.2 -0.805452 -0.241529
31738.3 -0.804723 -0.241409
31799.3 -0.803995 -0.24129
31860.4 -0.803269 -0.241171
31921.4 -0.802544 -0.241052
31982.4 -0.801821 -0.240934
32043.5 -0.801099 -0.240815
32104.5 -0.800379 -0.240697
32165.5 -0.799661 -0.24058
32226.6 -0.798944 -0.240462
32287.6 -0.798229 -0.240345
32348.6 -0.797515 -0.240228
32409.7 -0.796802 -0.240111
32470.7 -0.796092 -0.239994
32531.7 -0.795382 -0.239878
32592.8 -0.794674 -0.239762
32653.8 -0.793968 -0.239646
32714.8 -0.793263 -0.239531
32775.9 -0.79256 -0.239415
32836.9 -0.791858 -0.2393
32897.9 -0.791158 -0.239186
32959 -0.790459 -0.239071
33020 -0.789761 -0.238957
33081.1 -0.789065 -0.238843
33142.1 -0.788371 -0.238729
33203.1 -0.787678 -0.238615
33264.2 -0.786986 -0.238502
33325.2 -0.786296 -0.238389
33386.2 -0.785607 -0.238276
33447.3 -0.78492 -0.238163
33508.3 -0.784234 -0.238051
33569.3 -0.783549 -0.237938
33630.4 -0.782866 -0.237826
33691.4 -0.782185 -0.237715
33752.4 -0.781505 -0.237603
33813.5 -0.780826 -0.237492
33874.5 -0.780149 -0.237381
33935.5 -0.779473 -0.23727
33996.6 -0.778798 -0.237159
34057.6 -0.778125 -0.237049
34118.7 -0.777453 -0.236939
34179.7 -0.776783 -0.236829
34240.7 -0.776114 -0.236719
34301.8 -0.775446 -0.23661
34362.8 -0.77478 -0.236501
34423.8 -0.774115 -0.236392
34484.9 -0.773451 -0.236283
34545.9 -0.772789 -0.236174
34606.9 -0.772128 -0.236066
34668 -0.771469 -0.235958
34729 -0.77081 -0.23585
34790 -0.770154 -0.235742
34851.1 -0.769498 -0.235635
34912.1 -0.768844 -0.235528
34973.1 -0.768191 -0.235421
35034.2 -0.767539 -0.235314
35095.2 -0.766889 -0.235207
35156.2 -0.76624 -0.235101
35217.3 -0.765593 -0.234995
35278.3 -0.764947 -0.234889
35339.4 -0.764302 -0.234783
35400.4 -0.763658 -0.234678
35461.4 -0.763015 -0.234572
35522.5 -0.762374 -0.234467
35583.5 -0.761735 -0.234362
35644.5 -0.761096 -0.234258
35705.6 -0.760459 -0.234153
35766.6 -0.759823 -0.234049
35827.6 -0.759188 -0.233945
35888.7 -0.758555 -0.233841
35949.7 -0.757922 -0.233737
36010.7 -0.757291 -0.233634
36071.8 -0.756662 -0.233531
36132.8 -0.756033 -0.233428
36193.8 -0.755406 -0.233325
36254.9 -0.75478 -0.233222
36315.9 -0.754155 -0.23312
36377 -0.753532 -0.233018
36438 -0.75291 -0.232916
36499 -0.752289 -0.232814
36560.1 -0.751669 -0.232712
36621.1 -0.75105 -0.232611
36682.1 -0.750433 -0.23251
36743.2 -0.749817 -0.232409
36804.2 -0.749202 -0.232308
36865.2 -0.748588 -0.232207
36926.3 -0.747975 -0.232107
36987.3 -0.747364 -0.232006
37048.3 -0.746754 -0.231906
37109.4 -0.746145 -0.231807
37170.4 -0.745537 -0.231707
37231.4 -0.74493 -0.231608
37292.5 -0.744325 -0.231508
37353.5 -0.74372 -0.231409
37414.6 -0.743117 -0.23131
37475.6 -0.742515 -0.231212
37536.6 -0.741915 -0.231113
37597.7 -0.741315 -0.231015
37658.7 -0.740717 -0.230917
37719.7 -0.740119 -0.230819
37780.8 -0.739523 -0.230721
37841.8 -0.738928 -0.230624
37902.8 -0.738334 -0.230526
37963.9 -0.737741 -0.230429
38024.9 -0.73715 -0.230332
38085.9 -0.736559 -0.230235
38147 -0.73597 -0.230139
38208 -0.735382 -0.230042
38269 -0.734795 -0.229946
38330.1 -0.734209 -0.22985
38391.1 -0.733624 -0.229754
38452.1 -0.73304 -0.229658
38513.2 -0.732457 -0.229563
38574.2 -0.731876 -0.229468
38635.3 -0.731295 -0.229372
38696.3 -0.730716 -0.229277
38757.3 -0.730138 -0.229183
38818.4 -0.729561 -0.229088
38879.4 -0.728985 -0.228994
38940.4 -0.72841 -0.228899
39001.5 -0.727836 -0.228805
39062.5 -0.727263 -0.228711
39123.5 -0.726691 -0.228618
39184.6 -0.72612 -0.228524
39245.6 -0.725551 -0.228431
39306.6 -0.724982 -0.228337
39367.7 -0.724415 -0.228244
39428.7 -0.723848 -0.228152
39489.7 -0.723283 -0.228059
39550.8 -0.722719 -0.227966
39611.8 -0.722155 -0.227874
39672.9 -0.721593 -0.227782
39733.9 -0.721032 -0.22769
39794.9 -0.720472 -0.227598
39856 -0.719913 -0.227506
39917 -0.719355 -0.227415
39978 -0.718798 -0.227324
40039.1 -0.718242 -0.227232
40100.1 -0.717687 -0.227142
40161.1 -0.717133 -0.227051
40222.2 -0.71658 -0.22696
40283.2 -0.716028 -0.22687
40344.2 -0.715477 -0.226779
40405.3 -0.714927 -0.226689
40466.3 -0.714378 -0.226599
40527.3 -0.71383 -0.226509
40588.4 -0.713283 -0.22642
40649.4 -0.712737 -0.22633
40710.4 -0.712193 -0.226241
40771.5 -0.711649 -0.226152
40832.5 -0.711106 -0.226063
40893.6 -0.710564 -0.225974
40954.6 -0.710023 -0.225885
41015.6 -0.709483 -0.225797
41076.7 -0.708944 -0.225708
41137.7 -0.708406 -0.22562
41198.7 -0.707869 -0.225532
41259.8 -0.707333 -0.225444
41320.8 -0.706798 -0.225357
41381.8 -0.706264 -0.225269
41442.9 -0.70573 -0.225182
41503.9 -0.705198 -0.225094
41564.9 -0.704667 -0.225007
41626 -0.704137 -0.22492
41687 -0.703607 -0.224834
41748 -0.703079 -0.224747
41809.1 -0.702552 -0.22466
41870.1 -0.702025 -0.224574
41931.2 -0.701499 -0.224488
41992.2 -0.700975 -0.224402
42053.2 -0.700451 -0.224316
42114.3 -0.699928 -0.22423
42175.3 -0.699407 -0.224145
42236.3 -0.698886 -0.224059
42297.4 -0.698366 -0.223974
42358.4 -0.697847 -0.223889
42419.4 -0.697328 -0.223804
42480.5 -0.696811 -0.223719
42541.5 -0.696295 -0.223635
42602.5 -0.69578 -0.22355
42663.6 -0.695265 -0.223466
42724.6 -0.694752 -0.223382
42785.6 -0.694239 -0.223298
42846.7 -0.693727 -0.223214
42907.7 -0.693216 -0.22313
42968.8 -0.692706 -0.223047
43029.8 -0.692197 -0.222963
43090.8 -0.691689 -0.22288
43151.9 -0.691182 -0.222797
43212.9 -0.690675 -0.222714
43273.9 -0.69017 -0.222631
43335 -0.689665 -0.222548
43396 -0.689161 -0.222465
43457 -0.688658 -0.222383
43518.1 -0.688156 -0.222301
43579.1 -0.687655 -0.222218
43640.1 -0.687155 -0.222136
43701.2 -0.686655 -0.222055
43762.2 -0.686157 -0.221973
43823.2 -0.685659 -0.221891
43884.3 -0.685162 -0.22181
43945.3 -0.684666 -0.221729
44006.3 -0.684171 -0.221647
44067.4 -0.683677 -0.221566
44128.4 -0.683184 -0.221485
44189.5 -0.682691 -0.221405
44250.5 -0.682199 -0.221324
44311.5 -0.681708 -0.221244
44372.6 -0.681218 -0.221163
44433.6 -0.680729 -0.221083
44494.6 -0.680241 -0.221003
44555.7 -0.679753 -0.220923
44616.7 -0.679267 -0.220843
44677.7 -0.678781 -0.220764
44738.8 -0.678296 -0.220684
44799.8 -0.677812 -0.220605
44860.8 -0.677328 -0.220526
44921.9 -0.676846 -0.220446
44982.9 -0.676364 -0.220368
45043.9 -0.675883 -0.220289
45105 -0.675403 -0.22021
45166 -0.674923 -0.220131
45227.1 -0.674445 -0.220053
45288.1 -0.673967 -0.219975
45349.1 -0.67349 -0.219896
45410.2 -0.673014 -0.219818
45471.2 -0.672539 -0.219741
45532.2 -0.672065 -0.219663
45593.3 -0.671591 -0.219585
45654.3 -0.671118 -0.219508
45715.3 -0.670646 -0.21943
45776.4 -0.670174 -0.219353
45837.4 -0.669704 -0.219276
45898.4 -0.669234 -0.219199
45959.5 -0.668765 -0.219122
46020.5 -0.668297 -0.219045
46081.5 -0.66783 -0.218969
46142.6 -0.667363 -0.218892
46203.6 -0.666897 -0.218816
46264.6 -0.666432 -0.218739
46325.7 -0.665968 -0.218663
46386.7 -0.665504 -0.218587
46447.8 -0.665042 -0.218511
46508.8 -0.66458 -0.218436
46569.8 -0.664118 -0.21836
46630.9 -0.663658 -0.218285
46691.9 -0.663198 -0.218209
46752.9 -0.662739 -0.218134
46814 -0.662281 -0.218059
46875 -0.661824 -0.217984
46936 -0.661367 -0.217909
46997.1 -0.660911 -0.217834
47058.1 -0.660456 -0.21776
47119.1 -0.660001 -0.217685
47180.2 -0.659548 -0.217611
47241.2 -0.659095 -0.217537
47302.2 -0.658642 -0.217462
47363.3 -0.658191 -0.217388
47424.3 -0.65774 -0.217315
47485.4 -0.65729 -0.217241
47546.4 -0.656841 -0.217167
47607.4 -0.656392 -0.217094
47668.5 -0.655944 -0.21702
47729.5 -0.655497 -0.216947
47790.5 -0.655051 -0.216874
47851.6 -0.654605 -0.216801
47912.6 -0.65416 -0.216728
47973.6 -0.653716 -0.216655
48034.7 -0.653272 -0.216582
48095.7 -0.65283 -0.21651
48156.7 -0.652388 -0.216437
48217.8 -0.651946 -0.216365
48278.8 -0.651506 -0.216292
48339.8 -0.651066 -0.21622
48400.9 -0.650626 -0.216148
48461.9 -0.650188 -0.216076
48522.9 -0.64975 -0.216005
48584 -0.649313 -0.215933
48645 -0.648876 -0.215861
48706.1 -0.648441 -0.21579
48767.1 -0.648006 -0.215719
48828.1 -0.647571 -0.215648
48889.2 -0.647137 -0.215576
48950.2 -0.646704 -0.215505
49011.2 -0.646272 -0.215435
49072.3 -0.645841 -0.215364
49133.3 -0.64541 -0.215293
49194.3 -0.644979 -0.215223
49255.4 -0.64455 -0.215152
49316.4 -0.644121 -0.215082
49377.4 -0.643693 -0.215012
49438.5 -0.643265 -0.214942
49499.5 -0.642838 -0.214872
49560.5 -0.642412 -0.214802
49621.6 -0.641987 -0.214732
49682.6 -0.641562 -0.214662
49743.7 -0.641138 -0.214593
49804.7 -0.640714 -0.214523
49865.7 -0.640291 -0.214454
49926.8 -0.639869 -0.214385
49987.8 -0.639447 -0.214316
50048.8 -0.639027 -0.214247
50109.9 -0.638606 -0.214178
50170.9 -0.638187 -0.214109
50231.9 -0.637768 -0.21404
50293 -0.63735 -0.213972
50354 -0.636932 -0.213903
50415 -0.636515 -0.213835
50476.1 -0.636099 -0.213767
50537.1 -0.635683 -0.213699
50598.1 -0.635268 -0.213631
50659.2 -0.634854 -0.213563
50720.2 -0.63444 -0.213495
50781.2 -0.634027 -0.213427
50842.3 -0.633614 -0.21336
50903.3 -0.633202 -0.213292
50964.4 -0.632791 -0.213225
51025.4 -0.632381 -0.213157
51086.4 -0.631971 -0.21309
51147.5 -0.631561 -0.213023
51208.5 -0.631153 -0.212956
51269.5 -0.630745 -0.212889
51330.6 -0.630337 -0.212822
51391.6 -0.62993 -0.212756
51452.6 -0.629524 -0.212689
51513.7 -0.629119 -0.212623
51574.7 -0.628714 -0.212556
51635.7 -0.628309 -0.21249
51696.8 -0.627906 -0.212424
51757.8 -0.627502 -0.212358
51818.8 -0.6271 -0.212292
51879.9 -0.626698 -0.212226
51940.9 -0.626297 -0.21216
52002 -0.625896 -0.212094
52063 -0.625496 -0.212029
52124 -0.625097 -0.211963
52185.1 -0.624698 -0.211898
52246.1 -0.6243 -0.211833
52307.1 -0.623902 -0.211767
52368.2 -0.623505 -0.211702
52429.2 -0.623108 -0.211637
52490.2 -0.622713 -0.211572
52551.3 -0.622317 -0.211508
52612.3 -0.621923 -0.211443
52673.3 -0.621528 -0.211378
52734.4 -0.621135 -0.211314
52795.4 -0.620742 -0.211249
52856.4 -0.62035 -0.211185
52917.5 -0.619958 -0.211121
52978.5 -0.619567 -0.211057
53039.6 -0.619176 -0.210993
53100.6 -0.618786 -0.210929
53161.6 -0.618397 -0.210865
53222.7 -0.618008 -0.210801
53283.7 -0.61762 -0.210738
53344.7 -0.617232 -0.210674
53405.8 -0.616845 -0.210611
53466.8 -0.616459 -0.210547
53527.8 -0.616073 -0.210484
53588.9 -0.615687 -0.210421
53649.9 -0.615302 -0.210358
53710.9 -0.614918 -0.210295
53772 -0.614534 -0.210232
53833 -0.614151 -0.210169
53894 -0.613769 -0.210106
53955.1 -0.613387 -0.210044
54016.1 -0.613005 -0.209981
54077.1 -0.612625 -0.209919
54138.2 -0.612244 -0.209856
54199.2 -0.611864 -0.209794
54260.3 -0.611485 -0.209732
54321.3 -0.611107 -0.20967
54382.3 -0.610729 -0.209608
54443.4 -0.610351 -0.209546
54504.4 -0.609974 -0.209484
54565.4 -0.609598 -0.209423
54626.5 -0.609222 -0.209361
54687.5 -0.608846 -0.209299
54748.5 -0.608471 -0.209238
54809.6 -0.608097 -0.209177
54870.6 -0.607724 -0.209115
54931.6 -0.60735 -0.209054
54992.7 -0.606978 -0.208993
55053.7 -0.606606 -0.208932
55114.7 -0.606234 -0.208871
55175.8 -0.605863 -0.20881
55236.8 -0.605493 -0.20875
55297.9 -0.605123 -0.208689
55358.9 -0.604753 -0.208628
55419.9 -0.604384 -0.208568
55481 -0.604016 -0.208508
55542 -0.603648 -0.208447
55603 -0.603281 -0.208387
55664.1 -0.602914 -0.208327
55725.1 -0.602548 -0.208267
55786.1 -0.602182 -0.208207
55847.2 -0.601817 -0.208147
55908.2 -0.601452 -0.208087
55969.2 -0.601088 -0.208028
56030.3 -0.600724 -0.207968
56091.3 -0.600361 -0.207908
56152.3 -0.599998 -0.207849
56213.4 -0.599636 -0.20779
56274.4 -0.599275 -0.20773
56335.4 -0.598914 -0.207671
56396.5 -0.598553 -0.207612
56457.5 -0.598193 -0.207553
56518.6 -0.597833 -0.207494
56579.6 -0.597474 -0.207435
56640.6 -0.597116 -0.207376
56701.7 -0.596758 -0.207318
56762.7 -0.5964 -0.207259
56823.7 -0.596043 -0.207201
56884.8 -0.595687 -0.207142
56945.8 -0.595331 -0.207084
57006.8 -0.594975 -0.207026
57067.9 -0.59462 -0.206967
57128.9 -0.594266 -0.206909
57189.9 -0.593912 -0.206851
57251 -0.593558 -0.206793
57312 -0.593205 -0.206735
57373 -0.592852 -0.206678
57434.1 -0.5925 -0.20662
57495.1 -0.592149 -0.206562
57556.2 -0.591798 -0.206505
57617.2 -0.591447 -0.206447
57678.2 -0.591097 -0.20639
57739.3 -0.590747 -0.206332
57800.3 -0.590398 -0.206275
57861.3 -0.59005 -0.206218
57922.4 -0.589701 -0.206161
57983.4 -0.589354 -0.206104
58044.4 -0.589007 -0.206047
58105.5 -0.58866 -0.20599
58166.5 -0.588314 -0.205933
58227.5 -0.587968 -0.205877
58288.6 -0.587623 -0.20582
58349.6 -0.587278 -0.205764
58410.6 -0.586933 -0.205707
58471.7 -0.586589 -0.205651
58532.7 -0.586246 -0.205595
58593.8 -0.585903 -0.205538
58654.8 -0.585561 -0.205482
58715.8 -0.585219 -0.205426
58776.9 -0.584877 -0.20537
58837.9 -0.584536 -0.205314
58898.9 -0.584195 -0.205258
58960 -0.583855 -0.205203
59021 -0.583516 -0.205147
59082 -0.583176 -0.205091
59143.1 -0.582838 -0.205036
59204.1 -0.582499 -0.20498
59265.1 -0.582162 -0.204925
59326.2 -0.581824 -0.20487
59387.2 -0.581487 -0.204814
59448.2 -0.581151 -0.204759
59509.3 -0.580815 -0.204704
59570.3 -0.580479 -0.204649
59631.3 -0.580144 -0.204594
59692.4 -0.57981 -0.204539
59753.4 -0.579475 -0.204485
59814.5 -0.579142 -0.20443
59875.5 -0.578808 -0.204375
59936.5 -0.578476 -0.204321
59997.6 -0.578143 -0.204266
60058.6 -0.577811 -0.204212
60119.6 -0.57748 -0.204157
60180.7 -0.577149 -0.204103
60241.7 -0.576818 -0.204049
60302.7 -0.576488 -0.203995
60363.8 -0.576158 -0.203941
60424.8 -0.575829 -0.203887
60485.8 -0.5755 -0.203833
60546.9 -0.575171 -0.203779
60607.9 -0.574843 -0.203725
60668.9 -0.574516 -0.203672
60730 -0.574189 -0.203618
60791 -0.573862 -0.203564
60852.1 -0.573536 -0.203511
60913.1 -0.57321 -0.203458
60974.1 -0.572885 -0.203404
61035.2 -0.57256 -0.203351
61096.2 -0.572235 -0.203298
61157.2 -0.571911 -0.203245
61218.3 -0.571587 -0.203192
61279.3 -0.571264 -0.203139
61340.3 -0.570941 -0.203086
61401.4 -0.570619 -0.203033
61462.4 -0.570297 -0.20298
61523.4 -0.569975 -0.202927
61584.5 -0.569654 -0.202875
61645.5 -0.569334 -0.202822
61706.5 -0.569013 -0.20277
61767.6 -0.568693 -0.202717
61828.6 -0.568374 -0.202665
61889.6 -0.568055 -0.202613
61950.7 -0.567736 -0.20256
62011.7 -0.567418 -0.202508
62072.8 -0.5671 -0.202456
62133.8 -0.566783 -0.202404
62194.8 -0.566466 -0.202352
62255.9 -0.56615 -0.2023
62316.9 -0.565833 -0.202248
62377.9 -0.565518 -0.202197
62439 -0.565202 -0.202145
62500 -0.564887 -0.202093
62561 -0.564573 -0.202042
62622.1 -0.564259 -0.20199
62683.1 -0.563945 -0.201939
62744.1 -0.563632 -0.201887
62805.2 -0.563319 -0.201836
62866.2 -0.563007 -0.201785
62927.2 -0.562694 -0.201734
62988.3 -0.562383 -0.201683
63049.3 -0.562072 -0.201632
63110.4 -0.561761 -0.201581
63171.4 -0.56145 -0.20153
63232.4 -0.56114 -0.201479
63293.5 -0.56083 -0.201428
63354.5 -0.560521 -0.201377
63415.5 -0.560212 -0.201327
63476.6 -0.559904 -0.201276
63537.6 -0.559596 -0.201226
63598.6 -0.559288 -0.201175
63659.7 -0.558981 -0.201125
63720.7 -0.558674 -0.201075
63781.7 -0.558367 -0.201024
63842.8 -0.558061 -0.200974
63903.8 -0.557755 -0.200924
63964.8 -0.55745 -0.200874
64025.9 -0.557145 -0.200824
64086.9 -0.55684 -0.200774
64147.9 -0.556536 -0.200724
64209 -0.556232 -0.200674
64270 -0.555929 -0.200625
64331.1 -0.555626 -0.200575
64392.1 -0.555323 -0.200525
64453.1 -0.555021 -0.200476
64514.2 -0.554719 -0.200426
64575.2 -0.554417 -0.200377
64636.2 -0.554116 -0.200328
64697.3 -0.553815 -0.200278
64758.3 -0.553515 -0.200229
64819.3 -0.553215 -0.20018
64880.4 -0.552915 -0.200131
64941.4 -0.552616 -0.200082
65002.4 -0.552317 -0.200033
65063.5 -0.552019 -0.199984
65124.5 -0.551721 -0.199935
65185.5 -0.551423 -0.199886
65246.6 -0.551125 -0.199837
65307.6 -0.550828 -0.199789
65368.7 -0.550532 -0.19974
65429.7 -0.550235 -0.199691
65490.7 -0.549939 -0.199643
65551.8 -0.549644 -0.199594
65612.8 -0.549349 -0.199546
65673.8 -0.549054 -0.199498
65734.9 -0.548759 -0.199449
65795.9 -0.548465 -0.199401
65856.9 -0.548171 -0.199353
65918 -0.547878 -0.199305
65979 -0.547585 -0.199257
66040 -0.547292 -0.199209
66101.1 -0.547 -0.199161
66162.1 -0.546708 -0.199113
66223.1 -0.546416 -0.199065
66284.2 -0.546125 -0.199018
66345.2 -0.545834 -0.19897
66406.2 -0.545544 -0.198922
66467.3 -0.545254 -0.198875
66528.3 -0.544964 -0.198827
66589.4 -0.544674 -0.19878
66650.4 -0.544385 -0.198732
66711.4 -0.544097 -0.198685
66772.5 -0.543808 -0.198638
66833.5 -0.54352 -0.198591
66894.5 -0.543232 -0.198543
66955.6 -0.542945 -0.198496
67016.6 -0.542658 -0.198449
67077.6 -0.542372 -0.198402
67138.7 -0.542085 -0.198355
67199.7 -0.541799 -0.198308
67260.7 -0.541514 -0.198262
67321.8 -0.541228 -0.198215
67382.8 -0.540944 -0.198168
67443.8 -0.540659 -0.198121
67504.9 -0.540375 -0.198075
67565.9 -0.540091 -0.198028
67627 -0.539807 -0.197982
67688 -0.539524 -0.197935
67749 -0.539241 -0.197889
67810.1 -0.538959 -0.197843
67871.1 -0.538677 -0.197797
67932.1 -0.538395 -0.19775
67993.2 -0.538113 -0.197704
68054.2 -0.537832 -0.197658
68115.2 -0.537551 -0.197612
68176.3 -0.537271 -0.197566
68237.3 -0.536991 -0.19752
68298.3 -0.536711 -0.197474
68359.4 -0.536431 -0.197428
68420.4 -0.536152 -0.197383
68481.4 -0.535873 -0.197337
68542.5 -0.535595 -0.197291
68603.5 -0.535317 -0.197246
68664.6 -0.535039 -0.1972
68725.6 -0.534761 -0.197155
68786.6 -0.534484 -0.197109
68847.7 -0.534207 -0.197064
68908.7 -0.533931 -0.197019
68969.7 -0.533655 -0.196973
69030.8 -0.533379 -0.196928
69091.8 -0.533103 -0.196883
69152.8 -0.532828 -0.196838
69213.9 -0.532553 -0.196793
69274.9 -0.532278 -0.196748
69335.9 -0.532004 -0.196703
69397 -0.53173 -0.196658
69458 -0.531457 -0.196613
69519 -0.531183 -0.196568
69580.1 -0.53091 -0.196523
69641.1 -0.530638 -0.196479
69702.1 -0.530365 -0.196434
69763.2 -0.530093 -0.196389
69824.2 -0.529822 -0.196345
69885.3 -0.52955 -0.1963
69946.3 -0.529279 -0.196256
70007.3 -0.529009 -0.196212
70068.4 -0.528738 -0.196167
70129.4 -0.528468 -0.196123
70190.4 -0.528198 -0.196079
70251.5 -0.527929 -0.196035
70312.5 -0.52766 -0.195991
70373.5 -0.527391 -0.195946
70434.6 -0.527122 -0.195902
70495.6 -0.526854 -0.195858
70556.6 -0.526586 -0.195815
70617.7 -0.526319 -0.195771
70678.7 -0.526051 -0.195727
70739.7 -0.525784 -0.195683
70800.8 -0.525518 -0.195639
70861.8 -0.525251 -0.195596
70922.9 -0.524985 -0.195552
70983.9 -0.524719 -0.195509
71044.9 -0.524454 -0.195465
71106 -0.524189 -0.195422
71167 -0.523924 -0.195378
71228 -0.523659 -0.195335
71289.1 -0.523395 -0.195291
71350.1 -0.523131 -0.195248
71411.1 -0.522868 -0.195205
71472.2 -0.522604 -0.195162
71533.2 -0.522341 -0.195119
71594.2 -0.522078 -0.195076
71655.3 -0.521816 -0.195033
71716.3 -0.521554 -0.19499
71777.3 -0.521292 -0.194947
71838.4 -0.52103 -0.194904
71899.4 -0.520769 -0.194861
71960.4 -0.520508 -0.194818
72021.5 -0.520248 -0.194775
72082.5 -0.519987 -0.194733
72143.6 -0.519727 -0.19469
72204.6 -0.519467 -0.194648
72265.6 -0.519208 -0.194605
72326.7 -0.518949 -0.194563
72387.7 -0.51869 -0.19452
72448.7 -0.518431 -0.194478
72509.8 -0.518173 -0.194435
72570.8 -0.517915 -0.194393
72631.8 -0.517657 -0.194351
72692.9 -0.5174 -0.194309
72753.9 -0.517143 -0.194266
72814.9 -0.516886 -0.194224
72876 -0.516629 -0.194182
72937 -0.516373 -0.19414
72998 -0.516117 -0.194098
73059.1 -0.515861 -0.194056
73120.1 -0.515606 -0.194015
73181.2 -0.515351 -0.193973
73242.2 -0.515096 -0.193931
73303.2 -0.514841 -0.193889
73364.3 -0.514587 -0.193848
73425.3 -0.514333 -0.193806
73486.3 -0.514079 -0.193764
73547.4 -0.513826 -0.193723
73608.4 -0.513573 -0.193681
73669.4 -0.51332 -0.19364
73730.5 -0.513067 -0.193598
73791.5 -0.512815 -0.193557
73852.5 -0.512563 -0.193516
73913.6 -0.512311 -0.193474
73974.6 -0.51206 -0.193433
74035.6 -0.511808 -0.193392
74096.7 -0.511557 -0.193351
74157.7 -0.511307 -0.19331
74218.8 -0.511056 -0.193269
74279.8 -0.510806 -0.193228
74340.8 -0.510557 -0.193187
74401.9 -0.510307 -0.193146
74462.9 -0.510058 -0.193105
74523.9 -0.509809 -0.193064
74585 -0.50956 -0.193023
74646 -0.509312 -0.192983
74707 -0.509063 -0.192942
74768.1 -0.508815 -0.192901
74829.1 -0.508568 -0.192861
74890.1 -0.50832 -0.19282
74951.2 -0.508073 -0.19278
75012.2 -0.507827 -0.192739
75073.2 -0.50758 -0.192699
75134.3 -0.507334 -0.192658
75195.3 -0.507088 -0.192618
75256.3 -0.506842 -0.192578
75317.4 -0.506596 -0.192538
75378.4 -0.506351 -0.192497
75439.5 -0.506106 -0.192457
75500.5 -0.505861 -0.192417
75561.5 -0.505617 -0.192377
75622.6 -0.505373 -0.192337
75683.6 -0.505129 -0.192297
75744.6 -0.504885 -0.192257
75805.7 -0.504642 -0.192217
75866.7 -0.504399 -0.192177
75927.7 -0.504156 -0.192138
75988.8 -0.503913 -0.192098
76049.8 -0.503671 -0.192058
76110.8 -0.503429 -0.192018
76171.9 -0.503187 -0.191979
76232.9 -0.502946 -0.191939
76293.9 -0.502704 -0.1919
76355 -0.502463 -0.19186
76416 -0.502222 -0.191821
76477.1 -0.501982 -0.191781
76538.1 -0.501742 -0.191742
76599.1 -0.501502 -0.191702
76660.2 -0.501262 -0.191663
76721.2 -0.501022 -0.191624
76782.2 -0.500783 -0.191585
76843.3 -0.500544 -0.191546
76904.3 -0.500305 -0.191506
76965.3 -0.500067 -0.191467
77026.4 -0.499829 -0.191428
77087.4 -0.499591 -0.191389
77148.4 -0.499353 -0.19135
77209.5 -0.499116 -0.191311
77270.5 -0.498878 -0.191272
77331.5 -0.498641 -0.191234
77392.6 -0.498405 -0.191195
77453.6 -0.498168 -0.191156
77514.6 -0.497932 -0.191117
77575.7 -0.497696 -0.191079
77636.7 -0.49746 -0.19104
77697.8 -0.497225 -0.191001
77758.8 -0.49699 -0.190963
77819.8 -0.496755 -0.190924
77880.9 -0.49652 -0.190886
77941.9 -0.496285 -0.190847
78002.9 -0.496051 -0.190809
78064 -0.495817 -0.190771
78125 -0.495583 -0.190732
78186 -0.49535 -0.190694
78247.1 -0.495117 -0.190656
78308.1 -0.494884 -0.190618
78369.1 -0.494651 -0.190579
78430.2 -0.494418 -0.190541
78491.2 -0.494186 -0.190503
78552.2 -0.493954 -0.190465
78613.3 -0.493722 -0.190427
78674.3 -0.493491 -0.190389
78735.4 -0.493259 -0.190351
78796.4 -0.493028 -0.190313
78857.4 -0.492797 -0.190276
78918.5 -0.492567 -0.190238
78979.5 -0.492336 -0.1902
79040.5 -0.492106 -0.190162
79101.6 -0.491876 -0.190125
79162.6 -0.491647 -0.190087
79223.6 -0.491417 -0.190049
79284.7 -0.491188 -0.190012
79345.7 -0.490959 -0.189974
79406.7 -0.49073 -0.189937
79467.8 -0.490502 -0.189899
79528.8 -0.490274 -0.189862
79589.8 -0.490045 -0.189824
79650.9 -0.489818 -0.189787
79711.9 -0.48959 -0.18975
79772.9 -0.489363 -0.189713
79834 -0.489136 -0.189675
79895 -0.488909 -0.189638
79956.1 -0.488682 -0.189601
80017.1 -0.488456 -0.189564
80078.1 -0.48823 -0.189527
80139.2 -0.488004 -0.18949
80200.2 -0.487778 -0.189453
80261.2 -0.487553 -0.189416
80322.3 -0.487327 -0.189379
80383.3 -0.487102 -0.189342
80444.3 -0.486878 -0.189305
80505.4 -0.486653 -0.189268
80566.4 -0.486429 -0.189232
80627.4 -0.486205 -0.189195
80688.5 -0.485981 -0.189158
80749.5 -0.485757 -0.189121
80810.5 -0.485534 -0.189085
80871.6 -0.48531 -0.189048
80932.6 -0.485087 -0.189012
80993.7 -0.484865 -0.188975
81054.7 -0.484642 -0.188939
81115.7 -0.48442 -0.188902
81176.8 -0.484198 -0.188866
81237.8 -0.483976 -0.188829
81298.8 -0.483754 -0.188793
81359.9 -0.483533 -0.188757
81420.9 -0.483312 -0.188721
81481.9 -0.483091 -0.188684
81543 -0.48287 -0.188648
81604 -0.48265 -0.188612
81665 -0.482429 -0.188576
81726.1 -0.482209 -0.18854
81787.1 -0.481989 -0.188504
81848.1 -0.48177 -0.188468
81909.2 -0.48155 -0.188432
81970.2 -0.481331 -0.188396
82031.2 -0.481112 -0.18836
82092.3 -0.480893 -0.188324
82153.3 -0.480675 -0.188288
82214.4 -0.480456 -0.188253
82275.4 -0.480238 -0.188217
82336.4 -0.48002 -0.188181
82397.5 -0.479803 -0.188145
82458.5 -0.479585 -0.18811
82519.5 -0.479368 -0.188074
82580.6 -0.479151 -0.188038
82641.6 -0.478934 -0.188003
82702.6 -0.478717 -0.187967
82763.7 -0.478501 -0.187932
82824.7 -0.478285 -0.187897
82885.7 -0.478069 -0.187861
82946.8 -0.477853 -0.187826
83007.8 -0.477637 -0.18779
83068.8 -0.477422 -0.187755
83129.9 -0.477207 -0.18772
83190.9 -0.476992 -0.187685
83252 -0.476777 -0.187649
83313 -0.476563 -0.187614
83374 -0.476348 -0.187579
83435.1 -0.476134 -0.187544
83496.1 -0.47592 -0.187509
83557.1 -0.475707 -0.187474
83618.2 -0.475493 -0.187439
83679.2 -0.47528 -0.187404
83740.2 -0.475067 -0.187369
83801.3 -0.474854 -0.187334
83862.3 -0.474642 -0.187299
83923.3 -0.474429 -0.187264
83984.4 -0.474217 -0.18723
84045.4 -0.474005 -0.187195
84106.4 -0.473793 -0.18716
84167.5 -0.473581 -0.187126
84228.5 -0.47337 -0.187091
84289.6 -0.473159 -0.187056
84350.6 -0.472948 -0.187022
84411.6 -0.472737 -0.186987
84472.7 -0.472526 -0.186953
84533.7 -0.472316 -0.186918
84594.7 -0.472106 -0.186884
84655.8 -0.471896 -0.186849
84716.8 -0.471686 -0.186815
84777.8 -0.471476 -0.18678
84838.9 -0.471267 -0.186746
84899.9 -0.471058 -0.186712
84960.9 -0.470849 -0.186678
85022 -0.47064 -0.186643
85083 -0.470432 -0.186609
85144 -0.470223 -0.186575
85205.1 -0.470015 -0.186541
85266.1 -0.469807 -0.186507
85327.1 -0.469599 -0.186473
85388.2 -0.469392 -0.186439
85449.2 -0.469184 -0.186405
85510.3 -0.468977 -0.186371
85571.3 -0.46877 -0.186337
85632.3 -0.468563 -0.186303
85693.4 -0.468357 -0.186269
85754.4 -0.46815 -0.186235
85815.4 -0.467944 -0.186201
85876.5 -0.467738 -0.186168
85937.5 -0.467532 -0.186134
85998.5 -0.467327 -0.1861
86059.6 -0.467121 -0.186066
86120.6 -0.466916 -0.186033
86181.6 -0.466711 -0.185999
86242.7 -0.466506 -0.185966
86303.7 -0.466301 -0.185932
86364.7 -0.466097 -0.185899
86425.8 -0.465892 -0.185865
86486.8 -0.465688 -0.185832
86547.9 -0.465485 -0.185798
86608.9 -0.465281 -0.185765
86669.9 -0.465077 -0.185731
86731 -0.464874 -0.185698
86792 -0.464671 -0.185665
86853 -0.464468 -0.185632
86914.1 -0.464265 -0.185598
86975.1 -0.464063 -0.185565
87036.1 -0.46386 -0.185532
87097.2 -0.463658 -0.185499
87158.2 -0.463456 -0.185466
87219.2 -0.463254 -0.185433
87280.3 -0.463053 -0.1854
87341.3 -0.462851 -0.185366
87402.3 -0.46265 -0.185334
87463.4 -0.462449 -0.185301
87524.4 -0.462248 -0.185268
87585.4 -0.462047 -0.185235
87646.5 -0.461847 -0.185202
87707.5 -0.461646 -0.185169
87768.6 -0.461446 -0.185136
87829.6 -0.461246 -0.185103
87890.6 -0.461046 -0.185071
87951.7 -0.460847 -0.185038
88012.7 -0.460647 -0.185005
88073.7 -0.460448 -0.184973
88134.8 -0.460249 -0.18494
88195.8 -0.46005 -0.184907
88256.8 -0.459852 -0.184875
88317.9 -0.459653 -0.184842
88378.9 -0.459455 -0.18481
88439.9 -0.459257 -0.184777
88501 -0.459059 -0.184745
88562 -0.458861 -0.184712
88623 -0.458663 -0.18468
88684.1 -0.458466 -0.184648
88745.1 -0.458269 -0.184615
88806.2 -0.458072 -0.184583
88867.2 -0.457875 -0.184551
88928.2 -0.457678 -0.184519
88989.3 -0.457482 -0.184486
89050.3 -0.457285 -0.184454
89111.3 -0.457089 -0.184422
89172.4 -0.456893 -0.18439
89233.4 -0.456697 -0.184358
89294.4 -0.456502 -0.184326
89355.5 -0.456306 -0.184294
89416.5 -0.456111 -0.184262
89477.5 -0.455916 -0.18423
89538.6 -0.455721 -0.184198
89599.6 -0.455526 -0.184166
89660.6 -0.455332 -0.184134
89721.7 -0.455137 -0.184102
89782.7 -0.454943 -0.18407
89843.8 -0.454749 -0.184038
89904.8 -0.454555 -0.184007
89965.8 -0.454362 -0.183975
90026.9 -0.454168 -0.183943
90087.9 -0.453975 -0.183911
90148.9 -0.453781 -0.18388
90210 -0.453588 -0.183848
90271 -0.453396 -0.183816
90332 -0.453203 -0.183785
90393.1 -0.453011 -0.183753
90454.1 -0.452818 -0.183722
90515.1 -0.452626 -0.18369
90576.2 -0.452434 -0.183659
90637.2 -0.452242 -0.183627
90698.2 -0.452051 -0.183596
90759.3 -0.451859 -0.183565
90820.3 -0.451668 -0.183533
90881.3 -0.451477 -0.183502
90942.4 -0.451286 -0.183471
91003.4 -0.451095 -0.183439
91064.5 -0.450904 -0.183408
91125.5 -0.450714 -0.183377
91186.5 -0.450524 -0.183346
91247.6 -0.450334 -0.183315
91308.6 -0.450144 -0.183283
91369.6 -0.449954 -0.183252
91430.7 -0.449764 -0.183221
91491.7 -0.449575 -0.18319
91552.7 -0.449386 -0.183159
91613.8 -0.449197 -0.183128
91674.8 -0.449008 -0.183097
91735.8 -0.448819 -0.183066
91796.9 -0.44863 -0.183035
91857.9 -0.448442 -0.183004
91918.9 -0.448253 -0.182974
91980 -0.448065 -0.182943
92041 -0.447877 -0.182912
92102.1 -0.44769 -0.182881
92163.1 -0.447502 -0.18285
92224.1 -0.447315 -0.18282
92285.2 -0.447127 -0.182789
92346.2 -0.44694 -0.182758
92407.2 -0.446753 -0.182728
92468.3 -0.446566 -0.182697
92529.3 -0.44638 -0.182666
92590.3 -0.446193 -0.182636
92651.4 -0.446007 -0.182605
92712.4 -0.445821 -0.182575
92773.4 -0.445635 -0.182544
92834.5 -0.445449 -0.182514
92895.5 -0.445263 -0.182483
92956.5 -0.445078 -0.182453
93017.6 -0.444892 -0.182423
93078.6 -0.444707 -0.182392
93139.6 -0.444522 -0.182362
93200.7 -0.444337 -0.182332
93261.7 -0.444153 -0.182301
93322.8 -0.443968 -0.182271
93383.8 -0.443784 -0.182241
93444.8 -0.443599 -0.182211
93505.9 -0.443415 -0.18218
93566.9 -0.443231 -0.18215
93627.9 -0.443048 -0.18212
93689 -0.442864 -0.18209
93750 -0.442681 -0.18206
93811 -0.442497 -0.18203
93872.1 -0.442314 -0.182
93933.1 -0.442131 -0.18197
93994.1 -0.441948 -0.18194
94055.2 -0.441766 -0.18191
94116.2 -0.441583 -0.18188
94177.2 -0.441401 -0.18185
94238.3 -0.441219 -0.18182
94299.3 -0.441036 -0.18179
94360.4 -0.440855 -0.181761
94421.4 -0.440673 -0.181731
94482.4 -0.440491 -0.181701
94543.5 -0.44031 -0.181671
94604.5 -0.440129 -0.181642
94665.5 -0.439947 -0.181612
94726.6 -0.439766 -0.181582
94787.6 -0.439586 -0.181553
94848.6 -0.439405 -0.181523
94909.7 -0.439224 -0.181493
94970.7 -0.439044 -0.181464
95031.7 -0.438864 -0.181434
95092.8 -0.438684 -0.181405
95153.8 -0.438504 -0.181375
95214.8 -0.438324 -0.181346
95275.9 -0.438144 -0.181316
95336.9 -0.437965 -0.181287
95397.9 -0.437786 -0.181258
95459 -0.437607 -0.181228
95520 -0.437428 -0.181199
95581.1 -0.437249 -0.18117
95642.1 -0.43707 -0.18114
95703.1 -0.436891 -0.181111
95764.2 -0.436713 -0.181082
95825.2 -0.436535 -0.181052
95886.2 -0.436357 -0.181023
95947.3 -0.436179 -0.180994
96008.3 -0.436001 -0.180965
96069.3 -0.435823 -0.180936
96130.4 -0.435646 -0.180907
96191.4 -0.435468 -0.180878
96252.4 -0.435291 -0.180849
96313.5 -0.435114 -0.18082
96374.5 -0.434937 -0.180791
96435.5 -0.43476 -0.180762
96496.6 -0.434584 -0.180733
96557.6 -0.434407 -0.180704
96618.7 -0.434231 -0.180675
96679.7 -0.434055 -0.180646
96740.7 -0.433878 -0.180617
96801.8 -0.433703 -0.180588
96862.8 -0.433527 -0.180559
96923.8 -0.433351 -0.180531
96984.9 -0.433176 -0.180502
97045.9 -0.433 -0.180473
97106.9 -0.432825 -0.180444
97168 -0.43265 -0.180416
97229 -0.432475 -0.180387
97290 -0.4323 -0.180358
97351.1 -0.432126 -0.18033
97412.1 -0.431951 -0.180301
97473.1 -0.431777 -0.180273
97534.2 -0.431603 -0.180244
97595.2 -0.431429 -0.180215
97656.2 -0.431255 -0.180187
97717.3 -0.431081 -0.180158
97778.3 -0.430907 -0.18013
97839.4 -0.430734 -0.180102
97900.4 -0.430561 -0.180073
97961.4 -0.430387 -0.180045
98022.5 -0.430214 -0.180016
98083.5 -0.430041 -0.179988
98144.5 -0.429869 -0.17996
98205.6 -0.429696 -0.179931
98266.6 -0.429523 -0.179903
98327.6 -0.429351 -0.179875
98388.7 -0.429179 -0.179847
98449.7 -0.429007 -0.179818
98510.7 -0.428835 -0.17979
98571.8 -0.428663 -0.179762
98632.8 -0.428491 -0.179734
98693.8 -0.42832 -0.179706
98754.9 -0.428148 -0.179678
98815.9 -0.427977 -0.17965
98877 -0.427806 -0.179622
98938 -0.427635 -0.179594
98999 -0.427464 -0.179566
99060.1 -0.427293 -0.179538
99121.1 -0.427123 -0.17951
99182.1 -0.426952 -0.179482
99243.2 -0.426782 -0.179454
99304.2 -0.426612 -0.179426
99365.2 -0.426442 -0.179398
99426.3 -0.426272 -0.17937
99487.3 -0.426102 -0.179342
99548.3 -0.425933 -0.179314
99609.4 -0.425763 -0.179287
99670.4 -0.425594 -0.179259
99731.4 -0.425424 -0.179231
99792.5 -0.425255 -0.179203
99853.5 -0.425086 -0.179176
99914.6 -0.424918 -0.179148
99975.6 -0.424749 -0.17912
100037 -0.42458 -0.179093
100098 -0.424412 -0.179065
100159 -0.424244 -0.179038
100220 -0.424075 -0.17901
100281 -0.423907 -0.178982
100342 -0.42374 -0.178955
100403 -0.423572 -0.178927
100464 -0.423404 -0.1789
100525 -0.423237 -0.178873
100586 -0.423069 -0.178845
100647 -0.422902 -0.178818
100708 -0.422735 -0.17879
100769 -0.422568 -0.178763
100830 -0.422401 -0.178736
100891 -0.422234 -0.178708
100952 -0.422068 -0.178681
101013 -0.421901 -0.178654
101074 -0.421735 -0.178626
101135 -0.421569 -0.178599
101196 -0.421403 -0.178572
101257 -0.421237 -0.178545
101318 -0.421071 -0.178518
101379 -0.420905 -0.17849
101440 -0.42074 -0.178463
101501 -0.420574 -0.178436
101562 -0.420409 -0.178409
101624 -0.420244 -0.178382
101685 -0.420079 -0.178355
101746 -0.419914 -0.178328
101807 -0.419749 -0.178301
101868 -0.419585 -0.178274
101929 -0.41942 -0.178247
101990 -0.419256 -0.17822
102051 -0.419091 -0.178193
102112 -0.418927 -0.178166
102173 -0.418763 -0.178139
102234 -0.418599 -0.178112
102295 -0.418436 -0.178085
102356 -0.418272 -0.178059
102417 -0.418108 -0.178032
102478 -0.417945 -0.178005
102539 -0.417782 -0.177978
102600 -0.417619 -0.177952
102661 -0.417456 -0.177925
102722 -0.417293 -0.177898
102783 -0.41713 -0.177871
102844 -0.416967 -0.177845
102905 -0.416805 -0.177818
102966 -0.416642 -0.177792
103027 -0.41648 -0.177765
103088 -0.416318 -0.177738
103149 -0.416156 -0.177712
103210 -0.415994 -0.177685
103271 -0.415832 -0.177659
103333 -0.415671 -0.177632
103394 -0.415509 -0.177606
103455 -0.415348 -0.177579
103516 -0.415186 -0.177553
103577 -0.415025 -0.177526
103638 -0.414864 -0.1775
103699 -0.414703 -0.177474
103760 -0.414542 -0.177447
103821 -0.414382 -0.177421
103882 -0.414221 -0.177395
103943 -0.414061 -0.177368
104004 -0.4139 -0.177342
104065 -0.41374 -0.177316
104126 -0.41358 -0.17729
104187 -0.41342 -0.177263
104248 -0.41326 -0.177237
104309 -0.413101 -0.177211
104370 -0.412941 -0.177185
104431 -0.412781 -0.177159
104492 -0.412622 -0.177132
104553 -0.412463 -0.177106
104614 -0.412304 -0.17708
104675 -0.412145 -0.177054
104736 -0.411986 -0.177028
104797 -0.411827 -0.177002
104858 -0.411668 -0.176976
104919 -0.41151 -0.17695
104980 -0.411351 -0.176924
105042 -0.411193 -0.176898
105103 -0.411035 -0.176872
105164 -0.410877 -0.176846
105225 -0.410719 -0.176821
105286 -0.410561 -0.176795
105347 -0.410403 -0.176769
105408 -0.410246 -0.176743
105469 -0.410088 -0.176717
105530 -0.409931 -0.176691
105591 -0.409774 -0.176666
105652 -0.409617 -0.17664
105713 -0.40946 -0.176614
105774 -0.409303 -0.176588
105835 -0.409146 -0.176563
105896 -0.408989 -0.176537
105957 -0.408833 -0.176511
106018 -0.408676 -0.176486
106079 -0.40852 -0.17646
106140 -0.408364 -0.176434
106201 -0.408208 -0.176409
106262 -0.408052 -0.176383
106323 -0.407896 -0.176358
106384 -0.40774 -0.176332
106445 -0.407584 -0.176307
106506 -0.407429 -0.176281
106567 -0.407273 -0.176256
106628 -0.407118 -0.17623
106689 -0.406963 -0.176205
106750 -0.406808 -0.176179
106812 -0.406653 -0.176154
106873 -0.406498 -0.176129
106934 -0.406343 -0.176103
106995 -0.406189 -0.176078
107056 -0.406034 -0.176053
107117 -0.40588 -0.176027
107178 -0.405725 -0.176002
107239 -0.405571 -0.175977
107300 -0.405417 -0.175951
107361 -0.405263 -0.175926
107422 -0.405109 -0.175901
107483 -0.404956 -0.175876
107544 -0.404802 -0.175851
107605 -0.404648 -0.175825
107666 -0.404495 -0.1758
107727 -0.404342 -0.175775
107788 -0.404188 -0.17575
107849 -0.404035 -0.175725
107910 -0.403882 -0.1757
107971 -0.40373 -0.175675
108032 -0.403577 -0.17565
108093 -0.403424 -0.175625
108154 -0.403272 -0.1756
108215 -0.403119 -0.175575
108276 -0.402967 -0.17555
108337 -0.402815 -0.175525
108398 -0.402663 -0.1755
108459 -0.402511 -0.175475
108521 -0.402359 -0.17545
108582 -0.402207 -0.175425
108643 -0.402055 -0.1754
108704 -0.401904 -0.175375
108765 -0.401752 -0.175351
108826 -0.401601 -0.175326
108887 -0.40145 -0.175301
108948 -0.401299 -0.175276
109009 -0.401148 -0.175251
109070 -0.400997 -0.175227
109131 -0.400846 -0.175202
109192 -0.400695 -0.175177
109253 -0.400544 -0.175153
109314 -0.400394 -0.175128
109375 -0.400244 -0.175103
109436 -0.400093 -0.175079
109497 -0.399943 -0.175054
109558 -0.399793 -0.175029
109619 -0.399643 -0.175005
109680 -0.399493 -0.17498
109741 -0.399343 -0.174956
109802 -0.399194 -0.174931
109863 -0.399044 -0.174907
109924 -0.398895 -0.174882
109985 -0.398745 -0.174858
110046 -0.398596 -0.174833
110107 -0.398447 -0.174809
110168 -0.398298 -0.174784
110229 -0.398149 -0.17476
110291 -0.398 -0.174736
110352 -0.397852 -0.174711
110413 -0.397703 -0.174687
110474 -0.397555 -0.174662
110535 -0.397406 -0.174638
110596 -0.397258 -0.174614
110657 -0.39711 -0.17459
110718 -0.396961 -0.174565
110779 -0.396813 -0.174541
110840 -0.396666 -0.174517
110901 -0.396518 -0.174493
110962 -0.39637 -0.174468
111023 -0.396223 -0.174444
111084 -0.396075 -0.17442
111145 -0.395928 -0.174396
111206 -0.39578 -0.174372
111267 -0.395633 -0.174348
111328 -0.395486 -0.174323
111389 -0.395339 -0.174299
111450 -0.395192 -0.174275
111511 -0.395045 -0.174251
111572 -0.394899 -0.174227
111633 -0.394752 -0.174203
111694 -0.394606 -0.174179
111755 -0.394459 -0.174155
111816 -0.394313 -0.174131
111877 -0.394167 -0.174107
111938 -0.394021 -0.174083
112000 -0.393875 -0.174059
112061 -0.393729 -0.174035
112122 -0.393583 -0.174011
112183 -0.393437 -0.173988
112244 -0.393292 -0.173964
112305 -0.393146 -0.17394
112366 -0.393001 -0.173916
112427 -0.392856 -0.173892
112488 -0.39271 -0.173868
112549 -0.392565 -0.173845
112610 -0.39242 -0.173821
112671 -0.392275 -0.173797
112732 -0.392131 -0.173773
112793 -0.391986 -0.17375
112854 -0.391841 -0.173726
112915 -0.391697 -0.173702
112976 -0.391552 -0.173679
113037 -0.391408 -0.173655
113098 -0.391264 -0.173631
113159 -0.39112 -0.173608
113220 -0.390976 -0.173584
113281 -0.390832 -0.17356
113342 -0.390688 -0.173537
113403 -0.390544 -0.173513
113464 -0.3904 -0.17349
113525 -0.390257 -0.173466
113586 -0.390113 -0.173443
113647 -0.38997 -0.173419
113708 -0.389827 -0.173396
113770 -0.389684 -0.173372
113831 -0.389541 -0.173349
113892 -0.389398 -0.173325
113953 -0.389255 -0.173302
114014 -0.389112 -0.173278
114075 -0.388969 -0.173255
114136 -0.388827 -0.173232
114197 -0.388684 -0.173208
114258 -0.388542 -0.173185
114319 -0.388399 -0.173162
114380 -0.388257 -0.173138
114441 -0.388115 -0.173115
114502 -0.387973 -0.173092
114563 -0.387831 -0.173069
114624 -0.387689 -0.173045
114685 -0.387547 -0.173022
114746 -0.387406 -0.172999
114807 -0.387264 -0.172976
114868 -0.387123 -0.172952
114929 -0.386981 -0.172929
114990 -0.38684 -0.172906
115051 -0.386699 -0.172883
115112 -0.386558 -0.17286
115173 -0.386417 -0.172837
115234 -0.386276 -0.172814
115295 -0.386135 -0.17279
115356 -0.385994 -0.172767
115417 -0.385854 -0.172744
115479 -0.385713 -0.172721
115540 -0.385573 -0.172698
115601 -0.385432 -0.172675
115662 -0.385292 -0.172652
115723 -0.385152 -0.172629
115784 -0.385012 -0.172606
115845 -0.384872 -0.172583
115906 -0.384732 -0.17256
115967 -0.384592 -0.172538
116028 -0.384452 -0.172515
116089 -0.384313 -0.172492
116150 -0.384173 -0.172469
116211 -0.384033 -0.172446
116272 -0.383894 -0.172423
116333 -0.383755 -0.1724
116394 -0.383616 -0.172377
116455 -0.383476 -0.172355
116516 -0.383337 -0.172332
116577 -0.383199 -0.172309
116638 -0.38306 -0.172286
116699 -0.382921 -0.172264
116760 -0.382782 -0.172241
116821 -0.382644 -0.172218
116882 -0.382505 -0.172195
116943 -0.382367 -0.172173
117004 -0.382228 -0.17215
117065 -0.38209 -0.172127
117126 -0.381952 -0.172105
117188 -0.381814 -0.172082
117249 -0.381676 -0.17206
117310 -0.381538 -0.172037
117371 -0.3814 -0.172014
117432 -0.381263 -0.171992
117493 -0.381125 -0.171969
117554 -0.380988 -0.171947
117615 -0.38085 -0.171924
117676 -0.380713 -0.171902
117737 -0.380576 -0.171879
117798 -0.380438 -0.171857
117859 -0.380301 -0.171834
117920 -0.380164 -0.171812
117981 -0.380027 -0.171789
118042 -0.379891 -0.171767
118103 -0.379754 -0.171744
118164 -0.379617 -0.171722
118225 -0.379481 -0.1717
118286 -0.379344 -0.171677
118347 -0.379208 -0.171655
118408 -0.379071 -0.171633
118469 -0.378935 -0.17161
118530 -0.378799 -0.171588
118591 -0.378663 -0.171566
118652 -0.378527 -0.171543
118713 -0.378391 -0.171521
118774 -0.378255 -0.171499
118835 -0.37812 -0.171477
118896 -0.377984 -0.171454
118958 -0.377848 -0.171432
119019 -0.377713 -0.17141
119080 -0.377577 -0.171388
119141 -0.377442 -0.171365
119202 -0.377307 -0.171343
119263 -0.377172 -0.171321
119324 -0.377037 -0.171299
119385 -0.376902 -0.171277
119446 -0.376767 -0.171255
119507 -0.376632 -0.171233
119568 -0.376497 -0.171211
119629 -0.376363 -0.171189
119690 -0.376228 -0.171166
119751 -0.376094 -0.171144
119812 -0.375959 -0.171122
119873 -0.375825 -0.1711
119934 -0.375691 -0.171078
119995 -0.375557 -0.171056
120056 -0.375423 -0.171034
120117 -0.375289 -0.171012
120178 -0.375155 -0.170991
120239 -0.375021 -0.170969
120300 -0.374887 -0.170947
120361 -0.374754 -0.170925
120422 -0.37462 -0.170903
120483 -0.374487 -0.170881
120544 -0.374353 -0.170859
120605 -0.37422 -0.170837
120667 -0.374087 -0.170815
120728 -0.373953 -0.170794
120789 -0.37382 -0.170772
120850 -0.373687 -0.17075
120911 -0.373554 -0.170728
120972 -0.373422 -0.170706
121033 -0.373289 -0.170685
121094 -0.373156 -0.170663
121155 -0.373024 -0.170641
121216 -0.372891 -0.170619
121277 -0.372759 -0.170598
121338 -0.372626 -0.170576
121399 -0.372494 -0.170554
121460 -0.372362 -0.170533
121521 -0.37223 -0.170511
121582 -0.372098 -0.170489
121643 -0.371966 -0.170468
121704 -0.371834 -0.170446
121765 -0.371702 -0.170424
121826 -0.37157 -0.170403
121887 -0.371439 -0.170381
121948 -0.371307 -0.17036
122009 -0.371176 -0.170338
122070 -0.371044 -0.170317
122131 -0.370913 -0.170295
122192 -0.370782 -0.170274
122253 -0.370651 -0.170252
122314 -0.370519 -0.170231
122375 -0.370388 -0.170209
122437 -0.370257 -0.170188
122498 -0.370127 -0.170166
122559 -0.369996 -0.170145
122620 -0.369865 -0.170123
122681 -0.369735 -0.170102
122742 -0.369604 -0.170081
122803 -0.369474 -0.170059
122864 -0.369343 -0.170038
122925 -0.369213 -0.170016
122986 -0.369083 -0.169995
123047 -0.368952 -0.169974
123108 -0.368822 -0.169952
123169 -0.368692 -0.169931
123230 -0.368562 -0.16991
123291 -0.368433 -0.169889
123352 -0.368303 -0.169867
123413 -0.368173 -0.169846
123474 -0.368043 -0.169825
123535 -0.367914 -0.169803
123596 -0.367784 -0.169782
123657 -0.367655 -0.169761
123718 -0.367526 -0.16974
123779 -0.367396 -0.169719
123840 -0.367267 -0.169697
123901 -0.367138 -0.169676
123962 -0.367009 -0.169655
124023 -0.36688 -0.169634
124084 -0.366751 -0.169613
124146 -0.366623 -0.169592
124207 -0.366494 -0.169571
124268 -0.366365 -0.16955
124329 -0.366237 -0.169529
124390 -0.366108 -0.169507
124451 -0.36598 -0.169486
124512 -0.365851 -0.169465
124573 -0.365723 -0.169444
124634 -0.365595 -0.169423
124695 -0.365467 -0.169402
124756 -0.365339 -0.169381
124817 -0.365211 -0.16936
124878 -0.365083 -0.169339
124939 -0.364955 -0.169318
125000 -0.364827 -0.169298
125061 -0.364699 -0.169277
125122 -0.364572 -0.169256
125183 -0.364444 -0.169235
125244 -0.364317 -0.169214
125305 -0.364189 -0.169193
125366 -0.364062 -0.169172
125427 -0.363935 -0.169151
125488 -0.363808 -0.16913
125549 -0.363681 -0.16911
125610 -0.363554 -0.169089
125671 -0.363427 -0.169068
125732 -0.3633 -0.169047
125793 -0.363173 -0.169026
125854 -0.363046 -0.169006
125916 -0.36292 -0.168985
125977 -0.362793 -0.168964
126038 -0.362666 -0.168943
126099 -0.36254 -0.168923
126160 -0.362414 -0.168902
126221 -0.362287 -0.168881
126282 -0.362161 -0.16886
126343 -0.362035 -0.16884
126404 -0.361909 -0.168819
126465 -0.361783 -0.168798
126526 -0.361657 -0.168778
126587 -0.361531 -0.168757
126648 -0.361405 -0.168737
126709 -0.361279 -0.168716
126770 -0.361154 -0.168695
126831 -0.361028 -0.168675
126892 -0.360903 -0.168654
126953 -0.360777 -0.168634
127014 -0.360652 -0.168613
127075 -0.360526 -0.168592
127136 -0.360401 -0.168572
127197 -0.360276 -0.168551
127258 -0.360151 -0.168531
127319 -0.360026 -0.16851
127380 -0.359901 -0.16849
127441 -0.359776 -0.168469
127502 -0.359651 -0.168449
127563 -0.359526 -0.168429
127625 -0.359402 -0.168408
127686 -0.359277 -0.168388
127747 -0.359153 -0.168367
127808 -0.359028 -0.168347
127869 -0.358904 -0.168326
127930 -0.358779 -0.168306
127991 -0.358655 -0.168286
128052 -0.358531 -0.168265
128113 -0.358407 -0.168245
128174 -0.358283 -0.168225
128235 -0.358159 -0.168204
128296 -0.358035 -0.168184
128357 -0.357911 -0.168164
128418 -0.357787 -0.168143
128479 -0.357663 -0.168123
128540 -0.35754 -0.168103
128601 -0.357416 -0.168083
128662 -0.357293 -0.168062
128723 -0.357169 -0.168042
128784 -0.357046 -0.168022
128845 -0.356922 -0.168002
128906 -0.356799 -0.167981
128967 -0.356676 -0.167961
129028 -0.356553 -0.167941
129089 -0.35643 -0.167921
129150 -0.356307 -0.167901
129211 -0.356184 -0.167881
129272 -0.356061 -0.16786
129333 -0.355938 -0.16784
129395 -0.355815 -0.16782
129456 -0.355693 -0.1678
129517 -0.35557 -0.16778
129578 -0.355448 -0.16776
129639 -0.355325 -0.16774
129700 -0.355203 -0.16772
129761 -0.355081 -0.1677
129822 -0.354958 -0.16768
129883 -0.354836 -0.16766
129944 -0.354714 -0.16764
130005 -0.354592 -0.16762
130066 -0.35447 -0.1676
130127 -0.354348 -0.16758
130188 -0.354226 -0.16756
130249 -0.354104 -0.16754
130310 -0.353983 -0.16752
130371 -0.353861 -0.1675
130432 -0.353739 -0.16748
130493 -0.353618 -0.16746
130554 -0.353496 -0.16744
130615 -0.353375 -0.16742
130676 -0.353254 -0.1674
130737 -0.353132 -0.16738
130798 -0.353011 -0.16736
130859 -0.35289 -0.167341
130920 -0.352769 -0.167321
130981 -0.352648 -0.167301
131042 -0.352527 -0.167281
131104 -0.352406 -0.167261
131165 -0.352285 -0.167241
131226 -0.352164 -0.167222
131287 -0.352044 -0.167202
131348 -0.351923 -0.167182
131409 -0.351803 -0.167162
131470 -0.351682 -0.167143
131531 -0.351562 -0.167123
131592 -0.351441 -0.167103
131653 -0.351321 -0.167083
131714 -0.351201 -0.167064
131775 -0.35108 -0.167044
131836 -0.35096 -0.167024
131897 -0.35084 -0.167005
131958 -0.35072 -0.166985
132019 -0.3506 -0.166965
132080 -0.35048 -0.166946
132141 -0.350361 -0.166926
132202 -0.350241 -0.166906
132263 -0.350121 -0.166887
132324 -0.350002 -0.166867
132385 -0.349882 -0.166848
132446 -0.349762 -0.166828
132507 -0.349643 -0.166808
132568 -0.349524 -0.166789
132629 -0.349404 -0.166769
132690 -0.349285 -0.16675
132751 -0.349166 -0.16673
132812 -0.349047 -0.166711
132874 -0.348928 -0.166691
132935 -0.348809 -0.166672
132996 -0.34869 -0.166652
133057 -0.348571 -0.166633
133118 -0.348452 -0.166613
133179 -0.348333 -0.166594
133240 -0.348215 -0.166574
133301 -0.348096 -0.166555
133362 -0.347977 -0.166535
133423 -0.347859 -0.166516
133484 -0.34774 -0.166496
133545 -0.347622 -0.166477
133606 -0.347504 -0.166458
133667 -0.347385 -0.166438
133728 -0.347267 -0.166419
133789 -0.347149 -0.1664
133850 -0.347031 -0.16638
133911 -0.346913 -0.166361
133972 -0.346795 -0.166341
134033 -0.346677 -0.166322
134094 -0.346559 -0.166303
134155 -0.346441 -0.166284
134216 -0.346324 -0.166264
134277 -0.346206 -0.166245
134338 -0.346088 -0.166226
134399 -0.345971 -0.166206
134460 -0.345853 -0.166187
134521 -0.345736 -0.166168
134583 -0.345619 -0.166149
134644 -0.345501 -0.166129
134705 -0.345384 -0.16611
134766 -0.345267 -0.166091
134827 -0.34515 -0.166072
134888 -0.345033 -0.166053
134949 -0.344916 -0.166033
135010 -0.344799 -0.166014
135071 -0.344682 -0.165995
135132 -0.344565 -0.165976
135193 -0.344448 -0.165957
135254 -0.344331 -0.165938
135315 -0.344215 -0.165919
135376 -0.344098 -0.165899
135437 -0.343982 -0.16588
135498 -0.343865 -0.165861
135559 -0.343749 -0.165842
135620 -0.343632 -0.165823
135681 -0.343516 -0.165804
135742 -0.3434 -0.165785
135803 -0.343283 -0.165766
135864 -0.343167 -0.165747
135925 -0.343051 -0.165728
135986 -0.342935 -0.165709
136047 -0.342819 -0.16569
136108 -0.342703 -0.165671
136169 -0.342587 -0.165652
136230 -0.342472 -0.165633
136292 -0.342356 -0.165614
136353 -0.34224 -0.165595
136414 -0.342125 -0.165576
136475 -0.342009 -0.165557
136536 -0.341894 -0.165538
136597 -0.341778 -0.165519
136658 -0.341663 -0.1655
136719 -0.341547 -0.165481
136780 -0.341432 -0.165462
136841 -0.341317 -0.165443
136902 -0.341202 -0.165425
136963 -0.341087 -0.165406
137024 -0.340972 -0.165387
137085 -0.340857 -0.165368
137146 -0.340742 -0.165349
137207 -0.340627 -0.16533
137268 -0.340512 -0.165312
137329 -0.340397 -0.165293
137390 -0.340282 -0.165274
137451 -0.340168 -0.165255
137512 -0.340053 -0.165236
137573 -0.339939 -0.165218
137634 -0.339824 -0.165199
137695 -0.33971 -0.16518
137756 -0.339595 -0.165161
137817 -0.339481 -0.165142
137878 -0.339367 -0.165124
137939 -0.339252 -0.165105
138000 -0.339138 -0.165086
138062 -0.339024 -0.165068
138123 -0.33891 -0.165049
138184 -0.338796 -0.16503
138245 -0.338682 -0.165012
138306 -0.338568 -0.164993
138367 -0.338454 -0.164974
138428 -0.338341 -0.164956
138489 -0.338227 -0.164937
138550 -0.338113 -0.164918
138611 -0.338 -0.1649
138672 -0.337886 -0.164881
138733 -0.337772 -0.164862
138794 -0.337659 -0.164844
138855 -0.337546 -0.164825
138916 -0.337432 -0.164807
138977 -0.337319 -0.164788
139038 -0.337206 -0.16477
139099 -0.337092 -0.164751
139160 -0.336979 -0.164732
139221 -0.336866 -0.164714
139282 -0.336753 -0.164695
139343 -0.33664 -0.164677
139404 -0.336527 -0.164658
139465 -0.336414 -0.16464
139526 -0.336302 -0.164621
139587 -0.336189 -0.164603
139648 -0.336076 -0.164584
139709 -0.335964 -0.164566
139771 -0.335851 -0.164547
139832 -0.335738 -0.164529
139893 -0.335626 -0.164511
139954 -0.335513 -0.164492
140015 -0.335401 -0.164474
140076 -0.335289 -0.164455
140137 -0.335176 -0.164437
140198 -0.335064 -0.164418
140259 -0.334952 -0.1644
140320 -0.33484 -0.164382
140381 -0.334728 -0.164363
140442 -0.334616 -0.164345
140503 -0.334504 -0.164327
140564 -0.334392 -0.164308
140625 -0.33428 -0.16429
140686 -0.334168 -0.164272
140747 -0.334057 -0.164253
140808 -0.333945 -0.164235
140869 -0.333833 -0.164217
140930 -0.333722 -0.164198
140991 -0.33361 -0.16418
141052 -0.333498 -0.164162
141113 -0.333387 -0.164144
141174 -0.333276 -0.164125
141235 -0.333164 -0.164107
141296 -0.333053 -0.164089
141357 -0.332942 -0.164071
141418 -0.332831 -0.164052
141479 -0.332719 -0.164034
141541 -0.332608 -0.164016
141602 -0.332497 -0.163998
141663 -0.332386 -0.163979
141724 -0.332275 -0.163961
141785 -0.332164 -0.163943
141846 -0.332054 -0.163925
141907 -0.331943 -0.163907
141968 -0.331832 -0.163889
142029 -0.331721 -0.16387
142090 -0.331611 -0.163852
142151 -0.3315 -0.163834
142212 -0.33139 -0.163816
142273 -0.331279 -0.163798
142334 -0.331169 -0.16378
142395 -0.331058 -0.163762
142456 -0.330948 -0.163744
142517 -0.330838 -0.163726
142578 -0.330727 -0.163708
142639 -0.330617 -0.163689
142700 -0.330507 -0.163671
142761 -0.330397 -0.163653
142822 -0.330287 -0.163635
142883 -0.330177 -0.163617
142944 -0.330067 -0.163599
143005 -0.329957 -0.163581
143066 -0.329847 -0.163563
143127 -0.329738 -0.163545
143188 -0.329628 -0.163527
143250 -0.329518 -0.163509
143311 -0.329409 -0.163491
143372 -0.329299 -0.163473
143433 -0.329189 -0.163455
143494 -0.32908 -0.163437
143555 -0.32897 -0.16342
143616 -0.328861 -0.163402
143677 -0.328752 -0.163384
143738 -0.328642 -0.163366
143799 -0.328533 -0.163348
143860 -0.328424 -0.16333
143921 -0.328315 -0.163312
143982 -0.328206 -0.163294
144043 -0.328097 -0.163276
144104 -0.327988 -0.163258
144165 -0.327879 -0.163241
144226 -0.32777 -0.163223
144287 -0.327661 -0.163205
144348 -0.327552 -0.163187
144409 -0.327443 -0.163169
144470 -0.327335 -0.163151
144531 -0.327226 -0.163134
144592 -0.327117 -0.163116
144653 -0.327009 -0.163098
144714 -0.3269 -0.16308
144775 -0.326792 -0.163062
144836 -0.326683 -0.163045
144897 -0.326575 -0.163027
144958 -0.326467 -0.163009
145020 -0.326358 -0.162991
145081 -0.32625 -0.162974
145142 -0.326142 -0.162956
145203 -0.326034 -0.162938
145264 -0.325926 -0.16292
145325 -0.325818 -0.162903
145386 -0.32571 -0.162885
145447 -0.325602 -0.162867
145508 -0.325494 -0.16285
145569 -0.325386 -0.162832
145630 -0.325278 -0.162814
145691 -0.32517 -0.162797
145752 -0.325062 -0.162779
145813 -0.324955 -0.162761
145874 -0.324847 -0.162744
145935 -0.32474 -0.162726
145996 -0.324632 -0.162708
146057 -0.324524 -0.162691
146118 -0.324417 -0.162673
146179 -0.32431 -0.162655
146240 -0.324202 -0.162638
146301 -0.324095 -0.16262
146362 -0.323988 -0.162603
146423 -0.32388 -0.162585
146484 -0.323773 -0.162568
146545 -0.323666 -0.16255
146606 -0.323559 -0.162532
146667 -0.323452 -0.162515
146729 -0.323345 -0.162497
146790 -0.323238 -0.16248
146851 -0.323131 -0.162462
146912 -0.323024 -0.162445
146973 -0.322918 -0.162427
147034 -0.322811 -0.16241
147095 -0.322704 -0.162392
147156 -0.322597 -0.162375
147217 -0.322491 -0.162357
147278 -0.322384 -0.16234
147339 -0.322278 -0.162322
147400 -0.322171 -0.162305
147461 -0.322065 -0.162287
147522 -0.321958 -0.16227
147583 -0.321852 -0.162253
147644 -0.321746 -0.162235
147705 -0.321639 -0.162218
147766 -0.321533 -0.1622
147827 -0.321427 -0.162183
147888 -0.321321 -0.162166
147949 -0.321215 -0.162148
148010 -0.321109 -0.162131
148071 -0.321003 -0.162113
148132 -0.320897 -0.162096
148193 -0.320791 -0.162079
148254 -0.320685 -0.162061
148315 -0.320579 -0.162044
148376 -0.320473 -0.162027
148438 -0.320368 -0.162009
148499 -0.320262 -0.161992
148560 -0.320156 -0.161975
148621 -0.320051 -0.161957
148682 -0.319945 -0.16194
148743 -0.319839 -0.161923
148804 -0.319734 -0.161905
148865 -0.319629 -0.161888
148926 -0.319523 -0.161871
148987 -0.319418 -0.161854
149048 -0.319313 -0.161836
149109 -0.319207 -0.161819
149170 -0.319102 -0.161802
149231 -0.318997 -0.161785
149292 -0.318892 -0.161767
149353 -0.318787 -0.16175
149414 -0.318682 -0.161733
149475 -0.318577 -0.161716
149536 -0.318472 -0.161698
149597 -0.318367 -0.161681
149658 -0.318262 -0.161664
149719 -0.318157 -0.161647
149780 -0.318052 -0.16163
149841 -0.317948 -0.161613
149902 -0.317843 -0.161595
149963 -0.317738 -0.161578
150024 -0.317634 -0.161561
150085 -0.317529 -0.161544
150146 -0.317424 -0.161527
150208 -0.31732 -0.16151
150269 -0.317215 -0.161493
150330 -0.317111 -0.161475
150391 -0.317007 -0.161458
150452 -0.316902 -0.161441
150513 -0.316798 -0.161424
150574 -0.316694 -0.161407
150635 -0.31659 -0.16139
150696 -0.316486 -0.161373
150757 -0.316381 -0.161356
150818 -0.316277 -0.161339
150879 -0.316173 -0.161322
150940 -0.316069 -0.161305
151001 -0.315965 -0.161288
151062 -0.315861 -0.161271
151123 -0.315758 -0.161254
151184 -0.315654 -0.161237
151245 -0.31555 -0.16122
151306 -0.315446 -0.161203
151367 -0.315343 -0.161186
151428 -0.315239 -0.161169
151489 -0.315135 -0.161152
151550 -0.315032 -0.161135
151611 -0.314928 -0.161118
151672 -0.314825 -0.161101
151733 -0.314721 -0.161084
151794 -0.314618 -0.161067
151855 -0.314514 -0.16105
151917 -0.314411 -0.161033
151978 -0.314308 -0.161016
152039 -0.314205 -0.160999
152100 -0.314101 -0.160982
152161 -0.313998 -0.160965
152222 -0.313895 -0.160948
152283 -0.313792 -0.160931
152344 -0.313689 -0.160914
152405 -0.313586 -0.160898
152466 -0.313483 -0.160881
152527 -0.31338 -0.160864
152588 -0.313277 -0.160847
152649 -0.313174 -0.16083
152710 -0.313071 -0.160813
152771 -0.312969 -0.160796
152832 -0.312866 -0.16078
152893 -0.312763 -0.160763
152954 -0.312661 -0.160746
153015 -0.312558 -0.160729
153076 -0.312455 -0.160712
153137 -0.312353 -0.160695
153198 -0.31225 -0.160679
153259 -0.312148 -0.160662
153320 -0.312046 -0.160645
153381 -0.311943 -0.160628
153442 -0.311841 -0.160611
153503 -0.311739 -0.160595
153564 -0.311636 -0.160578
153625 -0.311534 -0.160561
153687 -0.311432 -0.160544
153748 -0.31133 -0.160528
153809 -0.311228 -0.160511
153870 -0.311126 -0.160494
153931 -0.311024 -0.160478
153992 -0.310922 -0.160461
154053 -0.31082 -0.160444
154114 -0.310718 -0.160427
154175 -0.310616 -0.160411
154236 -0.310514 -0.160394
154297 -0.310412 -0.160377
154358 -0.310311 -0.160361
154419 -0.310209 -0.160344
154480 -0.310107 -0.160327
154541 -0.310006 -0.160311
154602 -0.309904 -0.160294
154663 -0.309803 -0.160277
154724 -0.309701 -0.160261
154785 -0.3096 -0.160244
154846 -0.309498 -0.160227
154907 -0.309397 -0.160211
154968 -0.309295 -0.160194
155029 -0.309194 -0.160178
155090 -0.309093 -0.160161
155151 -0.308991 -0.160144
155212 -0.30889 -0.160128
155273 -0.308789 -0.160111
155334 -0.308688 -0.160095
155396 -0.308587 -0.160078
155457 -0.308486 -0.160061
155518 -0.308385 -0.160045
155579 -0.308284 -0.160028
155640 -0.308183 -0.160012
155701 -0.308082 -0.159995
155762 -0.307981 -0.159979
155823 -0.30788 -0.159962
155884 -0.307779 -0.159946
155945 -0.307679 -0.159929
156006 -0.307578 -0.159913
156067 -0.307477 -0.159896
156128 -0.307377 -0.15988
156189 -0.307276 -0.159863
156250 -0.307175 -0.159847
156311 -0.307075 -0.15983
156372 -0.306974 -0.159814
156433 -0.306874 -0.159797
156494 -0.306773 -0.159781
156555 -0.306673 -0.159764
156616 -0.306573 -0.159748
156677 -0.306472 -0.159731
156738 -0.306372 -0.159715
156799 -0.306272 -0.159699
156860 -0.306172 -0.159682
156921 -0.306071 -0.159666
156982 -0.305971 -0.159649
157043 -0.305871 -0.159633
157104 -0.305771 -0.159616
157166 -0.305671 -0.1596
157227 -0.305571 -0.159584
157288 -0.305471 -0.159567
157349 -0.305371 -0.159551
157410 -0.305271 -0.159535
157471 -0.305172 -0.159518
157532 -0.305072 -0.159502
157593 -0.304972 -0.159485
157654 -0.304872 -0.159469
157715 -0.304773 -0.159453
157776 -0.304673 -0.159436
157837 -0.304573 -0.15942
157898 -0.304474 -0.159404
157959 -0.304374 -0.159387
158020 -0.304275 -0.159371
158081 -0.304175 -0.159355
158142 -0.304076 -0.159339
158203 -0.303976 -0.159322
158264 -0.303877 -0.159306
158325 -0.303777 -0.15929
158386 -0.303678 -0.159273
158447 -0.303579 -0.159257
158508 -0.30348 -0.159241
158569 -0.30338 -0.159225
158630 -0.303281 -0.159208
158691 -0.303182 -0.159192
158752 -0.303083 -0.159176
158813 -0.302984 -0.15916
158875 -0.302885 -0.159143
158936 -0.302786 -0.159127
158997 -0.302687 -0.159111
159058 -0.302588 -0.159095
159119 -0.302489 -0.159078
159180 -0.30239 -0.159062
159241 -0.302292 -0.159046
159302 -0.302193 -0.15903
159363 -0.302094 -0.159014
159424 -0.301995 -0.158998
159485 -0.301897 -0.158981
159546 -0.301798 -0.158965
159607 -0.301699 -0.158949
159668 -0.301601 -0.158933
159729 -0.301502 -0.158917
159790 -0.301404 -0.158901
159851 -0.301305 -0.158884
159912 -0.301207 -0.158868
159973 -0.301108 -0.158852
160034 -0.30101 -0.158836
160095 -0.300912 -0.15882
160156 -0.300813 -0.158804
160217 -0.300715 -0.158788
160278 -0.300617 -0.158772
160339 -0.300519 -0.158755
160400 -0.30042 -0.158739
160461 -0.300322 -0.158723
160522 -0.300224 -0.158707
160583 -0.300126 -0.158691
160645 -0.300028 -0.158675
160706 -0.29993 -0.158659
160767 -0.299832 -0.158643
160828 -0.299734 -0.158627
160889 -0.299636 -0.158611
160950 -0.299538 -0.158595
161011 -0.299441 -0.158579
161072 -0.299343 -0.158563
161133 -0.299245 -0.158547
161194 -0.299147 -0.158531
161255 -0.299049 -0.158515
161316 -0.298952 -0.158499
161377 -0.298854 -0.158483
161438 -0.298757 -0.158467
161499 -0.298659 -0.158451
161560 -0.298561 -0.158435
161621 -0.298464 -0.158419
161682 -0.298366 -0.158403
161743 -0.298269 -0.158387
161804 -0.298172 -0.158371
161865 -0.298074 -0.158355
161926 -0.297977 -0.158339
161987 -0.29788 -0.158323
162048 -0.297782 -0.158307
162109 -0.297685 -0.158291
162170 -0.297588 -0.158275
162231 -0.297491 -0.158259
162292 -0.297394 -0.158243
162354 -0.297296 -0.158227
162415 -0.297199 -0.158211
162476 -0.297102 -0.158195
162537 -0.297005 -0.158179
162598 -0.296908 -0.158164
162659 -0.296811 -0.158148
162720 -0.296714 -0.158132
162781 -0.296617 -0.158116
162842 -0.296521 -0.1581
162903 -0.296424 -0.158084
162964 -0.296327 -0.158068
163025 -0.29623 -0.158052
163086 -0.296133 -0.158037
163147 -0.296037 -0.158021
163208 -0.29594 -0.158005
163269 -0.295843 -0.157989
163330 -0.295747 -0.157973
163391 -0.29565 -0.157957
163452 -0.295554 -0.157942
163513 -0.295457 -0.157926
163574 -0.295361 -0.15791
163635 -0.295264 -0.157894
163696 -0.295168 -0.157878
163757 -0.295071 -0.157862
163818 -0.294975 -0.157847
163879 -0.294879 -0.157831
163940 -0.294783 -0.157815
164001 -0.294686 -0.157799
164062 -0.29459 -0.157784
164124 -0.294494 -0.157768
164185 -0.294398 -0.157752
164246 -0.294302 -0.157736
164307 -0.294205 -0.157721
164368 -0.294109 -0.157705
164429 -0.294013 -0.157689
164490 -0.293917 -0.157673
164551 -0.293821 -0.157658
164612 -0.293725 -0.157642
164673 -0.293629 -0.157626
164734 -0.293533 -0.15761
164795 -0.293438 -0.157595
164856 -0.293342 -0.157579
164917 -0.293246 -0.157563
164978 -0.29315 -0.157548
165039 -0.293054 -0.157532
165100 -0.292959 -0.157516
165161 -0.292863 -0.1575
165222 -0.292767 -0.157485
165283 -0.292672 -0.157469
165344 -0.292576 -0.157453
165405 -0.292481 -0.157438
165466 -0.292385 -0.157422
165527 -0.29229 -0.157406
165588 -0.292194 -0.157391
165649 -0.292099 -0.157375
165710 -0.292003 -0.15736
165771 -0.291908 -0.157344
165833 -0.291813 -0.157328
165894 -0.291717 -0.157313
165955 -0.291622 -0.157297
166016 -0.291527 -0.157281
166077 -0.291431 -0.157266
166138 -0.291336 -0.15725
166199 -0.291241 -0.157235
166260 -0.291146 -0.157219
166321 -0.291051 -0.157203
166382 -0.290956 -0.157188
166443 -0.290861 -0.157172
166504 -0.290766 -0.157157
166565 -0.290671 -0.157141
166626 -0.290576 -0.157126
166687 -0.290481 -0.15711
166748 -0.290386 -0.157094
166809 -0.290291 -0.157079
166870 -0.290196 -0.157063
166931 -0.290101 -0.157048
166992 -0.290007 -0.157032
167053 -0.289912 -0.157017
167114 -0.289817 -0.157001
167175 -0.289722 -0.156986
167236 -0.289628 -0.15697
167297 -0.289533 -0.156955
167358 -0.289438 -0.156939
167419 -0.289344 -0.156924
167480 -0.289249 -0.156908
167542 -0.289155 -0.156893
167603 -0.28906 -0.156877
167664 -0.288966 -0.156862
167725 -0.288871 -0.156846
167786 -0.288777 -0.156831
167847 -0.288682 -0.156815
167908 -0.288588 -0.1568
167969 -0.288494 -0.156784
168030 -0.288399 -0.156769
168091 -0.288305 -0.156753
168152 -0.288211 -0.156738
168213 -0.288117 -0.156722
168274 -0.288023 -0.156707
168335 -0.287928 -0.156692
168396 -0.287834 -0.156676
168457 -0.28774 -0.156661
168518 -0.287646 -0.156645
168579 -0.287552 -0.15663
168640 -0.287458 -0.156614
168701 -0.287364 -0.156599
168762 -0.28727 -0.156584
168823 -0.287176 -0.156568
168884 -0.287082 -0.156553
168945 -0.286988 -0.156537
169006 -0.286894 -0.156522
169067 -0.286801 -0.156507
169128 -0.286707 -0.156491
169189 -0.286613 -0.156476
169250 -0.286519 -0.156461
169312 -0.286426 -0.156445
169373 -0.286332 -0.15643
169434 -0.286238 -0.156414
169495 -0.286145 -0.156399
169556 -0.286051 -0.156384
169617 -0.285957 -0.156368
169678 -0.285864 -0.156353
169739 -0.28577 -0.156338
169800 -0.285677 -0.156322
169861 -0.285583 -0.156307
169922 -0.28549 -0.156292
169983 -0.285396 -0.156276
170044 -0.285303 -0.156261
170105 -0.28521 -0.156246
170166 -0.285116 -0.156231
170227 -0.285023 -0.156215
170288 -0.28493 -0.1562
170349 -0.284837 -0.156185
170410 -0.284743 -0.156169
170471 -0.28465 -0.156154
170532 -0.284557 -0.156139
170593 -0.284464 -0.156124
170654 -0.284371 -0.156108
170715 -0.284278 -0.156093
170776 -0.284184 -0.156078
170837 -0.284091 -0.156063
170898 -0.283998 -0.156047
170959 -0.283905 -0.156032
171021 -0.283812 -0.156017
171082 -0.283719 -0.156002
171143 -0.283627 -0.155986
171204 -0.283534 -0.155971
171265 -0.283441 -0.155956
171326 -0.283348 -0.155941
171387 -0.283255 -0.155925
171448 -0.283162 -0.15591
171509 -0.28307 -0.155895
171570 -0.282977 -0.15588
171631 -0.282884 -0.155865
171692 -0.282792 -0.155849
171753 -0.282699 -0.155834
171814 -0.282606 -0.155819
171875 -0.282514 -0.155804
171936 -0.282421 -0.155789
171997 -0.282329 -0.155774
172058 -0.282236 -0.155758
172119 -0.282144 -0.155743
172180 -0.282051 -0.155728
172241 -0.281959 -0.155713
172302 -0.281866 -0.155698
172363 -0.281774 -0.155683
172424 -0.281681 -0.155667
172485 -0.281589 -0.155652
172546 -0.281497 -0.155637
172607 -0.281404 -0.155622
172668 -0.281312 -0.155607
172729 -0.28122 -0.155592
172791 -0.281128 -0.155577
172852 -0.281036 -0.155562
172913 -0.280943 -0.155546
172974 -0.280851 -0.155531
173035 -0.280759 -0.155516
173096 -0.280667 -0.155501
173157 -0.280575 -0.155486
173218 -0.280483 -0.155471
173279 -0.280391 -0.155456
173340 -0.280299 -0.155441
173401 -0.280207 -0.155426
173462 -0.280115 -0.155411
173523 -0.280023 -0.155396
173584 -0.279931 -0.155381
173645 -0.279839 -0.155365
173706 -0.279747 -0.15535
173767 -0.279656 -0.155335
173828 -0.279564 -0.15532
173889 -0.279472 -0.155305
173950 -0.27938 -0.15529
174011 -0.279289 -0.155275
174072 -0.279197 -0.15526
174133 -0.279105 -0.155245
174194 -0.279014 -0.15523
174255 -0.278922 -0.155215
174316 -0.27883 -0.1552
174377 -0.278739 -0.155185
174438 -0.278647 -0.15517
174500 -0.278556 -0.155155
174561 -0.278464 -0.15514
174622 -0.278373 -0.155125
174683 -0.278281 -0.15511
174744 -0.27819 -0.155095
174805 -0.278099 -0.15508
174866 -0.278007 -0.155065
174927 -0.277916 -0.15505
174988 -0.277824 -0.155035
175049 -0.277733 -0.15502
175110 -0.277642 -0.155005
175171 -0.277551 -0.15499
175232 -0.277459 -0.154975
175293 -0.277368 -0.15496
175354 -0.277277 -0.154945
175415 -0.277186 -0.154931
175476 -0.277095 -0.154916
175537 -0.277004 -0.154901
175598 -0.276912 -0.154886
175659 -0.276821 -0.154871
175720 -0.27673 -0.154856
175781 -0.276639 -0.154841
175842 -0.276548 -0.154826
175903 -0.276457 -0.154811
175964 -0.276366 -0.154796
176025 -0.276275 -0.154781
176086 -0.276185 -0.154766
176147 -0.276094 -0.154751
176208 -0.276003 -0.154737
176270 -0.275912 -0.154722
176331 -0.275821 -0.154707
176392 -0.27573 -0.154692
176453 -0.27564 -0.154677
176514 -0.275549 -0.154662
176575 -0.275458 -0.154647
176636 -0.275367 -0.154632
176697 -0.275277 -0.154618
176758 -0.275186 -0.154603
176819 -0.275095 -0.154588
176880 -0.275005 -0.154573
176941 -0.274914 -0.154558
177002 -0.274824 -0.154543
177063 -0.274733 -0.154528
177124 -0.274643 -0.154514
177185 -0.274552 -0.154499
177246 -0.274462 -0.154484
177307 -0.274371 -0.154469
177368 -0.274281 -0.154454
177429 -0.27419 -0.154439
177490 -0.2741 -0.154425
177551 -0.27401 -0.15441
177612 -0.273919 -0.154395
177673 -0.273829 -0.15438
177734 -0.273739 -0.154365
177795 -0.273648 -0.154351
177856 -0.273558 -0.154336
177917 -0.273468 -0.154321
177979 -0.273378 -0.154306
178040 -0.273288 -0.154291
178101 -0.273197 -0.154277
178162 -0.273107 -0.154262
178223 -0.273017 -0.154247
178284 -0.272927 -0.154232
178345 -0.272837 -0.154218
178406 -0.272747 -0.154203
178467 -0.272657 -0.154188
178528 -0.272567 -0.154173
178589 -0.272477 -0.154159
178650 -0.272387 -0.154144
178711 -0.272297 -0.154129
178772 -0.272207 -0.154114
178833 -0.272117 -0.1541
178894 -0.272027 -0.154085
178955 -0.271938 -0.15407
179016 -0.271848 -0.154055
179077 -0.271758 -0.154041
179138 -0.271668 -0.154026
179199 -0.271578 -0.154011
179260 -0.271489 -0.153997
179321 -0.271399 -0.153982
179382 -0.271309 -0.153967
179443 -0.27122 -0.153952
179504 -0.27113 -0.153938
179565 -0.27104 -0.153923
179626 -0.270951 -0.153908
179688 -0.270861 -0.153894
179749 -0.270771 -0.153879
179810 -0.270682 -0.153864
179871 -0.270592 -0.15385
179932 -0.270503 -0.153835
179993 -0.270413 -0.15382
180054 -0.270324 -0.153806
180115 -0.270234 -0.153791
180176 -0.270145 -0.153776
180237 -0.270056 -0.153762
180298 -0.269966 -0.153747
180359 -0.269877 -0.153732
180420 -0.269788 -0.153718
180481 -0.269698 -0.153703
180542 -0.269609 -0.153688
180603 -0.26952 -0.153674
180664 -0.26943 -0.153659
180725 -0.269341 -0.153645
180786 -0.269252 -0.15363
180847 -0.269163 -0.153615
180908 -0.269074 -0.153601
180969 -0.268984 -0.153586
181030 -0.268895 -0.153571
181091 -0.268806 -0.153557
181152 -0.268717 -0.153542
181213 -0.268628 -0.153528
181274 -0.268539 -0.153513
181335 -0.26845 -0.153498
181396 -0.268361 -0.153484
181458 -0.268272 -0.153469
181519 -0.268183 -0.153455
181580 -0.268094 -0.15344
181641 -0.268005 -0.153426
181702 -0.267916 -0.153411
181763 -0.267827 -0.153396
181824 -0.267738 -0.153382
181885 -0.26765 -0.153367
181946 -0.267561 -0.153353
182007 -0.267472 -0.153338
182068 -0.267383 -0.153324
182129 -0.267294 -0.153309
182190 -0.267206 -0.153294
182251 -0.267117 -0.15328
182312 -0.267028 -0.153265
182373 -0.266939 -0.153251
182434 -0.266851 -0.153236
182495 -0.266762 -0.153222
182556 -0.266673 -0.153207
182617 -0.266585 -0.153193
182678 -0.266496 -0.153178
182739 -0.266408 -0.153164
182800 -0.266319 -0.153149
182861 -0.266231 -0.153135
182922 -0.266142 -0.15312
182983 -0.266054 -0.153106
183044 -0.265965 -0.153091
183105 -0.265877 -0.153077
183167 -0.265788 -0.153062
183228 -0.2657 -0.153048
183289 -0.265611 -0.153033
183350 -0.265523 -0.153019
183411 -0.265435 -0.153004
183472 -0.265346 -0.15299
183533 -0.265258 -0.152975
183594 -0.26517 -0.152961
183655 -0.265081 -0.152946
183716 -0.264993 -0.152932
183777 -0.264905 -0.152917
183838 -0.264817 -0.152903
183899 -0.264729 -0.152888
183960 -0.26464 -0.152874
184021 -0.264552 -0.152859
184082 -0.264464 -0.152845
184143 -0.264376 -0.152831
184204 -0.264288 -0.152816
184265 -0.2642 -0.152802
184326 -0.264112 -0.152787
184387 -0.264024 -0.152773
184448 -0.263935 -0.152758
184509 -0.263847 -0.152744
184570 -0.263759 -0.15273
184631 -0.263671 -0.152715
184692 -0.263584 -0.152701
184753 -0.263496 -0.152686
184814 -0.263408 -0.152672
184875 -0.26332 -0.152657
184937 -0.263232 -0.152643
184998 -0.263144 -0.152629
185059 -0.263056 -0.152614
185120 -0.262968 -0.1526
185181 -0.26288 -0.152585
185242 -0.262793 -0.152571
185303 -0.262705 -0.152557
185364 -0.262617 -0.152542
185425 -0.262529 -0.152528
185486 -0.262442 -0.152514
185547 -0.262354 -0.152499
185608 -0.262266 -0.152485
185669 -0.262179 -0.15247
185730 -0.262091 -0.152456
185791 -0.262003 -0.152442
185852 -0.261916 -0.152427
185913 -0.261828 -0.152413
185974 -0.261741 -0.152399
186035 -0.261653 -0.152384
186096 -0.261565 -0.15237
186157 -0.261478 -0.152356
186218 -0.26139 -0.152341
186279 -0.261303 -0.152327
186340 -0.261215 -0.152312
186401 -0.261128 -0.152298
186462 -0.261041 -0.152284
186523 -0.260953 -0.152269
186584 -0.260866 -0.152255
186646 -0.260778 -0.152241
186707 -0.260691 -0.152227
186768 -0.260604 -0.152212
186829 -0.260516 -0.152198
186890 -0.260429 -0.152184
186951 -0.260342 -0.152169
187012 -0.260254 -0.152155
187073 -0.260167 -0.152141
187134 -0.26008 -0.152126
187195 -0.259993 -0.152112
187256 -0.259905 -0.152098
187317 -0.259818 -0.152083
187378 -0.259731 -0.152069
187439 -0.259644 -0.152055
187500 -0.259557 -0.152041
187561 -0.25947 -0.152026
187622 -0.259383 -0.152012
187683 -0.259295 -0.151998
187744 -0.259208 -0.151983
187805 -0.259121 -0.151969
187866 -0.259034 -0.151955
187927 -0.258947 -0.151941
187988 -0.25886 -0.151926
188049 -0.258773 -0.151912
188110 -0.258686 -0.151898
188171 -0.258599 -0.151884
188232 -0.258512 -0.151869
188293 -0.258425 -0.151855
188354 -0.258339 -0.151841
188416 -0.258252 -0.151827
188477 -0.258165 -0.151812
188538 -0.258078 -0.151798
188599 -0.257991 -0.151784
188660 -0.257904 -0.15177
188721 -0.257817 -0.151755
188782 -0.257731 -0.151741
188843 -0.257644 -0.151727
188904 -0.257557 -0.151713
188965 -0.25747 -0.151699
189026 -0.257384 -0.151684
189087 -0.257297 -0.15167
189148 -0.25721 -0.151656
189209 -0.257124 -0.151642
189270 -0.257037 -0.151628
189331 -0.25695 -0.151613
189392 -0.256864 -0.151599
189453 -0.256777 -0.151585
189514 -0.25669 -0.151571
189575 -0.256604 -0.151557
189636 -0.256517 -0.151542
189697 -0.256431 -0.151528
189758 -0.256344 -0.151514
189819 -0.256258 -0.1515
189880 -0.256171 -0.151486
189941 -0.256085 -0.151471
190002 -0.255998 -0.151457
190063 -0.255912 -0.151443
190125 -0.255825 -0.151429
190186 -0.255739 -0.151415
190247 -0.255653 -0.151401
190308 -0.255566 -0.151386
190369 -0.25548 -0.151372
190430 -0.255393 -0.151358
190491 -0.255307 -0.151344
190552 -0.255221 -0.15133
190613 -0.255134 -0.151316
190674 -0.255048 -0.151301
190735 -0.254962 -0.151287
190796 -0.254876 -0.151273
190857 -0.254789 -0.151259
190918 -0.254703 -0.151245
190979 -0.254617 -0.151231
191040 -0.254531 -0.151217
191101 -0.254445 -0.151203
191162 -0.254358 -0.151188
191223 -0.254272 -0.151174
191284 -0.254186 -0.15116
191345 -0.2541 -0.151146
191406 -0.254014 -0.151132
191467 -0.253928 -0.151118
191528 -0.253842 -0.151104
191589 -0.253756 -0.15109
191650 -0.25367 -0.151075
191711 -0.253583 -0.151061
191772 -0.253497 -0.151047
191833 -0.253411 -0.151033
191895 -0.253325 -0.151019
191956 -0.25324 -0.151005
192017 -0.253154 -0.150991
192078 -0.253068 -0.150977
192139 -0.252982 -0.150963
192200 -0.252896 -0.150949
192261 -0.25281 -0.150935
192322 -0.252724 -0.15092
192383 -0.252638 -0.150906
192444 -0.252552 -0.150892
192505 -0.252466 -0.150878
192566 -0.252381 -0.150864
192627 -0.252295 -0.15085
192688 -0.252209 -0.150836
192749 -0.252123 -0.150822
192810 -0.252037 -0.150808
192871 -0.251952 -0.150794
192932 -0.251866 -0.15078
192993 -0.25178 -0.150766
193054 -0.251694 -0.150752
193115 -0.251609 -0.150738
193176 -0.251523 -0.150724
193237 -0.251437 -0.15071
193298 -0.251352 -0.150696
193359 -0.251266 -0.150682
193420 -0.251181 -0.150667
193481 -0.251095 -0.150653
193542 -0.251009 -0.150639
193604 -0.250924 -0.150625
193665 -0.250838 -0.150611
193726 -0.250753 -0.150597
193787 -0.250667 -0.150583
193848 -0.250582 -0.150569
193909 -0.250496 -0.150555
193970 -0.250411 -0.150541
194031 -0.250325 -0.150527
194092 -0.25024 -0.150513
194153 -0.250154 -0.150499
194214 -0.250069 -0.150485
194275 -0.249983 -0.150471
194336 -0.249898 -0.150457
194397 -0.249812 -0.150443
194458 -0.249727 -0.150429
194519 -0.249642 -0.150415
194580 -0.249556 -0.150401
194641 -0.249471 -0.150387
194702 -0.249386 -0.150373
194763 -0.2493 -0.150359
194824 -0.249215 -0.150345
194885 -0.24913 -0.150331
194946 -0.249044 -0.150317
195007 -0.248959 -0.150303
195068 -0.248874 -0.150289
195129 -0.248789 -0.150275
195190 -0.248704 -0.150261
195251 -0.248618 -0.150247
195312 -0.248533 -0.150233
195374 -0.248448 -0.15022
195435 -0.248363 -0.150206
195496 -0.248278 -0.150192
195557 -0.248192 -0.150178
195618 -0.248107 -0.150164
195679 -0.248022 -0.15015
195740 -0.247937 -0.150136
195801 -0.247852 -0.150122
195862 -0.247767 -0.150108
195923 -0.247682 -0.150094
195984 -0.247597 -0.15008
196045 -0.247512 -0.150066
196106 -0.247427 -0.150052
196167 -0.247342 -0.150038
196228 -0.247257 -0.150024
196289 -0.247172 -0.15001
196350 -0.247087 -0.149996
196411 -0.247002 -0.149982
196472 -0.246917 -0.149969
196533 -0.246832 -0.149955
196594 -0.246747 -0.149941
196655 -0.246662 -0.149927
196716 -0.246577 -0.149913
196777 -0.246492 -0.149899
196838 -0.246407 -0.149885
196899 -0.246323 -0.149871
196960 -0.246238 -0.149857
197021 -0.246153 -0.149843
197083 -0.246068 -0.149829
197144 -0.245983 -0.149815
197205 -0.245898 -0.149802
197266 -0.245814 -0.149788
197327 -0.245729 -0.149774
197388 -0.245644 -0.14976
197449 -0.245559 -0.149746
197510 -0.245475 -0.149732
197571 -0.24539 -0.149718
197632 -0.245305 -0.149704
197693 -0.245221 -0.14969
197754 -0.245136 -0.149677
197815 -0.245051 -0.149663
197876 -0.244967 -0.149649
197937 -0.244882 -0.149635
197998 -0.244797 -0.149621
198059 -0.244713 -0.149607
198120 -0.244628 -0.149593
198181 -0.244543 -0.149579
198242 -0.244459 -0.149566
198303 -0.244374 -0.149552
198364 -0.24429 -0.149538
198425 -0.244205 -0.149524
198486 -0.244121 -0.14951
198547 -0.244036 -0.149496
198608 -0.243952 -0.149482
198669 -0.243867 -0.149469
198730 -0.243783 -0.149455
198792 -0.243698 -0.149441
198853 -0.243614 -0.149427
198914 -0.243529 -0.149413
198975 -0.243445 -0.149399
199036 -0.24336 -0.149386
199097 -0.243276 -0.149372
199158 -0.243191 -0.149358
199219 -0.243107 -0.149344
199280 -0.243023 -0.14933
199341 -0.242938 -0.149316
199402 -0.242854 -0.149303
199463 -0.24277 -0.149289
199524 -0.242685 -0.149275
199585 -0.242601 -0.149261
199646 -0.242517 -0.149247
199707 -0.242432 -0.149233
199768 -0.242348 -0.14922
199829 -0.242264 -0.149206
199890 -0.242179 -0.149192
199951 -0.242095 -0.149178
200012 -0.242011 -0.149164
200073 -0.241927 -0.14915
200134 -0.241842 -0.149137
200195 -0.241758 -0.149123
200256 -0.241674 -0.149109
200317 -0.24159 -0.149095
200378 -0.241506 -0.149081
200439 -0.241421 -0.149068
200500 -0.241337 -0.149054
200562 -0.241253 -0.14904
200623 -0.241169 -0.149026
200684 -0.241085 -0.149013
200745 -0.241001 -0.148999
200806 -0.240917 -0.148985
200867 -0.240833 -0.148971
200928 -0.240748 -0.148957
200989 -0.240664 -0.148944
201050 -0.24058 -0.14893
201111 -0.240496 -0.148916
201172 -0.240412 -0.148902
201233 -0.240328 -0.148888
201294 -0.240244 -0.148875
201355 -0.24016 -0.148861
201416 -0.240076 -0.148847
201477 -0.239992 -0.148833
201538 -0.239908 -0.14882
201599 -0.239824 -0.148806
201660 -0.23974 -0.148792
201721 -0.239656 -0.148778
201782 -0.239572 -0.148765
201843 -0.239488 -0.148751
201904 -0.239405 -0.148737
201965 -0.239321 -0.148723
202026 -0.239237 -0.14871
202087 -0.239153 -0.148696
202148 -0.239069 -0.148682
202209 -0.238985 -0.148668
202271 -0.238901 -0.148655
202332 -0.238817 -0.148641
202393 -0.238734 -0.148627
202454 -0.23865 -0.148613
202515 -0.238566 -0.1486
202576 -0.238482 -0.148586
202637 -0.238398 -0.148572
202698 -0.238315 -0.148558
202759 -0.238231 -0.148545
202820 -0.238147 -0.148531
202881 -0.238063 -0.148517
202942 -0.23798 -0.148503
203003 -0.237896 -0.14849
203064 -0.237812 -0.148476
203125 -0.237728 -0.148462
203186 -0.237645 -0.148449
203247 -0.237561 -0.148435
203308 -0.237477 -0.148421
203369 -0.237394 -0.148407
203430 -0.23731 -0.148394
203491 -0.237226 -0.14838
203552 -0.237143 -0.148366
203613 -0.237059 -0.148353
203674 -0.236975 -0.148339
203735 -0.236892 -0.148325
203796 -0.236808 -0.148311
203857 -0.236725 -0.148298
203918 -0.236641 -0.148284
203979 -0.236557 -0.14827
204041 -0.236474 -0.148257
204102 -0.23639 -0.148243
204163 -0.236307 -0.148229
204224 -0.236223 -0.148216
204285 -0.23614 -0.148202
204346 -0.236056 -0.148188
204407 -0.235973 -0.148174
204468 -0.235889 -0.148161
204529 -0.235806 -0.148147
204590 -0.235722 -0.148133
204651 -0.235639 -0.14812
204712 -0.235555 -0.148106
204773 -0.235472 -0.148092
204834 -0.235388 -0.148079
204895 -0.235305 -0.148065
204956 -0.235221 -0.148051
205017 -0.235138 -0.148038
205078 -0.235055 -0.148024
205139 -0.234971 -0.14801
205200 -0.234888 -0.147997
205261 -0.234804 -0.147983
205322 -0.234721 -0.147969
205383 -0.234638 -0.147956
205444 -0.234554 -0.147942
205505 -0.234471 -0.147928
205566 -0.234388 -0.147915
205627 -0.234304 -0.147901
205688 -0.234221 -0.147887
205750 -0.234138 -0.147874
205811 -0.234054 -0.14786
205872 -0.233971 -0.147846
205933 -0.233888 -0.147833
205994 -0.233805 -0.147819
206055 -0.233721 -0.147805
206116 -0.233638 -0.147792
206177 -0.233555 -0.147778
206238 -0.233472 -0.147764
206299 -0.233388 -0.147751
206360 -0.233305 -0.147737
206421 -0.233222 -0.147724
206482 -0.233139 -0.14771
206543 -0.233055 -0.147696
206604 -0.232972 -0.147683
206665 -0.232889 -0.147669
206726 -0.232806 -0.147655
206787 -0.232723 -0.147642
206848 -0.23264 -0.147628
206909 -0.232556 -0.147614
206970 -0.232473 -0.147601
207031 -0.23239 -0.147587
207092 -0.232307 -0.147574
207153 -0.232224 -0.14756
207214 -0.232141 -0.147546
207275 -0.232058 -0.147533
207336 -0.231975 -0.147519
207397 -0.231891 -0.147505
207458 -0.231808 -0.147492
207520 -0.231725 -0.147478
207581 -0.231642 -0.147465
207642 -0.231559 -0.147451
207703 -0.231476 -0.147437
207764 -0.231393 -0.147424
207825 -0.23131 -0.14741
207886 -0.231227 -0.147397
207947 -0.231144 -0.147383
208008 -0.231061 -0.147369
208069 -0.230978 -0.147356
208130 -0.230895 -0.147342
208191 -0.230812 -0.147328
208252 -0.230729 -0.147315
208313 -0.230646 -0.147301
208374 -0.230563 -0.147288
208435 -0.23048 -0.147274
208496 -0.230397 -0.14726
208557 -0.230314 -0.147247
208618 -0.230231 -0.147233
208679 -0.230148 -0.14722
208740 -0.230066 -0.147206
208801 -0.229983 -0.147193
208862 -0.2299 -0.147179
208923 -0.229817 -0.147165
208984 -0.229734 -0.147152
209045 -0.229651 -0.147138
209106 -0.229568 -0.147125
209167 -0.229485 -0.147111
209229 -0.229403 -0.147097
209290 -0.22932 -0.147084
209351 -0.229237 -0.14707
209412 -0.229154 -0.147057
209473 -0.229071 -0.147043
209534 -0.228988 -0.14703
209595 -0.228906 -0.147016
209656 -0.228823 -0.147002
209717 -0.22874 -0.146989
209778 -0.228657 -0.146975
209839 -0.228574 -0.146962
209900 -0.228492 -0.146948
209961 -0.228409 -0.146935
210022 -0.228326 -0.146921
210083 -0.228243 -0.146907
210144 -0.228161 -0.146894
210205 -0.228078 -0.14688
210266 -0.227995 -0.146867
210327 -0.227912 -0.146853
210388 -0.22783 -0.14684
210449 -0.227747 -0.146826
210510 -0.227664 -0.146812
210571 -0.227581 -0.146799
210632 -0.227499 -0.146785
210693 -0.227416 -0.146772
210754 -0.227333 -0.146758
210815 -0.227251 -0.146745
210876 -0.227168 -0.146731
210938 -0.227085 -0.146718
210999 -0.227003 -0.146704
211060 -0.22692 -0.14669
211121 -0.226837 -0.146677
211182 -0.226755 -0.146663
211243 -0.226672 -0.14665
211304 -0.22659 -0.146636
211365 -0.226507 -0.146623
211426 -0.226424 -0.146609
211487 -0.226342 -0.146596
211548 -0.226259 -0.146582
211609 -0.226177 -0.146569
211670 -0.226094 -0.146555
211731 -0.226011 -0.146542
211792 -0.225929 -0.146528
211853 -0.225846 -0.146514
211914 -0.225764 -0.146501
211975 -0.225681 -0.146487
212036 -0.225599 -0.146474
212097 -0.225516 -0.14646
212158 -0.225433 -0.146447
212219 -0.225351 -0.146433
212280 -0.225268 -0.14642
212341 -0.225186 -0.146406
212402 -0.225103 -0.146393
212463 -0.225021 -0.146379
212524 -0.224938 -0.146366
212585 -0.224856 -0.146352
212646 -0.224773 -0.146339
212708 -0.224691 -0.146325
212769 -0.224608 -0.146312
212830 -0.224526 -0.146298
212891 -0.224444 -0.146284
212952 -0.224361 -0.146271
213013 -0.224279 -0.146257
213074 -0.224196 -0.146244
213135 -0.224114 -0.14623
213196 -0.224031 -0.146217
213257 -0.223949 -0.146203
213318 -0.223866 -0.14619
213379 -0.223784 -0.146176
213440 -0.223702 -0.146163
213501 -0.223619 -0.146149
213562 -0.223537 -0.146136
213623 -0.223454 -0.146122
213684 -0.223372 -0.146109
213745 -0.22329 -0.146095
213806 -0.223207 -0.146082
213867 -0.223125 -0.146068
213928 -0.223043 -0.146055
213989 -0.22296 -0.146041
214050 -0.222878 -0.146028
214111 -0.222795 -0.146014
214172 -0.222713 -0.146001
214233 -0.222631 -0.145987
214294 -0.222548 -0.145974
214355 -0.222466 -0.14596
214417 -0.222384 -0.145947
214478 -0.222301 -0.145933
214539 -0.222219 -0.14592
214600 -0.222137 -0.145906
214661 -0.222054 -0.145893
214722 -0.221972 -0.145879
214783 -0.22189 -0.145866
214844 -0.221808 -0.145852
214905 -0.221725 -0.145839
214966 -0.221643 -0.145825
215027 -0.221561 -0.145812
215088 -0.221478 -0.145798
215149 -0.221396 -0.145785
215210 -0.221314 -0.145771
215271 -0.221232 -0.145758
215332 -0.221149 -0.145744
215393 -0.221067 -0.145731
215454 -0.220985 -0.145718
215515 -0.220903 -0.145704
215576 -0.22082 -0.145691
215637 -0.220738 -0.145677
215698 -0.220656 -0.145664
215759 -0.220574 -0.14565
215820 -0.220492 -0.145637
215881 -0.220409 -0.145623
215942 -0.220327 -0.14561
216003 -0.220245 -0.145596
216064 -0.220163 -0.145583
216125 -0.220081 -0.145569
216187 -0.219998 -0.145556
216248 -0.219916 -0.145542
216309 -0.219834 -0.145529
216370 -0.219752 -0.145515
216431 -0.21967 -0.145502
216492 -0.219588 -0.145488
216553 -0.219505 -0.145475
216614 -0.219423 -0.145462
216675 -0.219341 -0.145448
216736 -0.219259 -0.145435
216797 -0.219177 -0.145421
216858 -0.219095 -0.145408
216919 -0.219012 -0.145394
216980 -0.21893 -0.145381
217041 -0.218848 -0.145367
217102 -0.218766 -0.145354
217163 -0.218684 -0.14534
217224 -0.218602 -0.145327
217285 -0.21852 -0.145313
217346 -0.218438 -0.1453
217407 -0.218356 -0.145286
217468 -0.218273 -0.145273
217529 -0.218191 -0.14526
217590 -0.218109 -0.145246
217651 -0.218027 -0.145233
217712 -0.217945 -0.145219
217773 -0.217863 -0.145206
217834 -0.217781 -0.145192
217896 -0.217699 -0.145179
217957 -0.217617 -0.145165
218018 -0.217535 -0.145152
218079 -0.217453 -0.145138
218140 -0.217371 -0.145125
218201 -0.217289 -0.145112
218262 -0.217206 -0.145098
218323 -0.217124 -0.145085
218384 -0.217042 -0.145071
218445 -0.21696 -0.145058
218506 -0.216878 -0.145044
218567 -0.216796 -0.145031
218628 -0.216714 -0.145017
218689 -0.216632 -0.145004
218750 -0.21655 -0.144991
218811 -0.216468 -0.144977
218872 -0.216386 -0.144964
218933 -0.216304 -0.14495
218994 -0.216222 -0.144937
219055 -0.21614 -0.144923
219116 -0.216058 -0.14491
219177 -0.215976 -0.144896
219238 -0.215894 -0.144883
219299 -0.215812 -0.14487
219360 -0.21573 -0.144856
219421 -0.215648 -0.144843
219482 -0.215566 -0.144829
219543 -0.215484 -0.144816
219604 -0.215402 -0.144802
219666 -0.21532 -0.144789
219727 -0.215238 -0.144775
219788 -0.215156 -0.144762
219849 -0.215074 -0.144749
219910 -0.214992 -0.144735
219971 -0.21491 -0.144722
220032 -0.214828 -0.144708
220093 -0.214746 -0.144695
220154 -0.214665 -0.144681
220215 -0.214583 -0.144668
220276 -0.214501 -0.144655
220337 -0.214419 -0.144641
220398 -0.214337 -0.144628
220459 -0.214255 -0.144614
220520 -0.214173 -0.144601
220581 -0.214091 -0.144587
220642 -0.214009 -0.144574
220703 -0.213927 -0.144561
220764 -0.213845 -0.144547
220825 -0.213763 -0.144534
220886 -0.213681 -0.14452
220947 -0.213599 -0.144507
221008 -0.213518 -0.144493
221069 -0.213436 -0.14448
221130 -0.213354 -0.144467
221191 -0.213272 -0.144453
221252 -0.21319 -0.14444
221313 -0.213108 -0.144426
221375 -0.213026 -0.144413
221436 -0.212944 -0.144399
221497 -0.212862 -0.144386
221558 -0.21278 -0.144373
221619 -0.212699 -0.144359
221680 -0.212617 -0.144346
221741 -0.212535 -0.144332
221802 -0.212453 -0.144319
221863 -0.212371 -0.144305
221924 -0.212289 -0.144292
221985 -0.212207 -0.144279
222046 -0.212125 -0.144265
222107 -0.212043 -0.144252
222168 -0.211962 -0.144238
222229 -0.21188 -0.144225
222290 -0.211798 -0.144212
222351 -0.211716 -0.144198
222412 -0.211634 -0.144185
222473 -0.211552 -0.144171
222534 -0.21147 -0.144158
222595 -0.211389 -0.144144
222656 -0.211307 -0.144131
222717 -0.211225 -0.144118
222778 -0.211143 -0.144104
222839 -0.211061 -0.144091
222900 -0.210979 -0.144077
222961 -0.210897 -0.144064
223022 -0.210816 -0.14405
223083 -0.210734 -0.144037
223145 -0.210652 -0.144024
223206 -0.21057 -0.14401
223267 -0.210488 -0.143997
223328 -0.210406 -0.143983
223389 -0.210325 -0.14397
223450 -0.210243 -0.143957
223511 -0.210161 -0.143943
223572 -0.210079 -0.14393
223633 -0.209997 -0.143916
223694 -0.209915 -0.143903
223755 -0.209834 -0.14389
223816 -0.209752 -0.143876
223877 -0.20967 -0.143863
223938 -0.209588 -0.143849
223999 -0.209506 -0.143836
224060 -0.209425 -0.143822
224121 -0.209343 -0.143809
224182 -0.209261 -0.143796
224243 -0.209179 -0.143782
224304 -0.209097 -0.143769
224365 -0.209015 -0.143755
224426 -0.208934 -0.143742
224487 -0.208852 -0.143729
224548 -0.20877 -0.143715
224609 -0.208688 -0.143702
224670 -0.208606 -0.143688
224731 -0.208525 -0.143675
224792 -0.208443 -0.143662
224854 -0.208361 -0.143648
224915 -0.208279 -0.143635
224976 -0.208197 -0.143621
225037 -0.208116 -0.143608
225098 -0.208034 -0.143594
225159 -0.207952 -0.143581
225220 -0.20787 -0.143568
225281 -0.207788 -0.143554
225342 -0.207707 -0.143541
225403 -0.207625 -0.143527
225464 -0.207543 -0.143514
225525 -0.207461 -0.143501
225586 -0.207379 -0.143487
225647 -0.207298 -0.143474
225708 -0.207216 -0.14346
225769 -0.207134 -0.143447
225830 -0.207052 -0.143434
225891 -0.206971 -0.14342
225952 -0.206889 -0.143407
226013 -0.206807 -0.143393
226074 -0.206725 -0.14338
226135 -0.206643 -0.143367
226196 -0.206562 -0.143353
226257 -0.20648 -0.14334
226318 -0.206398 -0.143326
226379 -0.206316 -0.143313
226440 -0.206234 -0.143299
226501 -0.206153 -0.143286
226562 -0.206071 -0.143273
226624 -0.205989 -0.143259
226685 -0.205907 -0.143246
226746 -0.205826 -0.143232
226807 -0.205744 -0.143219
226868 -0.205662 -0.143206
226929 -0.20558 -0.143192
226990 -0.205498 -0.143179
227051 -0.205417 -0.143165
227112 -0.205335 -0.143152
227173 -0.205253 -0.143139
227234 -0.205171 -0.143125
227295 -0.205089 -0.143112
227356 -0.205008 -0.143098
227417 -0.204926 -0.143085
227478 -0.204844 -0.143072
227539 -0.204762 -0.143058
227600 -0.204681 -0.143045
227661 -0.204599 -0.143031
227722 -0.204517 -0.143018
227783 -0.204435 -0.143005
227844 -0.204353 -0.142991
227905 -0.204272 -0.142978
227966 -0.20419 -0.142964
228027 -0.204108 -0.142951
228088 -0.204026 -0.142938
228149 -0.203945 -0.142924
228210 -0.203863 -0.142911
228271 -0.203781 -0.142897
228333 -0.203699 -0.142884
228394 -0.203617 -0.14287
228455 -0.203536 -0.142857
228516 -0.203454 -0.142844
228577 -0.203372 -0.14283
228638 -0.20329 -0.142817
228699 -0.203208 -0.142803
228760 -0.203127 -0.14279
228821 -0.203045 -0.142777
228882 -0.202963 -0.142763
228943 -0.202881 -0.14275
229004 -0.2028 -0.142736
229065 -0.202718 -0.142723
229126 -0.202636 -0.14271
229187 -0.202554 -0.142696
229248 -0.202472 -0.142683
229309 -0.202391 -0.142669
229370 -0.202309 -0.142656
229431 -0.202227 -0.142643
229492 -0.202145 -0.142629
229553 -0.202063 -0.142616
229614 -0.201982 -0.142602
229675 -0.2019 -0.142589
229736 -0.201818 -0.142576
229797 -0.201736 -0.142562
229858 -0.201654 -0.142549
229919 -0.201573 -0.142535
229980 -0.201491 -0.142522
230042 -0.201409 -0.142508
230103 -0.201327 -0.142495
230164 -0.201245 -0.142482
230225 -0.201164 -0.142468
230286 -0.201082 -0.142455
230347 -0.201 -0.142441
230408 -0.200918 -0.142428
230469 -0.200836 -0.142415
230530 -0.200755 -0.142401
230591 -0.200673 -0.142388
230652 -0.200591 -0.142374
230713 -0.200509 -0.142361
230774 -0.200427 -0.142348
230835 -0.200345 -0.142334
230896 -0.200264 -0.142321
230957 -0.200182 -0.142307
231018 -0.2001 -0.142294
231079 -0.200018 -0.14228
231140 -0.199936 -0.142267
231201 -0.199854 -0.142254
231262 -0.199773 -0.14224
231323 -0.199691 -0.142227
231384 -0.199609 -0.142213
231445 -0.199527 -0.1422
231506 -0.199445 -0.142187
231567 -0.199363 -0.142173
231628 -0.199282 -0.14216
231689 -0.1992 -0.142146
231750 -0.199118 -0.142133
231812 -0.199036 -0.142119
231873 -0.198954 -0.142106
231934 -0.198872 -0.142093
231995 -0.198791 -0.142079
232056 -0.198709 -0.142066
232117 -0.198627 -0.142052
232178 -0.198545 -0.142039
232239 -0.198463 -0.142026
232300 -0.198381 -0.142012
232361 -0.198299 -0.141999
232422 -0.198218 -0.141985
232483 -0.198136 -0.141972
232544 -0.198054 -0.141958
232605 -0.197972 -0.141945
232666 -0.19789 -0.141932
232727 -0.197808 -0.141918
232788 -0.197726 -0.141905
232849 -0.197644 -0.141891
232910 -0.197563 -0.141878
232971 -0.197481 -0.141865
233032 -0.197399 -0.141851
233093 -0.197317 -0.141838
233154 -0.197235 -0.141824
233215 -0.197153 -0.141811
233276 -0.197071 -0.141797
233337 -0.196989 -0.141784
233398 -0.196907 -0.141771
233459 -0.196826 -0.141757
233521 -0.196744 -0.141744
233582 -0.196662 -0.14173
233643 -0.19658 -0.141717
233704 -0.196498 -0.141703
233765 -0.196416 -0.14169
233826 -0.196334 -0.141677
233887 -0.196252 -0.141663
233948 -0.19617 -0.14165
234009 -0.196088 -0.141636
234070 -0.196006 -0.141623
234131 -0.195925 -0.141609
234192 -0.195843 -0.141596
234253 -0.195761 -0.141583
234314 -0.195679 -0.141569
234375 -0.195597 -0.141556
234436 -0.195515 -0.141542
234497 -0.195433 -0.141529
234558 -0.195351 -0.141515
234619 -0.195269 -0.141502
234680 -0.195187 -0.141489
234741 -0.195105 -0.141475
234802 -0.195023 -0.141462
234863 -0.194941 -0.141448
234924 -0.194859 -0.141435
234985 -0.194777 -0.141421
235046 -0.194695 -0.141408
235107 -0.194613 -0.141394
235168 -0.194531 -0.141381
235229 -0.194449 -0.141368
235291 -0.194367 -0.141354
235352 -0.194285 -0.141341
235413 -0.194203 -0.141327
235474 -0.194121 -0.141314
235535 -0.194039 -0.1413
235596 -0.193957 -0.141287
235657 -0.193875 -0.141273
235718 -0.193793 -0.14126
235779 -0.193711 -0.141247
235840 -0.193629 -0.141233
235901 -0.193547 -0.14122
235962 -0.193465 -0.141206
236023 -0.193383 -0.141193
236084 -0.193301 -0.141179
236145 -0.193219 -0.141166
236206 -0.193137 -0.141152
236267 -0.193055 -0.141139
236328 -0.192973 -0.141126
236389 -0.192891 -0.141112
236450 -0.192809 -0.141099
236511 -0.192727 -0.141085
236572 -0.192645 -0.141072
236633 -0.192563 -0.141058
236694 -0.192481 -0.141045
236755 -0.192399 -0.141031
236816 -0.192317 -0.141018
236877 -0.192235 -0.141005
236938 -0.192153 -0.140991
237000 -0.19207 -0.140978
237061 -0.191988 -0.140964
237122 -0.191906 -0.140951
237183 -0.191824 -0.140937
237244 -0.191742 -0.140924
237305 -0.19166 -0.14091
237366 -0.191578 -0.140897
237427 -0.191496 -0.140883
237488 -0.191414 -0.14087
237549 -0.191332 -0.140856
237610 -0.191249 -0.140843
237671 -0.191167 -0.14083
237732 -0.191085 -0.140816
237793 -0.191003 -0.140803
237854 -0.190921 -0.140789
237915 -0.190839 -0.140776
237976 -0.190757 -0.140762
238037 -0.190675 -0.140749
238098 -0.190592 -0.140735
238159 -0.19051 -0.140722
238220 -0.190428 -0.140708
238281 -0.190346 -0.140695
238342 -0.190264 -0.140681
238403 -0.190182 -0.140668
238464 -0.190099 -0.140654
238525 -0.190017 -0.140641
238586 -0.189935 -0.140628
238647 -0.189853 -0.140614
238708 -0.189771 -0.140601
238770 -0.189688 -0.140587
238831 -0.189606 -0.140574
238892 -0.189524 -0.14056
238953 -0.189442 -0.140547
239014 -0.18936 -0.140533
239075 -0.189277 -0.14052
239136 -0.189195 -0.140506
239197 -0.189113 -0.140493
239258 -0.189031 -0.140479
239319 -0.188948 -0.140466
239380 -0.188866 -0.140452
239441 -0.188784 -0.140439
239502 -0.188702 -0.140425
239563 -0.188619 -0.140412
239624 -0.188537 -0.140398
239685 -0.188455 -0.140385
239746 -0.188373 -0.140371
239807 -0.18829 -0.140358
239868 -0.188208 -0.140344
239929 -0.188126 -0.140331
239990 -0.188043 -0.140317
240051 -0.187961 -0.140304
240112 -0.187879 -0.14029
240173 -0.187796 -0.140277
240234 -0.187714 -0.140263
240295 -0.187632 -0.14025
240356 -0.18755 -0.140236
240417 -0.187467 -0.140223
240479 -0.187385 -0.140209
240540 -0.187303 -0.140196
240601 -0.18722 -0.140182
240662 -0.187138 -0.140169
240723 -0.187055 -0.140155
240784 -0.186973 -0.140142
240845 -0.186891 -0.140128
240906 -0.186808 -0.140115
240967 -0.186726 -0.140101
241028 -0.186644 -0.140088
241089 -0.186561 -0.140074
241150 -0.186479 -0.140061
241211 -0.186396 -0.140047
241272 -0.186314 -0.140034
241333 -0.186232 -0.14002
241394 -0.186149 -0.140007
241455 -0.186067 -0.139993
241516 -0.185984 -0.13998
241577 -0.185902 -0.139966
241638 -0.185819 -0.139953
241699 -0.185737 -0.139939
241760 -0.185655 -0.139926
241821 -0.185572 -0.139912
241882 -0.18549 -0.139899
241943 -0.185407 -0.139885
242004 -0.185325 -0.139872
242065 -0.185242 -0.139858
242126 -0.18516 -0.139845
242188 -0.185077 -0.139831
242249 -0.184995 -0.139818
242310 -0.184912 -0.139804
242371 -0.18483 -0.139791
242432 -0.184747 -0.139777
242493 -0.184665 -0.139764
242554 -0.184582 -0.13975
242615 -0.1845 -0.139737
242676 -0.184417 -0.139723
242737 -0.184335 -0.139709
242798 -0.184252 -0.139696
242859 -0.184169 -0.139682
242920 -0.184087 -0.139669
242981 -0.184004 -0.139655
243042 -0.183922 -0.139642
243103 -0.183839 -0.139628
243164 -0.183757 -0.139615
243225 -0.183674 -0.139601
243286 -0.183591 -0.139588
243347 -0.183509 -0.139574
243408 -0.183426 -0.139561
243469 -0.183343 -0.139547
243530 -0.183261 -0.139533
243591 -0.183178 -0.13952
243652 -0.183096 -0.139506
243713 -0.183013 -0.139493
243774 -0.18293 -0.139479
243835 -0.182848 -0.139466
243896 -0.182765 -0.139452
243958 -0.182682 -0.139439
244019 -0.1826 -0.139425
244080 -0.182517 -0.139411
244141 -0.182434 -0.139398
244202 -0.182352 -0.139384
244263 -0.182269 -0.139371
244324 -0.182186 -0.139357
244385 -0.182103 -0.139344
244446 -0.182021 -0.13933
244507 -0.181938 -0.139317
244568 -0.181855 -0.139303
244629 -0.181772 -0.139289
244690 -0.18169 -0.139276
244751 -0.181607 -0.139262
244812 -0.181524 -0.139249
244873 -0.181441 -0.139235
244934 -0.181359 -0.139222
244995 -0.181276 -0.139208
245056 -0.181193 -0.139194
245117 -0.18111 -0.139181
245178 -0.181027 -0.139167
245239 -0.180945 -0.139154
245300 -0.180862 -0.13914
245361 -0.180779 -0.139127
245422 -0.180696 -0.139113
245483 -0.180613 -0.139099
245544 -0.18053 -0.139086
245605 -0.180448 -0.139072
245667 -0.180365 -0.139059
245728 -0.180282 -0.139045
245789 -0.180199 -0.139032
245850 -0.180116 -0.139018
245911 -0.180033 -0.139004
245972 -0.17995 -0.138991
246033 -0.179867 -0.138977
246094 -0.179784 -0.138964
246155 -0.179701 -0.13895
246216 -0.179619 -0.138936
246277 -0.179536 -0.138923
246338 -0.179453 -0.138909
246399 -0.17937 -0.138896
246460 -0.179287 -0.138882
246521 -0.179204 -0.138868
246582 -0.179121 -0.138855
246643 -0.179038 -0.138841
246704 -0.178955 -0.138828
246765 -0.178872 -0.138814
246826 -0.178789 -0.1388
246887 -0.178706 -0.138787
246948 -0.178623 -0.138773
247009 -0.17854 -0.13876
247070 -0.178457 -0.138746
247131 -0.178374 -0.138732
247192 -0.17829 -0.138719
247253 -0.178207 -0.138705
247314 -0.178124 -0.138691
247375 -0.178041 -0.138678
247437 -0.177958 -0.138664
247498 -0.177875 -0.138651
247559 -0.177792 -0.138637
247620 -0.177709 -0.138623
247681 -0.177626 -0.13861
247742 -0.177543 -0.138596
247803 -0.177459 -0.138582
247864 -0.177376 -0.138569
247925 -0.177293 -0.138555
247986 -0.17721 -0.138542
248047 -0.177127 -0.138528
248108 -0.177044 -0.138514
248169 -0.17696 -0.138501
248230 -0.176877 -0.138487
248291 -0.176794 -0.138473
248352 -0.176711 -0.13846
248413 -0.176628 -0.138446
248474 -0.176544 -0.138432
248535 -0.176461 -0.138419
248596 -0.176378 -0.138405
248657 -0.176295 -0.138391
248718 -0.176211 -0.138378
248779 -0.176128 -0.138364
248840 -0.176045 -0.138351
248901 -0.175961 -0.138337
248962 -0.175878 -0.138323
249023 -0.175795 -0.13831
249084 -0.175712 -0.138296
249146 -0.175628 -0.138282
249207 -0.175545 -0.138269
249268 -0.175462 -0.138255
249329 -0.175378 -0.138241
249390 -0.175295 -0.138228
249451 -0.175211 -0.138214
249512 -0.175128 -0.1382
249573 -0.175045 -0.138187
249634 -0.174961 -0.138173
249695 -0.174878 -0.138159
249756 -0.174794 -0.138146
249817 -0.174711 -0.138132
249878 -0.174628 -0.138118
249939 -0.174544 -0.138105
