-250000 0.176095 -0.167149
-249939 0.176176 -0.166989
-249878 0.176257 -0.16683
-249817 0.176338 -0.16667
-249756 0.176419 -0.166511
-249695 0.1765 -0.166351
-249634 0.176581 -0.166191
-249573 0.176662 -0.166032
-249512 0.176743 -0.165872
-249451 0.176824 -0.165713
-249390 0.176905 -0.165553
-249329 0.176986 -0.165394
-249268 0.177067 -0.165234
-249207 0.177148 -0.165075
-249146 0.177229 -0.164915
-249084 0.177309 -0.164755
-249023 0.17739 -0.164596
-248962 0.177471 -0.164436
-248901 0.177552 -0.164277
-248840 0.177633 -0.164117
-248779 0.177714 -0.163957
-248718 0.177795 -0.163798
-248657 0.177876 -0.163638
-248596 0.177957 -0.163478
-248535 0.178038 -0.163319
-248474 0.178119 -0.163159
-248413 0.1782 -0.162999
-248352 0.178281 -0.16284
-248291 0.178362 -0.16268
-248230 0.178443 -0.16252
-248169 0.178524 -0.162361
-248108 0.178605 -0.162201
-248047 0.178686 -0.162041
-247986 0.178767 -0.161882
-247925 0.178848 -0.161722
-247864 0.178929 -0.161562
-247803 0.17901 -0.161402
-247742 0.179091 -0.161243
-247681 0.179172 -0.161083
-247620 0.179253 -0.160923
-247559 0.179334 -0.160763
-247498 0.179416 -0.160604
-247437 0.179497 -0.160444
-247375 0.179578 -0.160284
-247314 0.179659 -0.160124
-247253 0.17974 -0.159964
-247192 0.179821 -0.159805
-247131 0.179902 -0.159645
-247070 0.179983 -0.159485
-247009 0.180064 -0.159325
-246948 0.180145 -0.159165
-246887 0.180226 -0.159005
-246826 0.180307 -0.158845
-246765 0.180388 -0.158686
-246704 0.18047 -0.158526
-246643 0.180551 -0.158366
-246582 0.180632 -0.158206
-246521 0.180713 -0.158046
-246460 0.180794 -0.157886
-246399 0.180875 -0.157726
-246338 0.180956 -0.157566
-246277 0.181037 -0.157406
-246216 0.181118 -0.157246
-246155 0.1812 -0.157086
-246094 0.181281 -0.156926
-246033 0.181362 -0.156766
-245972 0.181443 -0.156606
-245911 0.181524 -0.156446
-245850 0.181605 -0.156286
-245789 0.181687 -0.156126
-245728 0.181768 -0.155966
-245667 0.181849 -0.155806
-245605 0.18193 -0.155646
-245544 0.182011 -0.155486
-245483 0.182092 -0.155326
-245422 0.182174 -0.155166
-245361 0.182255 -0.155006
-245300 0.182336 -0.154846
-245239 0.182417 -0.154686
-245178 0.182498 -0.154526
-245117 0.18258 -0.154366
-245056 0.182661 -0.154206
-244995 0.182742 -0.154045
-244934 0.182823 -0.153885
-244873 0.182905 -0.153725
-244812 0.182986 -0.153565
-244751 0.183067 -0.153405
-244690 0.183148 -0.153245
-244629 0.18323 -0.153084
-244568 0.183311 -0.152924
-244507 0.183392 -0.152764
-244446 0.183473 -0.152604
-244385 0.183555 -0.152444
-244324 0.183636 -0.152283
-244263 0.183717 -0.152123
-244202 0.183799 -0.151963
-244141 0.18388 -0.151803
-244080 0.183961 -0.151642
-244019 0.184043 -0.151482
-243958 0.184124 -0.151322
-243896 0.184205 -0.151161
-243835 0.184286 -0.151001
-243774 0.184368 -0.150841
-243713 0.184449 -0.15068
-243652 0.18453 -0.15052
-243591 0.184612 -0.15036
-243530 0.184693 -0.150199
-243469 0.184775 -0.150039
-243408 0.184856 -0.149878
-243347 0.184937 -0.149718
-243286 0.185019 -0.149558
-243225 0.1851 -0.149397
-243164 0.185181 -0.149237
-243103 0.185263 -0.149076
-243042 0.185344 -0.148916
-242981 0.185426 -0.148755
-242920 0.185507 -0.148595
-242859 0.185588 -0.148434
-242798 0.18567 -0.148274
-242737 0.185751 -0.148113
-242676 0.185833 -0.147953
-242615 0.185914 -0.147792
-242554 0.185996 -0.147632
-242493 0.186077 -0.147471
-242432 0.186159 -0.14731
-242371 0.18624 -0.14715
-242310 0.186321 -0.146989
-242249 0.186403 -0.146829
-242188 0.186484 -0.146668
-242126 0.186566 -0.146507
-242065 0.186647 -0.146347
-242004 0.186729 -0.146186
-241943 0.18681 -0.146025
-241882 0.186892 -0.145865
-241821 0.186973 -0.145704
-241760 0.187055 -0.145543
-241699 0.187136 -0.145383
-241638 0.187218 -0.145222
-241577 0.1873 -0.145061
-241516 0.187381 -0.1449
-241455 0.187463 -0.14474
-241394 0.187544 -0.144579
-241333 0.187626 -0.144418
-241272 0.187707 -0.144257
-241211 0.187789 -0.144096
-241150 0.187871 -0.143935
-241089 0.187952 -0.143775
-241028 0.188034 -0.143614
-240967 0.188115 -0.143453
-240906 0.188197 -0.143292
-240845 0.188279 -0.143131
-240784 0.18836 -0.14297
-240723 0.188442 -0.142809
-240662 0.188523 -0.142648
-240601 0.188605 -0.142487
-240540 0.188687 -0.142326
-240479 0.188768 -0.142165
-240417 0.18885 -0.142004
-240356 0.188932 -0.141843
-240295 0.189013 -0.141682
-240234 0.189095 -0.141521
-240173 0.189177 -0.14136
-240112 0.189259 -0.141199
-240051 0.18934 -0.141038
-239990 0.189422 -0.140877
-239929 0.189504 -0.140716
-239868 0.189585 -0.140555
-239807 0.189667 -0.140394
-239746 0.189749 -0.140233
-239685 0.189831 -0.140071
-239624 0.189912 -0.13991
-239563 0.189994 -0.139749
-239502 0.190076 -0.139588
-239441 0.190158 -0.139427
-239380 0.190239 -0.139265
-239319 0.190321 -0.139104
-239258 0.190403 -0.138943
-239197 0.190485 -0.138782
-239136 0.190567 -0.13862
-239075 0.190649 -0.138459
-239014 0.19073 -0.138298
-238953 0.190812 -0.138136
-238892 0.190894 -0.137975
-238831 0.190976 -0.137814
-238770 0.191058 -0.137652
-238708 0.19114 -0.137491
-238647 0.191221 -0.137329
-238586 0.191303 -0.137168
-238525 0.191385 -0.137007
-238464 0.191467 -0.136845
-238403 0.191549 -0.136684
-238342 0.191631 -0.136522
-238281 0.191713 -0.136361
-238220 0.191795 -0.136199
-238159 0.191877 -0.136038
-238098 0.191959 -0.135876
-238037 0.192041 -0.135715
-237976 0.192123 -0.135553
-237915 0.192205 -0.135391
-237854 0.192287 -0.13523
-237793 0.192368 -0.135068
-237732 0.19245 -0.134907
-237671 0.192532 -0.134745
-237610 0.192614 -0.134583
-237549 0.192696 -0.134422
-237488 0.192779 -0.13426
-237427 0.192861 -0.134098
-237366 0.192943 -0.133937
-237305 0.193025 -0.133775
-237244 0.193107 -0.133613
-237183 0.193189 -0.133451
-237122 0.193271 -0.133289
-237061 0.193353 -0.133128
-237000 0.193435 -0.132966
-236938 0.193517 -0.132804
-236877 0.193599 -0.132642
-236816 0.193681 -0.13248
-236755 0.193763 -0.132318
-236694 0.193846 -0.132157
-236633 0.193928 -0.131995
-236572 0.19401 -0.131833
-236511 0.194092 -0.131671
-236450 0.194174 -0.131509
-236389 0.194256 -0.131347
-236328 0.194338 -0.131185
-236267 0.194421 -0.131023
-236206 0.194503 -0.130861
-236145 0.194585 -0.130699
-236084 0.194667 -0.130537
-236023 0.194749 -0.130375
-235962 0.194832 -0.130212
-235901 0.194914 -0.13005
-235840 0.194996 -0.129888
-235779 0.195078 -0.129726
-235718 0.195161 -0.129564
-235657 0.195243 -0.129402
-235596 0.195325 -0.129239
-235535 0.195407 -0.129077
-235474 0.19549 -0.128915
-235413 0.195572 -0.128753
-235352 0.195654 -0.128591
-235291 0.195737 -0.128428
-235229 0.195819 -0.128266
-235168 0.195901 -0.128104
-235107 0.195984 -0.127941
-235046 0.196066 -0.127779
-234985 0.196148 -0.127617
-234924 0.196231 -0.127454
-234863 0.196313 -0.127292
-234802 0.196396 -0.127129
-234741 0.196478 -0.126967
-234680 0.19656 -0.126804
-234619 0.196643 -0.126642
-234558 0.196725 -0.126479
-234497 0.196808 -0.126317
-234436 0.19689 -0.126154
-234375 0.196973 -0.125992
-234314 0.197055 -0.125829
-234253 0.197138 -0.125667
-234192 0.19722 -0.125504
-234131 0.197303 -0.125341
-234070 0.197385 -0.125179
-234009 0.197468 -0.125016
-233948 0.19755 -0.124853
-233887 0.197633 -0.124691
-233826 0.197715 -0.124528
-233765 0.197798 -0.124365
-233704 0.19788 -0.124202
-233643 0.197963 -0.12404
-233582 0.198045 -0.123877
-233521 0.198128 -0.123714
-233459 0.198211 -0.123551
-233398 0.198293 -0.123388
-233337 0.198376 -0.123225
-233276 0.198458 -0.123063
-233215 0.198541 -0.1229
-233154 0.198624 -0.122737
-233093 0.198706 -0.122574
-233032 0.198789 -0.122411
-232971 0.198872 -0.122248
-232910 0.198954 -0.122085
-232849 0.199037 -0.121922
-232788 0.19912 -0.121759
-232727 0.199203 -0.121596
-232666 0.199285 -0.121433
-232605 0.199368 -0.121269
-232544 0.199451 -0.121106
-232483 0.199534 -0.120943
-232422 0.199616 -0.12078
-232361 0.199699 -0.120617
-232300 0.199782 -0.120454
-232239 0.199865 -0.12029
-232178 0.199948 -0.120127
-232117 0.20003 -0.119964
-232056 0.200113 -0.119801
-231995 0.200196 -0.119637
-231934 0.200279 -0.119474
-231873 0.200362 -0.119311
-231812 0.200445 -0.119147
-231750 0.200527 -0.118984
-231689 0.20061 -0.11882
-231628 0.200693 -0.118657
-231567 0.200776 -0.118494
-231506 0.200859 -0.11833
-231445 0.200942 -0.118167
-231384 0.201025 -0.118003
-231323 0.201108 -0.11784
-231262 0.201191 -0.117676
-231201 0.201274 -0.117512
-231140 0.201357 -0.117349
-231079 0.20144 -0.117185
-231018 0.201523 -0.117022
-230957 0.201606 -0.116858
-230896 0.201689 -0.116694
-230835 0.201772 -0.11653
-230774 0.201855 -0.116367
-230713 0.201938 -0.116203
-230652 0.202021 -0.116039
-230591 0.202104 -0.115875
-230530 0.202187 -0.115712
-230469 0.20227 -0.115548
-230408 0.202354 -0.115384
-230347 0.202437 -0.11522
-230286 0.20252 -0.115056
-230225 0.202603 -0.114892
-230164 0.202686 -0.114728
-230103 0.202769 -0.114564
-230042 0.202852 -0.1144
-229980 0.202936 -0.114236
-229919 0.203019 -0.114072
-229858 0.203102 -0.113908
-229797 0.203185 -0.113744
-229736 0.203269 -0.11358
-229675 0.203352 -0.113416
-229614 0.203435 -0.113252
-229553 0.203518 -0.113088
-229492 0.203602 -0.112924
-229431 0.203685 -0.112759
-229370 0.203768 -0.112595
-229309 0.203851 -0.112431
-229248 0.203935 -0.112267
-229187 0.204018 -0.112102
-229126 0.204102 -0.111938
-229065 0.204185 -0.111774
-229004 0.204268 -0.111609
-228943 0.204352 -0.111445
-228882 0.204435 -0.111281
-228821 0.204518 -0.111116
-228760 0.204602 -0.110952
-228699 0.204685 -0.110787
-228638 0.204769 -0.110623
-228577 0.204852 -0.110458
-228516 0.204936 -0.110294
-228455 0.205019 -0.110129
-228394 0.205103 -0.109964
-228333 0.205186 -0.1098
-228271 0.20527 -0.109635
-228210 0.205353 -0.10947
-228149 0.205437 -0.109306
-228088 0.20552 -0.109141
-228027 0.205604 -0.108976
-227966 0.205687 -0.108812
-227905 0.205771 -0.108647
-227844 0.205855 -0.108482
-227783 0.205938 -0.108317
-227722 0.206022 -0.108152
-227661 0.206105 -0.107987
-227600 0.206189 -0.107823
-227539 0.206273 -0.107658
-227478 0.206356 -0.107493
-227417 0.20644 -0.107328
-227356 0.206524 -0.107163
-227295 0.206608 -0.106998
-227234 0.206691 -0.106833
-227173 0.206775 -0.106668
-227112 0.206859 -0.106502
-227051 0.206943 -0.106337
-226990 0.207026 -0.106172
-226929 0.20711 -0.106007
-226868 0.207194 -0.105842
-226807 0.207278 -0.105677
-226746 0.207361 -0.105511
-226685 0.207445 -0.105346
-226624 0.207529 -0.105181
-226562 0.207613 -0.105015
-226501 0.207697 -0.10485
-226440 0.207781 -0.104685
-226379 0.207865 -0.104519
-226318 0.207949 -0.104354
-226257 0.208033 -0.104188
-226196 0.208116 -0.104023
-226135 0.2082 -0.103858
-226074 0.208284 -0.103692
-226013 0.208368 -0.103526
-225952 0.208452 -0.103361
-225891 0.208536 -0.103195
-225830 0.20862 -0.10303
-225769 0.208704 -0.102864
-225708 0.208788 -0.102698
-225647 0.208872 -0.102533
-225586 0.208957 -0.102367
-225525 0.209041 -0.102201
-225464 0.209125 -0.102035
-225403 0.209209 -0.10187
-225342 0.209293 -0.101704
-225281 0.209377 -0.101538
-225220 0.209461 -0.101372
-225159 0.209545 -0.101206
-225098 0.20963 -0.10104
-225037 0.209714 -0.100874
-224976 0.209798 -0.100708
-224915 0.209882 -0.100542
-224854 0.209966 -0.100376
-224792 0.210051 -0.10021
-224731 0.210135 -0.100044
-224670 0.210219 -0.0998779
-224609 0.210303 -0.0997117
-224548 0.210388 -0.0995456
-224487 0.210472 -0.0993794
-224426 0.210556 -0.0992131
-224365 0.210641 -0.0990469
-224304 0.210725 -0.0988806
-224243 0.210809 -0.0987143
-224182 0.210894 -0.098548
-224121 0.210978 -0.0983816
-224060 0.211063 -0.0982152
-223999 0.211147 -0.0980488
-223938 0.211231 -0.0978824
-223877 0.211316 -0.0977159
-223816 0.2114 -0.0975494
-223755 0.211485 -0.0973829
-223694 0.211569 -0.0972163
-223633 0.211654 -0.0970497
-223572 0.211738 -0.0968831
-223511 0.211823 -0.0967165
-223450 0.211907 -0.0965498
-223389 0.211992 -0.0963831
-223328 0.212076 -0.0962164
-223267 0.212161 -0.0960497
-223206 0.212246 -0.0958829
-223145 0.21233 -0.0957161
-223083 0.212415 -0.0955492
-223022 0.212499 -0.0953824
-222961 0.212584 -0.0952155
-222900 0.212669 -0.0950486
-222839 0.212754 -0.0948816
-222778 0.212838 -0.0947147
-222717 0.212923 -0.0945477
-222656 0.213008 -0.0943806
-222595 0.213092 -0.0942136
-222534 0.213177 -0.0940465
-222473 0.213262 -0.0938794
-222412 0.213347 -0.0937122
-222351 0.213431 -0.0935451
-222290 0.213516 -0.0933778
-222229 0.213601 -0.0932106
-222168 0.213686 -0.0930434
-222107 0.213771 -0.0928761
-222046 0.213856 -0.0927088
-221985 0.213941 -0.0925414
-221924 0.214026 -0.092374
-221863 0.21411 -0.0922066
-221802 0.214195 -0.0920392
-221741 0.21428 -0.0918717
-221680 0.214365 -0.0917042
-221619 0.21445 -0.0915367
-221558 0.214535 -0.0913692
-221497 0.21462 -0.0912016
-221436 0.214705 -0.091034
-221375 0.21479 -0.0908663
-221313 0.214875 -0.0906986
-221252 0.21496 -0.0905309
-221191 0.215046 -0.0903632
-221130 0.215131 -0.0901955
-221069 0.215216 -0.0900277
-221008 0.215301 -0.0898598
-220947 0.215386 -0.089692
-220886 0.215471 -0.0895241
-220825 0.215556 -0.0893562
-220764 0.215642 -0.0891883
-220703 0.215727 -0.0890203
-220642 0.215812 -0.0888523
-220581 0.215897 -0.0886842
-220520 0.215982 -0.0885162
-220459 0.216068 -0.0883481
-220398 0.216153 -0.08818
-220337 0.216238 -0.0880118
-220276 0.216324 -0.0878436
-220215 0.216409 -0.0876754
-220154 0.216494 -0.0875072
-220093 0.21658 -0.0873389
-220032 0.216665 -0.0871706
-219971 0.21675 -0.0870022
-219910 0.216836 -0.0868339
-219849 0.216921 -0.0866655
-219788 0.217007 -0.086497
-219727 0.217092 -0.0863286
-219666 0.217178 -0.0861601
-219604 0.217263 -0.0859915
-219543 0.217349 -0.085823
-219482 0.217434 -0.0856544
-219421 0.21752 -0.0854858
-219360 0.217605 -0.0853171
-219299 0.217691 -0.0851484
-219238 0.217776 -0.0849797
-219177 0.217862 -0.084811
-219116 0.217948 -0.0846422
-219055 0.218033 -0.0844734
-218994 0.218119 -0.0843045
-218933 0.218204 -0.0841357
-218872 0.21829 -0.0839667
-218811 0.218376 -0.0837978
-218750 0.218462 -0.0836288
-218689 0.218547 -0.0834598
-218628 0.218633 -0.0832908
-218567 0.218719 -0.0831217
-218506 0.218805 -0.0829526
-218445 0.21889 -0.0827835
-218384 0.218976 -0.0826143
-218323 0.219062 -0.0824451
-218262 0.219148 -0.0822759
-218201 0.219234 -0.0821066
-218140 0.21932 -0.0819373
-218079 0.219406 -0.081768
-218018 0.219491 -0.0815986
-217957 0.219577 -0.0814292
-217896 0.219663 -0.0812598
-217834 0.219749 -0.0810903
-217773 0.219835 -0.0809209
-217712 0.219921 -0.0807513
-217651 0.220007 -0.0805818
-217590 0.220093 -0.0804122
-217529 0.220179 -0.0802425
-217468 0.220265 -0.0800729
-217407 0.220351 -0.0799032
-217346 0.220438 -0.0797335
-217285 0.220524 -0.0795637
-217224 0.22061 -0.0793939
-217163 0.220696 -0.0792241
-217102 0.220782 -0.0790542
-217041 0.220868 -0.0788843
-216980 0.220954 -0.0787144
-216919 0.221041 -0.0785444
-216858 0.221127 -0.0783744
-216797 0.221213 -0.0782044
-216736 0.221299 -0.0780343
-216675 0.221386 -0.0778642
-216614 0.221472 -0.0776941
-216553 0.221558 -0.0775239
-216492 0.221645 -0.0773537
-216431 0.221731 -0.0771835
-216370 0.221817 -0.0770132
-216309 0.221904 -0.0768429
-216248 0.22199 -0.0766725
-216187 0.222077 -0.0765022
-216125 0.222163 -0.0763317
-216064 0.22225 -0.0761613
-216003 0.222336 -0.0759908
-215942 0.222423 -0.0758203
-215881 0.222509 -0.0756497
-215820 0.222596 -0.0754792
-215759 0.222682 -0.0753085
-215698 0.222769 -0.0751379
-215637 0.222855 -0.0749672
-215576 0.222942 -0.0747965
-215515 0.223028 -0.0746257
-215454 0.223115 -0.0744549
-215393 0.223202 -0.0742841
-215332 0.223288 -0.0741132
-215271 0.223375 -0.0739423
-215210 0.223462 -0.0737713
-215149 0.223549 -0.0736004
-215088 0.223635 -0.0734294
-215027 0.223722 -0.0732583
-214966 0.223809 -0.0730872
-214905 0.223896 -0.0729161
-214844 0.223983 -0.0727449
-214783 0.224069 -0.0725738
-214722 0.224156 -0.0724025
-214661 0.224243 -0.0722313
-214600 0.22433 -0.07206
-214539 0.224417 -0.0718886
-214478 0.224504 -0.0717172
-214417 0.224591 -0.0715458
-214355 0.224678 -0.0713744
-214294 0.224765 -0.0712029
-214233 0.224852 -0.0710314
-214172 0.224939 -0.0708598
-214111 0.225026 -0.0706882
-214050 0.225113 -0.0705166
-213989 0.2252 -0.0703449
-213928 0.225287 -0.0701732
-213867 0.225374 -0.0700015
-213806 0.225461 -0.0698297
-213745 0.225548 -0.0696579
-213684 0.225636 -0.069486
-213623 0.225723 -0.0693142
-213562 0.22581 -0.0691422
-213501 0.225897 -0.0689703
-213440 0.225985 -0.0687983
-213379 0.226072 -0.0686262
-213318 0.226159 -0.0684541
-213257 0.226246 -0.068282
-213196 0.226334 -0.0681099
-213135 0.226421 -0.0679377
-213074 0.226508 -0.0677655
-213013 0.226596 -0.0675932
-212952 0.226683 -0.0674209
-212891 0.226771 -0.0672486
-212830 0.226858 -0.0670762
-212769 0.226946 -0.0669038
-212708 0.227033 -0.0667313
-212646 0.22712 -0.0665588
-212585 0.227208 -0.0663863
-212524 0.227296 -0.0662137
-212463 0.227383 -0.0660411
-212402 0.227471 -0.0658684
-212341 0.227558 -0.0656958
-212280 0.227646 -0.065523
-212219 0.227734 -0.0653503
-212158 0.227821 -0.0651775
-212097 0.227909 -0.0650046
-212036 0.227997 -0.0648317
-211975 0.228084 -0.0646588
-211914 0.228172 -0.0644859
-211853 0.22826 -0.0643129
-211792 0.228348 -0.0641398
-211731 0.228435 -0.0639667
-211670 0.228523 -0.0637936
-211609 0.228611 -0.0636205
-211548 0.228699 -0.0634473
-211487 0.228787 -0.063274
-211426 0.228875 -0.0631008
-211365 0.228963 -0.0629275
-211304 0.22905 -0.0627541
-211243 0.229138 -0.0625807
-211182 0.229226 -0.0624073
-211121 0.229314 -0.0622338
-211060 0.229402 -0.0620603
-210999 0.22949 -0.0618867
-210938 0.229578 -0.0617131
-210876 0.229667 -0.0615395
-210815 0.229755 -0.0613658
-210754 0.229843 -0.0611921
-210693 0.229931 -0.0610184
-210632 0.230019 -0.0608446
-210571 0.230107 -0.0606707
-210510 0.230195 -0.0604969
-210449 0.230284 -0.0603229
-210388 0.230372 -0.060149
-210327 0.23046 -0.059975
-210266 0.230548 -0.059801
-210205 0.230637 -0.0596269
-210144 0.230725 -0.0594528
-210083 0.230813 -0.0592786
-210022 0.230902 -0.0591044
-209961 0.23099 -0.0589302
-209900 0.231079 -0.0587559
-209839 0.231167 -0.0585815
-209778 0.231255 -0.0584072
-209717 0.231344 -0.0582328
-209656 0.231432 -0.0580583
-209595 0.231521 -0.0578838
-209534 0.231609 -0.0577093
-209473 0.231698 -0.0575347
-209412 0.231787 -0.0573601
-209351 0.231875 -0.0571854
-209290 0.231964 -0.0570107
-209229 0.232052 -0.056836
-209167 0.232141 -0.0566612
-209106 0.23223 -0.0564864
-209045 0.232319 -0.0563115
-208984 0.232407 -0.0561366
-208923 0.232496 -0.0559617
-208862 0.232585 -0.0557867
-208801 0.232674 -0.0556116
-208740 0.232762 -0.0554366
-208679 0.232851 -0.0552614
-208618 0.23294 -0.0550863
-208557 0.233029 -0.0549111
-208496 0.233118 -0.0547358
-208435 0.233207 -0.0545605
-208374 0.233296 -0.0543852
-208313 0.233385 -0.0542098
-208252 0.233474 -0.0540344
-208191 0.233563 -0.0538589
-208130 0.233652 -0.0536834
-208069 0.233741 -0.0535079
-208008 0.23383 -0.0533323
-207947 0.233919 -0.0531566
-207886 0.234008 -0.0529809
-207825 0.234097 -0.0528052
-207764 0.234186 -0.0526295
-207703 0.234275 -0.0524536
-207642 0.234365 -0.0522778
-207581 0.234454 -0.0521019
-207520 0.234543 -0.0519259
-207458 0.234632 -0.05175
-207397 0.234722 -0.0515739
-207336 0.234811 -0.0513979
-207275 0.2349 -0.0512217
-207214 0.23499 -0.0510456
-207153 0.235079 -0.0508694
-207092 0.235168 -0.0506931
-207031 0.235258 -0.0505168
-206970 0.235347 -0.0503405
-206909 0.235437 -0.0501641
-206848 0.235526 -0.0499877
-206787 0.235616 -0.0498112
-206726 0.235705 -0.0496347
-206665 0.235795 -0.0494581
-206604 0.235885 -0.0492815
-206543 0.235974 -0.0491048
-206482 0.236064 -0.0489281
-206421 0.236153 -0.0487514
-206360 0.236243 -0.0485746
-206299 0.236333 -0.0483978
-206238 0.236423 -0.0482209
-206177 0.236512 -0.048044
-206116 0.236602 -0.047867
-206055 0.236692 -0.04769
-205994 0.236782 -0.0475129
-205933 0.236872 -0.0473358
-205872 0.236961 -0.0471587
-205811 0.237051 -0.0469815
-205750 0.237141 -0.0468042
-205688 0.237231 -0.0466269
-205627 0.237321 -0.0464496
-205566 0.237411 -0.0462722
-205505 0.237501 -0.0460948
-205444 0.237591 -0.0459173
-205383 0.237681 -0.0457398
-205322 0.237771 -0.0455622
-205261 0.237861 -0.0453846
-205200 0.237951 -0.045207
-205139 0.238042 -0.0450293
-205078 0.238132 -0.0448515
-205017 0.238222 -0.0446737
-204956 0.238312 -0.0444959
-204895 0.238402 -0.044318
-204834 0.238493 -0.04414
-204773 0.238583 -0.0439621
-204712 0.238673 -0.043784
-204651 0.238764 -0.0436059
-204590 0.238854 -0.0434278
-204529 0.238944 -0.0432496
-204468 0.239035 -0.0430714
-204407 0.239125 -0.0428932
-204346 0.239216 -0.0427148
-204285 0.239306 -0.0425365
-204224 0.239397 -0.0423581
-204163 0.239487 -0.0421796
-204102 0.239578 -0.0420011
-204041 0.239668 -0.0418225
-203979 0.239759 -0.0416439
-203918 0.239849 -0.0414653
-203857 0.23994 -0.0412866
-203796 0.240031 -0.0411078
-203735 0.240121 -0.0409291
-203674 0.240212 -0.0407502
-203613 0.240303 -0.0405713
-203552 0.240394 -0.0403924
-203491 0.240484 -0.0402134
-203430 0.240575 -0.0400344
-203369 0.240666 -0.0398553
-203308 0.240757 -0.0396761
-203247 0.240848 -0.039497
-203186 0.240939 -0.0393177
-203125 0.24103 -0.0391384
-203064 0.241121 -0.0389591
-203003 0.241212 -0.0387797
-202942 0.241303 -0.0386003
-202881 0.241394 -0.0384208
-202820 0.241485 -0.0382413
-202759 0.241576 -0.0380617
-202698 0.241667 -0.0378821
-202637 0.241758 -0.0377024
-202576 0.241849 -0.0375227
-202515 0.24194 -0.0373429
-202454 0.242032 -0.0371631
-202393 0.242123 -0.0369832
-202332 0.242214 -0.0368033
-202271 0.242306 -0.0366234
-202209 0.242397 -0.0364433
-202148 0.242488 -0.0362633
-202087 0.24258 -0.0360831
-202026 0.242671 -0.035903
-201965 0.242762 -0.0357227
-201904 0.242854 -0.0355425
-201843 0.242945 -0.0353621
-201782 0.243037 -0.0351818
-201721 0.243128 -0.0350013
-201660 0.24322 -0.0348209
-201599 0.243311 -0.0346403
-201538 0.243403 -0.0344598
-201477 0.243495 -0.0342791
-201416 0.243586 -0.0340985
-201355 0.243678 -0.0339177
-201294 0.24377 -0.033737
-201233 0.243861 -0.0335561
-201172 0.243953 -0.0333752
-201111 0.244045 -0.0331943
-201050 0.244137 -0.0330133
-200989 0.244229 -0.0328323
-200928 0.24432 -0.0326512
-200867 0.244412 -0.0324701
-200806 0.244504 -0.0322889
-200745 0.244596 -0.0321076
-200684 0.244688 -0.0319263
-200623 0.24478 -0.031745
-200562 0.244872 -0.0315636
-200500 0.244964 -0.0313821
-200439 0.245056 -0.0312006
-200378 0.245148 -0.0310191
-200317 0.24524 -0.0308375
-200256 0.245333 -0.0306558
-200195 0.245425 -0.0304741
-200134 0.245517 -0.0302923
-200073 0.245609 -0.0301105
-200012 0.245701 -0.0299286
-199951 0.245794 -0.0297467
-199890 0.245886 -0.0295647
-199829 0.245978 -0.0293827
-199768 0.246071 -0.0292006
-199707 0.246163 -0.0290185
-199646 0.246256 -0.0288363
-199585 0.246348 -0.0286541
-199524 0.24644 -0.0284718
-199463 0.246533 -0.0282894
-199402 0.246625 -0.028107
-199341 0.246718 -0.0279246
-199280 0.246811 -0.0277421
-199219 0.246903 -0.0275595
-199158 0.246996 -0.0273769
-199097 0.247089 -0.0271942
-199036 0.247181 -0.0270115
-198975 0.247274 -0.0268287
-198914 0.247367 -0.0266459
-198853 0.247459 -0.026463
-198792 0.247552 -0.02628
-198730 0.247645 -0.026097
-198669 0.247738 -0.025914
-198608 0.247831 -0.0257309
-198547 0.247924 -0.0255477
-198486 0.248017 -0.0253645
-198425 0.24811 -0.0251813
-198364 0.248203 -0.0249979
-198303 0.248296 -0.0248146
-198242 0.248389 -0.0246311
-198181 0.248482 -0.0244476
-198120 0.248575 -0.0242641
-198059 0.248668 -0.0240805
-197998 0.248761 -0.0238969
-197937 0.248854 -0.0237131
-197876 0.248948 -0.0235294
-197815 0.249041 -0.0233456
-197754 0.249134 -0.0231617
-197693 0.249227 -0.0229778
-197632 0.249321 -0.0227938
-197571 0.249414 -0.0226097
-197510 0.249507 -0.0224256
-197449 0.249601 -0.0222415
-197388 0.249694 -0.0220573
-197327 0.249788 -0.021873
-197266 0.249881 -0.0216887
-197205 0.249975 -0.0215043
-197144 0.250068 -0.0213199
-197083 0.250162 -0.0211354
-197021 0.250256 -0.0209508
-196960 0.250349 -0.0207662
-196899 0.250443 -0.0205816
-196838 0.250537 -0.0203969
-196777 0.25063 -0.0202121
-196716 0.250724 -0.0200273
-196655 0.250818 -0.0198424
-196594 0.250912 -0.0196574
-196533 0.251005 -0.0194724
-196472 0.251099 -0.0192874
-196411 0.251193 -0.0191022
-196350 0.251287 -0.0189171
-196289 0.251381 -0.0187318
-196228 0.251475 -0.0185466
-196167 0.251569 -0.0183612
-196106 0.251663 -0.0181758
-196045 0.251757 -0.0179903
-195984 0.251851 -0.0178048
-195923 0.251945 -0.0176192
-195862 0.25204 -0.0174336
-195801 0.252134 -0.0172479
-195740 0.252228 -0.0170622
-195679 0.252322 -0.0168764
-195618 0.252417 -0.0166905
-195557 0.252511 -0.0165046
-195496 0.252605 -0.0163186
-195435 0.2527 -0.0161325
-195374 0.252794 -0.0159464
-195312 0.252888 -0.0157603
-195251 0.252983 -0.015574
-195190 0.253077 -0.0153878
-195129 0.253172 -0.0152014
-195068 0.253267 -0.015015
-195007 0.253361 -0.0148286
-194946 0.253456 -0.0146421
-194885 0.25355 -0.0144555
-194824 0.253645 -0.0142688
-194763 0.25374 -0.0140821
-194702 0.253834 -0.0138954
-194641 0.253929 -0.0137086
-194580 0.254024 -0.0135217
-194519 0.254119 -0.0133348
-194458 0.254214 -0.0131478
-194397 0.254309 -0.0129607
-194336 0.254403 -0.0127736
-194275 0.254498 -0.0125864
-194214 0.254593 -0.0123992
-194153 0.254688 -0.0122119
-194092 0.254783 -0.0120246
-194031 0.254879 -0.0118371
-193970 0.254974 -0.0116497
-193909 0.255069 -0.0114621
-193848 0.255164 -0.0112745
-193787 0.255259 -0.0110869
-193726 0.255354 -0.0108991
-193665 0.25545 -0.0107114
-193604 0.255545 -0.0105235
-193542 0.25564 -0.0103356
-193481 0.255736 -0.0101477
-193420 0.255831 -0.00995963
-193359 0.255926 -0.00977155
-193298 0.256022 -0.0095834
-193237 0.256117 -0.00939519
-193176 0.256213 -0.00920691
-193115 0.256308 -0.00901858
-193054 0.256404 -0.00883018
-192993 0.256499 -0.00864173
-192932 0.256595 -0.00845321
-192871 0.256691 -0.00826462
-192810 0.256786 -0.00807598
-192749 0.256882 -0.00788727
-192688 0.256978 -0.0076985
-192627 0.257074 -0.00750967
-192566 0.257169 -0.00732078
-192505 0.257265 -0.00713182
-192444 0.257361 -0.0069428
-192383 0.257457 -0.00675372
-192322 0.257553 -0.00656457
-192261 0.257649 -0.00637537
-192200 0.257745 -0.00618609
-192139 0.257841 -0.00599676
-192078 0.257937 -0.00580736
-192017 0.258033 -0.0056179
-191956 0.258129 -0.00542837
-191895 0.258226 -0.00523879
-191833 0.258322 -0.00504913
-191772 0.258418 -0.00485942
-191711 0.258514 -0.00466964
-191650 0.258611 -0.00447979
-191589 0.258707 -0.00428989
-191528 0.258803 -0.00409991
-191467 0.2589 -0.00390988
-191406 0.258996 -0.00371978
-191345 0.259093 -0.00352961
-191284 0.259189 -0.00333939
-191223 0.259286 -0.00314909
-191162 0.259382 -0.00295873
-191101 0.259479 -0.00276831
-191040 0.259575 -0.00257782
-190979 0.259672 -0.00238727
-190918 0.259769 -0.00219665
-190857 0.259865 -0.00200597
-190796 0.259962 -0.00181522
-190735 0.260059 -0.00162441
-190674 0.260156 -0.00143353
-190613 0.260253 -0.00124259
-190552 0.26035 -0.00105158
-190491 0.260447 -0.000860505
-190430 0.260543 -0.000669364
-190369 0.26064 -0.000478158
-190308 0.260737 -0.000286886
-190247 0.260835 -9.55482e-05
-190186 0.260932 9.58559e-05
-190125 0.261029 0.000287326
-190063 0.261126 0.000478863
-190002 0.261223 0.000670465
-189941 0.26132 0.000862135
-189880 0.261418 0.00105387
-189819 0.261515 0.00124567
-189758 0.261612 0.00143754
-189697 0.26171 0.00162948
-189636 0.261807 0.00182148
-189575 0.261904 0.00201355
-189514 0.262002 0.00220569
-189453 0.262099 0.00239789
-189392 0.262197 0.00259016
-189331 0.262294 0.0027825
-189270 0.262392 0.0029749
-189209 0.26249 0.00316738
-189148 0.262587 0.00335992
-189087 0.262685 0.00355253
-189026 0.262783 0.0037452
-188965 0.262881 0.00393795
-188904 0.262978 0.00413076
-188843 0.263076 0.00432364
-188782 0.263174 0.00451659
-188721 0.263272 0.00470961
-188660 0.26337 0.00490269
-188599 0.263468 0.00509584
-188538 0.263566 0.00528907
-188477 0.263664 0.00548236
-188416 0.263762 0.00567572
-188354 0.26386 0.00586914
-188293 0.263958 0.00606264
-188232 0.264057 0.00625621
-188171 0.264155 0.00644984
-188110 0.264253 0.00664355
-188049 0.264351 0.00683732
-187988 0.26445 0.00703116
-187927 0.264548 0.00722508
-187866 0.264646 0.00741906
-187805 0.264745 0.00761311
-187744 0.264843 0.00780723
-187683 0.264942 0.00800142
-187622 0.26504 0.00819568
-187561 0.265139 0.00839001
-187500 0.265238 0.00858442
-187439 0.265336 0.00877889
-187378 0.265435 0.00897343
-187317 0.265534 0.00916804
-187256 0.265632 0.00936272
-187195 0.265731 0.00955748
-187134 0.26583 0.0097523
-187073 0.265929 0.0099472
-187012 0.266028 0.0101422
-186951 0.266127 0.0103372
-186890 0.266226 0.0105323
-186829 0.266325 0.0107275
-186768 0.266424 0.0109227
-186707 0.266523 0.0111181
-186646 0.266622 0.0113135
-186584 0.266721 0.0115089
-186523 0.26682 0.0117045
-186462 0.266919 0.0119001
-186401 0.267019 0.0120957
-186340 0.267118 0.0122915
-186279 0.267217 0.0124873
-186218 0.267317 0.0126832
-186157 0.267416 0.0128792
-186096 0.267516 0.0130752
-186035 0.267615 0.0132713
-185974 0.267715 0.0134675
-185913 0.267814 0.0136638
-185852 0.267914 0.0138601
-185791 0.268013 0.0140565
-185730 0.268113 0.014253
-185669 0.268213 0.0144495
-185608 0.268312 0.0146462
-185547 0.268412 0.0148429
-185486 0.268512 0.0150396
-185425 0.268612 0.0152365
-185364 0.268712 0.0154334
-185303 0.268812 0.0156304
-185242 0.268912 0.0158274
-185181 0.269012 0.0160246
-185120 0.269112 0.0162218
-185059 0.269212 0.0164191
-184998 0.269312 0.0166164
-184937 0.269412 0.0168139
-184875 0.269512 0.0170114
-184814 0.269612 0.017209
-184753 0.269713 0.0174066
-184692 0.269813 0.0176044
-184631 0.269913 0.0178022
-184570 0.270014 0.018
-184509 0.270114 0.018198
-184448 0.270215 0.018396
-184387 0.270315 0.0185941
-184326 0.270416 0.0187923
-184265 0.270516 0.0189906
-184204 0.270617 0.0191889
-184143 0.270717 0.0193873
-184082 0.270818 0.0195858
-184021 0.270919 0.0197844
-183960 0.27102 0.019983
-183899 0.27112 0.0201817
-183838 0.271221 0.0203805
-183777 0.271322 0.0205794
-183716 0.271423 0.0207783
-183655 0.271524 0.0209773
-183594 0.271625 0.0211764
-183533 0.271726 0.0213756
-183472 0.271827 0.0215748
-183411 0.271928 0.0217742
-183350 0.272029 0.0219736
-183289 0.27213 0.022173
-183228 0.272232 0.0223726
-183167 0.272333 0.0225722
-183105 0.272434 0.0227719
-183044 0.272536 0.0229717
-182983 0.272637 0.0231716
-182922 0.272738 0.0233715
-182861 0.27284 0.0235715
-182800 0.272941 0.0237716
-182739 0.273043 0.0239718
-182678 0.273144 0.0241721
-182617 0.273246 0.0243724
-182556 0.273348 0.0245728
-182495 0.273449 0.0247733
-182434 0.273551 0.0249738
-182373 0.273653 0.0251745
-182312 0.273755 0.0253752
-182251 0.273857 0.025576
-182190 0.273959 0.0257769
-182129 0.27406 0.0259778
-182068 0.274162 0.0261789
-182007 0.274264 0.02638
-181946 0.274367 0.0265812
-181885 0.274469 0.0267825
-181824 0.274571 0.0269838
-181763 0.274673 0.0271853
-181702 0.274775 0.0273868
-181641 0.274877 0.0275884
-181580 0.27498 0.02779
-181519 0.275082 0.0279918
-181458 0.275184 0.0281936
-181396 0.275287 0.0283956
-181335 0.275389 0.0285975
-181274 0.275492 0.0287996
-181213 0.275594 0.0290018
-181152 0.275697 0.029204
-181091 0.2758 0.0294063
-181030 0.275902 0.0296087
-180969 0.276005 0.0298112
-180908 0.276108 0.0300138
-180847 0.276211 0.0302164
-180786 0.276313 0.0304191
-180725 0.276416 0.0306219
-180664 0.276519 0.0308248
-180603 0.276622 0.0310278
-180542 0.276725 0.0312308
-180481 0.276828 0.031434
-180420 0.276931 0.0316372
-180359 0.277034 0.0318405
-180298 0.277138 0.0320439
-180237 0.277241 0.0322473
-180176 0.277344 0.0324509
-180115 0.277447 0.0326545
-180054 0.277551 0.0328582
-179993 0.277654 0.033062
-179932 0.277757 0.0332658
-179871 0.277861 0.0334698
-179810 0.277964 0.0336738
-179749 0.278068 0.033878
-179688 0.278171 0.0340822
-179626 0.278275 0.0342865
-179565 0.278379 0.0344908
-179504 0.278482 0.0346953
-179443 0.278586 0.0348998
-179382 0.27869 0.0351044
-179321 0.278794 0.0353092
-179260 0.278898 0.0355139
-179199 0.279002 0.0357188
-179138 0.279106 0.0359238
-179077 0.27921 0.0361288
-179016 0.279314 0.036334
-178955 0.279418 0.0365392
-178894 0.279522 0.0367445
-178833 0.279626 0.0369498
-178772 0.27973 0.0371553
-178711 0.279835 0.0373609
-178650 0.279939 0.0375665
-178589 0.280043 0.0377722
-178528 0.280148 0.037978
-178467 0.280252 0.0381839
-178406 0.280357 0.0383899
-178345 0.280461 0.038596
-178284 0.280566 0.0388021
-178223 0.28067 0.0390084
-178162 0.280775 0.0392147
-178101 0.28088 0.0394211
-178040 0.280984 0.0396276
-177979 0.281089 0.0398342
-177917 0.281194 0.0400408
-177856 0.281299 0.0402476
-177795 0.281404 0.0404544
-177734 0.281509 0.0406614
-177673 0.281614 0.0408684
-177612 0.281719 0.0410755
-177551 0.281824 0.0412827
-177490 0.281929 0.04149
-177429 0.282034 0.0416973
-177368 0.28214 0.0419048
-177307 0.282245 0.0421123
-177246 0.28235 0.04232
-177185 0.282456 0.0425277
-177124 0.282561 0.0427355
-177063 0.282666 0.0429434
-177002 0.282772 0.0431513
-176941 0.282877 0.0433594
-176880 0.282983 0.0435676
-176819 0.283089 0.0437758
-176758 0.283194 0.0439842
-176697 0.2833 0.0441926
-176636 0.283406 0.0444011
-176575 0.283512 0.0446097
-176514 0.283618 0.0448184
-176453 0.283723 0.0450272
-176392 0.283829 0.045236
-176331 0.283935 0.045445
-176270 0.284041 0.0456541
-176208 0.284147 0.0458632
-176147 0.284254 0.0460724
-176086 0.28436 0.0462817
-176025 0.284466 0.0464912
-175964 0.284572 0.0467007
-175903 0.284679 0.0469103
-175842 0.284785 0.0471199
-175781 0.284891 0.0473297
-175720 0.284998 0.0475396
-175659 0.285104 0.0477495
-175598 0.285211 0.0479596
-175537 0.285317 0.0481697
-175476 0.285424 0.0483799
-175415 0.285531 0.0485903
-175354 0.285638 0.0488007
-175293 0.285744 0.0490112
-175232 0.285851 0.0492218
-175171 0.285958 0.0494324
-175110 0.286065 0.0496432
-175049 0.286172 0.0498541
-174988 0.286279 0.0500651
-174927 0.286386 0.0502761
-174866 0.286493 0.0504873
-174805 0.2866 0.0506985
-174744 0.286707 0.0509098
-174683 0.286815 0.0511213
-174622 0.286922 0.0513328
-174561 0.287029 0.0515444
-174500 0.287137 0.0517561
-174438 0.287244 0.0519679
-174377 0.287352 0.0521798
-174316 0.287459 0.0523918
-174255 0.287567 0.0526038
-174194 0.287674 0.052816
-174133 0.287782 0.0530283
-174072 0.28789 0.0532407
-174011 0.287998 0.0534531
-173950 0.288105 0.0536657
-173889 0.288213 0.0538783
-173828 0.288321 0.054091
-173767 0.288429 0.0543039
-173706 0.288537 0.0545168
-173645 0.288645 0.0547298
-173584 0.288753 0.0549429
-173523 0.288861 0.0551562
-173462 0.28897 0.0553695
-173401 0.289078 0.0555829
-173340 0.289186 0.0557964
-173279 0.289295 0.05601
-173218 0.289403 0.0562237
-173157 0.289511 0.0564375
-173096 0.28962 0.0566513
-173035 0.289728 0.0568653
-172974 0.289837 0.0570794
-172913 0.289946 0.0572936
-172852 0.290054 0.0575078
-172791 0.290163 0.0577222
-172729 0.290272 0.0579367
-172668 0.290381 0.0581512
-172607 0.29049 0.0583659
-172546 0.290599 0.0585806
-172485 0.290708 0.0587955
-172424 0.290817 0.0590104
-172363 0.290926 0.0592255
-172302 0.291035 0.0594406
-172241 0.291144 0.0596559
-172180 0.291253 0.0598712
-172119 0.291362 0.0600867
-172058 0.291472 0.0603022
-171997 0.291581 0.0605178
-171936 0.291691 0.0607336
-171875 0.2918 0.0609494
-171814 0.29191 0.0611653
-171753 0.292019 0.0613814
-171692 0.292129 0.0615975
-171631 0.292239 0.0618137
-171570 0.292348 0.0620301
-171509 0.292458 0.0622465
-171448 0.292568 0.062463
-171387 0.292678 0.0626797
-171326 0.292788 0.0628964
-171265 0.292898 0.0631132
-171204 0.293008 0.0633301
-171143 0.293118 0.0635472
-171082 0.293228 0.0637643
-171021 0.293338 0.0639815
-170959 0.293448 0.0641989
-170898 0.293559 0.0644163
-170837 0.293669 0.0646338
-170776 0.293779 0.0648515
-170715 0.29389 0.0650692
-170654 0.294 0.065287
-170593 0.294111 0.065505
-170532 0.294222 0.065723
-170471 0.294332 0.0659412
-170410 0.294443 0.0661594
-170349 0.294554 0.0663778
-170288 0.294664 0.0665962
-170227 0.294775 0.0668148
-170166 0.294886 0.0670334
-170105 0.294997 0.0672522
-170044 0.295108 0.067471
-169983 0.295219 0.06769
-169922 0.29533 0.067909
-169861 0.295442 0.0681282
-169800 0.295553 0.0683475
-169739 0.295664 0.0685669
-169678 0.295775 0.0687863
-169617 0.295887 0.0690059
-169556 0.295998 0.0692256
-169495 0.29611 0.0694454
-169434 0.296221 0.0696653
-169373 0.296333 0.0698853
-169312 0.296445 0.0701054
-169250 0.296556 0.0703256
-169189 0.296668 0.0705459
-169128 0.29678 0.0707663
-169067 0.296892 0.0709868
-169006 0.297004 0.0712075
-168945 0.297116 0.0714282
-168884 0.297228 0.071649
-168823 0.29734 0.07187
-168762 0.297452 0.072091
-168701 0.297564 0.0723122
-168640 0.297676 0.0725334
-168579 0.297788 0.0727548
-168518 0.297901 0.0729763
-168457 0.298013 0.0731979
-168396 0.298126 0.0734195
-168335 0.298238 0.0736413
-168274 0.298351 0.0738632
-168213 0.298463 0.0740852
-168152 0.298576 0.0743074
-168091 0.298689 0.0745296
-168030 0.298802 0.0747519
-167969 0.298914 0.0749743
-167908 0.299027 0.0751969
-167847 0.29914 0.0754195
-167786 0.299253 0.0756423
-167725 0.299366 0.0758652
-167664 0.299479 0.0760881
-167603 0.299592 0.0763112
-167542 0.299706 0.0765344
-167480 0.299819 0.0767577
-167419 0.299932 0.0769811
-167358 0.300046 0.0772046
-167297 0.300159 0.0774283
-167236 0.300273 0.077652
-167175 0.300386 0.0778758
-167114 0.3005 0.0780998
-167053 0.300613 0.0783239
-166992 0.300727 0.078548
-166931 0.300841 0.0787723
-166870 0.300955 0.0789967
-166809 0.301069 0.0792212
-166748 0.301183 0.0794458
-166687 0.301297 0.0796706
-166626 0.301411 0.0798954
-166565 0.301525 0.0801203
-166504 0.301639 0.0803454
-166443 0.301753 0.0805706
-166382 0.301867 0.0807959
-166321 0.301982 0.0810212
-166260 0.302096 0.0812467
-166199 0.302211 0.0814724
-166138 0.302325 0.0816981
-166077 0.30244 0.0819239
-166016 0.302554 0.0821499
-165955 0.302669 0.0823759
-165894 0.302784 0.0826021
-165833 0.302898 0.0828284
-165771 0.303013 0.0830548
-165710 0.303128 0.0832813
-165649 0.303243 0.083508
-165588 0.303358 0.0837347
-165527 0.303473 0.0839616
-165466 0.303588 0.0841885
-165405 0.303704 0.0844156
-165344 0.303819 0.0846428
-165283 0.303934 0.0848701
-165222 0.304049 0.0850975
-165161 0.304165 0.0853251
-165100 0.30428 0.0855527
-165039 0.304396 0.0857805
-164978 0.304511 0.0860084
-164917 0.304627 0.0862364
-164856 0.304743 0.0864645
-164795 0.304859 0.0866927
-164734 0.304974 0.0869211
-164673 0.30509 0.0871495
-164612 0.305206 0.0873781
-164551 0.305322 0.0876068
-164490 0.305438 0.0878356
-164429 0.305554 0.0880645
-164368 0.305671 0.0882936
-164307 0.305787 0.0885227
-164246 0.305903 0.088752
-164185 0.30602 0.0889814
-164124 0.306136 0.0892109
-164062 0.306252 0.0894405
-164001 0.306369 0.0896703
-163940 0.306486 0.0899001
-163879 0.306602 0.0901301
-163818 0.306719 0.0903602
-163757 0.306836 0.0905904
-163696 0.306953 0.0908207
-163635 0.307069 0.0910512
-163574 0.307186 0.0912817
-163513 0.307303 0.0915124
-163452 0.307421 0.0917432
-163391 0.307538 0.0919741
-163330 0.307655 0.0922052
-163269 0.307772 0.0924363
-163208 0.307889 0.0926676
-163147 0.308007 0.092899
-163086 0.308124 0.0931305
-163025 0.308242 0.0933622
-162964 0.308359 0.0935939
-162903 0.308477 0.0938258
-162842 0.308595 0.0940578
-162781 0.308712 0.0942899
-162720 0.30883 0.0945222
-162659 0.308948 0.0947545
-162598 0.309066 0.094987
-162537 0.309184 0.0952196
-162476 0.309302 0.0954523
-162415 0.30942 0.0956852
-162354 0.309538 0.0959182
-162292 0.309657 0.0961513
-162231 0.309775 0.0963845
-162170 0.309893 0.0966178
-162109 0.310012 0.0968513
-162048 0.31013 0.0970848
-161987 0.310249 0.0973185
-161926 0.310367 0.0975524
-161865 0.310486 0.0977863
-161804 0.310605 0.0980204
-161743 0.310723 0.0982546
-161682 0.310842 0.0984889
-161621 0.310961 0.0987233
-161560 0.31108 0.0989579
-161499 0.311199 0.0991926
-161438 0.311318 0.0994274
-161377 0.311438 0.0996623
-161316 0.311557 0.0998974
-161255 0.311676 0.100133
-161194 0.311795 0.100368
-161133 0.311915 0.100603
-161072 0.312034 0.100839
-161011 0.312154 0.101075
-160950 0.312274 0.10131
-160889 0.312393 0.101546
-160828 0.312513 0.101782
-160767 0.312633 0.102019
-160706 0.312753 0.102255
-160645 0.312873 0.102491
-160583 0.312993 0.102728
-160522 0.313113 0.102965
-160461 0.313233 0.103201
-160400 0.313353 0.103438
-160339 0.313473 0.103675
-160278 0.313594 0.103913
-160217 0.313714 0.10415
-160156 0.313834 0.104387
-160095 0.313955 0.104625
-160034 0.314075 0.104863
-159973 0.314196 0.105101
-159912 0.314317 0.105338
-159851 0.314438 0.105577
-159790 0.314558 0.105815
-159729 0.314679 0.106053
-159668 0.3148 0.106292
-159607 0.314921 0.10653
-159546 0.315042 0.106769
-159485 0.315164 0.107008
-159424 0.315285 0.107247
-159363 0.315406 0.107486
-159302 0.315528 0.107725
-159241 0.315649 0.107965
-159180 0.31577 0.108204
-159119 0.315892 0.108444
-159058 0.316014 0.108684
-158997 0.316135 0.108924
-158936 0.316257 0.109164
-158875 0.316379 0.109404
-158813 0.316501 0.109644
-158752 0.316623 0.109885
-158691 0.316745 0.110125
-158630 0.316867 0.110366
-158569 0.316989 0.110607
-158508 0.317111 0.110848
-158447 0.317234 0.111089
-158386 0.317356 0.11133
-158325 0.317478 0.111571
-158264 0.317601 0.111813
-158203 0.317724 0.112054
-158142 0.317846 0.112296
-158081 0.317969 0.112538
-158020 0.318092 0.11278
-157959 0.318215 0.113022
-157898 0.318337 0.113265
-157837 0.31846 0.113507
-157776 0.318583 0.11375
-157715 0.318707 0.113992
-157654 0.31883 0.114235
-157593 0.318953 0.114478
-157532 0.319076 0.114721
-157471 0.3192 0.114965
-157410 0.319323 0.115208
-157349 0.319447 0.115451
-157288 0.31957 0.115695
-157227 0.319694 0.115939
-157166 0.319818 0.116183
-157104 0.319942 0.116427
-157043 0.320065 0.116671
-156982 0.320189 0.116915
-156921 0.320313 0.11716
-156860 0.320437 0.117405
-156799 0.320562 0.117649
-156738 0.320686 0.117894
-156677 0.32081 0.118139
-156616 0.320934 0.118384
-156555 0.321059 0.11863
-156494 0.321183 0.118875
-156433 0.321308 0.119121
-156372 0.321433 0.119366
-156311 0.321557 0.119612
-156250 0.321682 0.119858
-156189 0.321807 0.120104
-156128 0.321932 0.120351
-156067 0.322057 0.120597
-156006 0.322182 0.120844
-155945 0.322307 0.12109
-155884 0.322432 0.121337
-155823 0.322558 0.121584
-155762 0.322683 0.121831
-155701 0.322808 0.122079
-155640 0.322934 0.122326
-155579 0.323059 0.122574
-155518 0.323185 0.122821
-155457 0.323311 0.123069
-155396 0.323437 0.123317
-155334 0.323562 0.123565
-155273 0.323688 0.123813
-155212 0.323814 0.124062
-155151 0.32394 0.12431
-155090 0.324067 0.124559
-155029 0.324193 0.124808
-154968 0.324319 0.125057
-154907 0.324445 0.125306
-154846 0.324572 0.125555
-154785 0.324698 0.125805
-154724 0.324825 0.126054
-154663 0.324952 0.126304
-154602 0.325078 0.126554
-154541 0.325205 0.126804
-154480 0.325332 0.127054
-154419 0.325459 0.127304
-154358 0.325586 0.127554
-154297 0.325713 0.127805
-154236 0.32584 0.128056
-154175 0.325968 0.128307
-154114 0.326095 0.128558
-154053 0.326222 0.128809
-153992 0.32635 0.12906
-153931 0.326477 0.129311
-153870 0.326605 0.129563
-153809 0.326733 0.129815
-153748 0.32686 0.130067
-153687 0.326988 0.130319
-153625 0.327116 0.130571
-153564 0.327244 0.130823
-153503 0.327372 0.131076
-153442 0.3275 0.131328
-153381 0.327629 0.131581
-153320 0.327757 0.131834
-153259 0.327885 0.132087
-153198 0.328014 0.13234
-153137 0.328142 0.132594
-153076 0.328271 0.132847
-153015 0.328399 0.133101
-152954 0.328528 0.133355
-152893 0.328657 0.133608
-152832 0.328786 0.133863
-152771 0.328915 0.134117
-152710 0.329044 0.134371
-152649 0.329173 0.134626
-152588 0.329302 0.134881
-152527 0.329432 0.135135
-152466 0.329561 0.13539
-152405 0.32969 0.135646
-152344 0.32982 0.135901
-152283 0.329949 0.136156
-152222 0.330079 0.136412
-152161 0.330209 0.136668
-152100 0.330339 0.136924
-152039 0.330469 0.13718
-151978 0.330599 0.137436
-151917 0.330729 0.137692
-151855 0.330859 0.137949
-151794 0.330989 0.138206
-151733 0.331119 0.138463
-151672 0.33125 0.13872
-151611 0.33138 0.138977
-151550 0.331511 0.139234
-151489 0.331641 0.139492
-151428 0.331772 0.139749
-151367 0.331903 0.140007
-151306 0.332034 0.140265
-151245 0.332164 0.140523
-151184 0.332295 0.140781
-151123 0.332427 0.14104
-151062 0.332558 0.141298
-151001 0.332689 0.141557
-150940 0.33282 0.141816
-150879 0.332952 0.142075
-150818 0.333083 0.142334
-150757 0.333215 0.142593
-150696 0.333346 0.142853
-150635 0.333478 0.143113
-150574 0.33361 0.143372
-150513 0.333742 0.143632
-150452 0.333874 0.143893
-150391 0.334006 0.144153
-150330 0.334138 0.144413
-150269 0.33427 0.144674
-150208 0.334402 0.144935
-150146 0.334535 0.145196
-150085 0.334667 0.145457
-150024 0.3348 0.145718
-149963 0.334932 0.14598
-149902 0.335065 0.146241
-149841 0.335198 0.146503
-149780 0.335331 0.146765
-149719 0.335464 0.147027
-149658 0.335597 0.147289
-149597 0.33573 0.147551
-149536 0.335863 0.147814
-149475 0.335996 0.148077
-149414 0.33613 0.14834
-149353 0.336263 0.148603
-149292 0.336396 0.148866
-149231 0.33653 0.149129
-149170 0.336664 0.149393
-149109 0.336798 0.149657
-149048 0.336931 0.14992
-148987 0.337065 0.150184
-148926 0.337199 0.150449
-148865 0.337333 0.150713
-148804 0.337468 0.150977
-148743 0.337602 0.151242
-148682 0.337736 0.151507
-148621 0.337871 0.151772
-148560 0.338005 0.152037
-148499 0.33814 0.152303
-148438 0.338274 0.152568
-148376 0.338409 0.152834
-148315 0.338544 0.1531
-148254 0.338679 0.153366
-148193 0.338814 0.153632
-148132 0.338949 0.153898
-148071 0.339084 0.154165
-148010 0.33922 0.154431
-147949 0.339355 0.154698
-147888 0.33949 0.154965
-147827 0.339626 0.155232
-147766 0.339762 0.1555
-147705 0.339897 0.155767
-147644 0.340033 0.156035
-147583 0.340169 0.156303
-147522 0.340305 0.156571
-147461 0.340441 0.156839
-147400 0.340577 0.157108
-147339 0.340713 0.157376
-147278 0.34085 0.157645
-147217 0.340986 0.157914
-147156 0.341123 0.158183
-147095 0.341259 0.158452
-147034 0.341396 0.158721
-146973 0.341532 0.158991
-146912 0.341669 0.159261
-146851 0.341806 0.159531
-146790 0.341943 0.159801
-146729 0.34208 0.160071
-146667 0.342218 0.160341
-146606 0.342355 0.160612
-146545 0.342492 0.160883
-146484 0.34263 0.161154
-146423 0.342767 0.161425
-146362 0.342905 0.161696
-146301 0.343043 0.161968
-146240 0.34318 0.162239
-146179 0.343318 0.162511
-146118 0.343456 0.162783
-146057 0.343594 0.163056
-145996 0.343732 0.163328
-145935 0.343871 0.1636
-145874 0.344009 0.163873
-145813 0.344147 0.164146
-145752 0.344286 0.164419
-145691 0.344425 0.164692
-145630 0.344563 0.164966
-145569 0.344702 0.165239
-145508 0.344841 0.165513
-145447 0.34498 0.165787
-145386 0.345119 0.166061
-145325 0.345258 0.166336
-145264 0.345397 0.16661
-145203 0.345537 0.166885
-145142 0.345676 0.16716
-145081 0.345816 0.167435
-145020 0.345955 0.16771
-144958 0.346095 0.167985
-144897 0.346235 0.168261
-144836 0.346375 0.168537
-144775 0.346515 0.168813
-144714 0.346655 0.169089
-144653 0.346795 0.169365
-144592 0.346935 0.169642
-144531 0.347075 0.169918
-144470 0.347216 0.170195
-144409 0.347356 0.170472
-144348 0.347497 0.170749
-144287 0.347638 0.171027
-144226 0.347779 0.171304
-144165 0.347919 0.171582
-144104 0.34806 0.17186
-144043 0.348201 0.172138
-143982 0.348343 0.172416
-143921 0.348484 0.172695
-143860 0.348625 0.172974
-143799 0.348767 0.173253
-143738 0.348908 0.173532
-143677 0.34905 0.173811
-143616 0.349192 0.17409
-143555 0.349334 0.17437
-143494 0.349476 0.17465
-143433 0.349618 0.17493
-143372 0.34976 0.17521
-143311 0.349902 0.17549
-143250 0.350044 0.175771
-143188 0.350187 0.176052
-143127 0.350329 0.176332
-143066 0.350472 0.176614
-143005 0.350614 0.176895
-142944 0.350757 0.177176
-142883 0.3509 0.177458
-142822 0.351043 0.17774
-142761 0.351186 0.178022
-142700 0.351329 0.178304
-142639 0.351473 0.178587
-142578 0.351616 0.178869
-142517 0.351759 0.179152
-142456 0.351903 0.179435
-142395 0.352047 0.179718
-142334 0.35219 0.180002
-142273 0.352334 0.180285
-142212 0.352478 0.180569
-142151 0.352622 0.180853
-142090 0.352766 0.181137
-142029 0.352911 0.181422
-141968 0.353055 0.181706
-141907 0.3532 0.181991
-141846 0.353344 0.182276
-141785 0.353489 0.182561
-141724 0.353633 0.182847
-141663 0.353778 0.183132
-141602 0.353923 0.183418
-141541 0.354068 0.183704
-141479 0.354213 0.18399
-141418 0.354359 0.184276
-141357 0.354504 0.184563
-141296 0.354649 0.184849
-141235 0.354795 0.185136
-141174 0.354941 0.185423
-141113 0.355086 0.185711
-141052 0.355232 0.185998
-140991 0.355378 0.186286
-140930 0.355524 0.186574
-140869 0.35567 0.186862
-140808 0.355817 0.18715
-140747 0.355963 0.187439
-140686 0.356109 0.187727
-140625 0.356256 0.188016
-140564 0.356403 0.188305
-140503 0.356549 0.188595
-140442 0.356696 0.188884
-140381 0.356843 0.189174
-140320 0.35699 0.189464
-140259 0.357137 0.189754
-140198 0.357285 0.190044
-140137 0.357432 0.190335
-140076 0.357579 0.190626
-140015 0.357727 0.190916
-139954 0.357875 0.191208
-139893 0.358022 0.191499
-139832 0.35817 0.19179
-139771 0.358318 0.192082
-139709 0.358466 0.192374
-139648 0.358615 0.192666
-139587 0.358763 0.192959
-139526 0.358911 0.193251
-139465 0.35906 0.193544
-139404 0.359208 0.193837
-139343 0.359357 0.19413
-139282 0.359506 0.194423
-139221 0.359655 0.194717
-139160 0.359804 0.195011
-139099 0.359953 0.195305
-139038 0.360102 0.195599
-138977 0.360251 0.195893
-138916 0.360401 0.196188
-138855 0.36055 0.196483
-138794 0.3607 0.196778
-138733 0.36085 0.197073
-138672 0.361 0.197368
-138611 0.36115 0.197664
-138550 0.3613 0.19796
-138489 0.36145 0.198256
-138428 0.3616 0.198552
-138367 0.361751 0.198849
-138306 0.361901 0.199146
-138245 0.362052 0.199442
-138184 0.362203 0.19974
-138123 0.362353 0.200037
-138062 0.362504 0.200335
-138000 0.362655 0.200632
-137939 0.362807 0.20093
-137878 0.362958 0.201229
-137817 0.363109 0.201527
-137756 0.363261 0.201826
-137695 0.363412 0.202124
-137634 0.363564 0.202423
-137573 0.363716 0.202723
-137512 0.363868 0.203022
-137451 0.36402 0.203322
-137390 0.364172 0.203622
-137329 0.364324 0.203922
-137268 0.364477 0.204222
-137207 0.364629 0.204523
-137146 0.364782 0.204824
-137085 0.364934 0.205125
-137024 0.365087 0.205426
-136963 0.36524 0.205727
-136902 0.365393 0.206029
-136841 0.365546 0.206331
-136780 0.365699 0.206633
-136719 0.365853 0.206935
-136658 0.366006 0.207238
-136597 0.36616 0.207541
-136536 0.366313 0.207844
-136475 0.366467 0.208147
-136414 0.366621 0.20845
-136353 0.366775 0.208754
-136292 0.366929 0.209058
-136230 0.367084 0.209362
-136169 0.367238 0.209666
-136108 0.367392 0.209971
-136047 0.367547 0.210276
-135986 0.367702 0.210581
-135925 0.367857 0.210886
-135864 0.368012 0.211191
-135803 0.368167 0.211497
-135742 0.368322 0.211803
-135681 0.368477 0.212109
-135620 0.368632 0.212415
-135559 0.368788 0.212722
-135498 0.368944 0.213029
-135437 0.369099 0.213336
-135376 0.369255 0.213643
-135315 0.369411 0.21395
-135254 0.369567 0.214258
-135193 0.369723 0.214566
-135132 0.36988 0.214874
-135071 0.370036 0.215183
-135010 0.370193 0.215491
-134949 0.370349 0.2158
-134888 0.370506 0.216109
-134827 0.370663 0.216418
-134766 0.37082 0.216728
-134705 0.370977 0.217038
-134644 0.371134 0.217348
-134583 0.371292 0.217658
-134521 0.371449 0.217968
-134460 0.371607 0.218279
-134399 0.371765 0.21859
-134338 0.371922 0.218901
-134277 0.37208 0.219213
-134216 0.372238 0.219524
-134155 0.372397 0.219836
-134094 0.372555 0.220148
-134033 0.372713 0.22046
-133972 0.372872 0.220773
-133911 0.373031 0.221086
-133850 0.373189 0.221399
-133789 0.373348 0.221712
-133728 0.373507 0.222026
-133667 0.373666 0.222339
-133606 0.373826 0.222653
-133545 0.373985 0.222968
-133484 0.374145 0.223282
-133423 0.374304 0.223597
-133362 0.374464 0.223912
-133301 0.374624 0.224227
-133240 0.374784 0.224542
-133179 0.374944 0.224858
-133118 0.375104 0.225174
-133057 0.375265 0.22549
-132996 0.375425 0.225806
-132935 0.375586 0.226123
-132874 0.375746 0.22644
-132812 0.375907 0.226757
-132751 0.376068 0.227074
-132690 0.376229 0.227392
-132629 0.376391 0.22771
-132568 0.376552 0.228028
-132507 0.376713 0.228346
-132446 0.376875 0.228665
-132385 0.377037 0.228983
-132324 0.377199 0.229302
-132263 0.377361 0.229622
-132202 0.377523 0.229941
-132141 0.377685 0.230261
-132080 0.377847 0.230581
-132019 0.37801 0.230901
-131958 0.378172 0.231222
-131897 0.378335 0.231543
-131836 0.378498 0.231864
-131775 0.378661 0.232185
-131714 0.378824 0.232507
-131653 0.378987 0.232828
-131592 0.37915 0.23315
-131531 0.379314 0.233473
-131470 0.379478 0.233795
-131409 0.379641 0.234118
-131348 0.379805 0.234441
-131287 0.379969 0.234764
-131226 0.380133 0.235088
-131165 0.380297 0.235412
-131104 0.380462 0.235736
-131042 0.380626 0.23606
-130981 0.380791 0.236384
-130920 0.380956 0.236709
-130859 0.381121 0.237034
-130798 0.381286 0.23736
-130737 0.381451 0.237685
-130676 0.381616 0.238011
-130615 0.381781 0.238337
-130554 0.381947 0.238663
-130493 0.382113 0.23899
-130432 0.382278 0.239317
-130371 0.382444 0.239644
-130310 0.38261 0.239971
-130249 0.382777 0.240299
-130188 0.382943 0.240627
-130127 0.383109 0.240955
-130066 0.383276 0.241283
-130005 0.383443 0.241612
-129944 0.38361 0.241941
-129883 0.383776 0.24227
-129822 0.383944 0.242599
-129761 0.384111 0.242929
-129700 0.384278 0.243259
-129639 0.384446 0.243589
-129578 0.384613 0.24392
-129517 0.384781 0.244251
-129456 0.384949 0.244582
-129395 0.385117 0.244913
-129333 0.385285 0.245244
-129272 0.385454 0.245576
-129211 0.385622 0.245908
-129150 0.385791 0.246241
-129089 0.385959 0.246573
-129028 0.386128 0.246906
-128967 0.386297 0.247239
-128906 0.386466 0.247573
-128845 0.386636 0.247906
-128784 0.386805 0.24824
-128723 0.386974 0.248574
-128662 0.387144 0.248909
-128601 0.387314 0.249244
-128540 0.387484 0.249579
-128479 0.387654 0.249914
-128418 0.387824 0.25025
-128357 0.387994 0.250585
-128296 0.388165 0.250921
-128235 0.388336 0.251258
-128174 0.388506 0.251594
-128113 0.388677 0.251931
-128052 0.388848 0.252269
-127991 0.38902 0.252606
-127930 0.389191 0.252944
-127869 0.389362 0.253282
-127808 0.389534 0.25362
-127747 0.389706 0.253959
-127686 0.389878 0.254297
-127625 0.39005 0.254637
-127563 0.390222 0.254976
-127502 0.390394 0.255316
-127441 0.390566 0.255656
-127380 0.390739 0.255996
-127319 0.390912 0.256336
-127258 0.391085 0.256677
-127197 0.391258 0.257018
-127136 0.391431 0.25736
-127075 0.391604 0.257701
-127014 0.391777 0.258043
-126953 0.391951 0.258385
-126892 0.392125 0.258728
-126831 0.392299 0.25907
-126770 0.392473 0.259413
-126709 0.392647 0.259757
-126648 0.392821 0.2601
-126587 0.392996 0.260444
-126526 0.39317 0.260788
-126465 0.393345 0.261133
-126404 0.39352 0.261478
-126343 0.393695 0.261823
-126282 0.39387 0.262168
-126221 0.394045 0.262514
-126160 0.394221 0.262859
-126099 0.394396 0.263206
-126038 0.394572 0.263552
-125977 0.394748 0.263899
-125916 0.394924 0.264246
-125854 0.3951 0.264593
-125793 0.395276 0.264941
-125732 0.395453 0.265289
-125671 0.39563 0.265637
-125610 0.395806 0.265985
-125549 0.395983 0.266334
-125488 0.39616 0.266683
-125427 0.396337 0.267033
-125366 0.396515 0.267382
-125305 0.396692 0.267732
-125244 0.39687 0.268082
-125183 0.397048 0.268433
-125122 0.397226 0.268784
-125061 0.397404 0.269135
-125000 0.397582 0.269486
-124939 0.397761 0.269838
-124878 0.397939 0.27019
-124817 0.398118 0.270542
-124756 0.398297 0.270895
-124695 0.398476 0.271248
-124634 0.398655 0.271601
-124573 0.398834 0.271955
-124512 0.399014 0.272308
-124451 0.399193 0.272663
-124390 0.399373 0.273017
-124329 0.399553 0.273372
-124268 0.399733 0.273727
-124207 0.399913 0.274082
-124146 0.400094 0.274438
-124084 0.400274 0.274794
-124023 0.400455 0.27515
-123962 0.400636 0.275506
-123901 0.400817 0.275863
-123840 0.400998 0.27622
-123779 0.401179 0.276578
-123718 0.401361 0.276936
-123657 0.401542 0.277294
-123596 0.401724 0.277652
-123535 0.401906 0.278011
-123474 0.402088 0.27837
-123413 0.402271 0.278729
-123352 0.402453 0.279089
-123291 0.402636 0.279448
-123230 0.402818 0.279809
-123169 0.403001 0.280169
-123108 0.403184 0.28053
-123047 0.403367 0.280891
-122986 0.403551 0.281253
-122925 0.403734 0.281614
-122864 0.403918 0.281977
-122803 0.404102 0.282339
-122742 0.404286 0.282702
-122681 0.40447 0.283065
-122620 0.404654 0.283428
-122559 0.404839 0.283792
-122498 0.405023 0.284156
-122437 0.405208 0.28452
-122375 0.405393 0.284885
-122314 0.405578 0.28525
-122253 0.405764 0.285615
-122192 0.405949 0.28598
-122131 0.406135 0.286346
-122070 0.40632 0.286713
-122009 0.406506 0.287079
-121948 0.406692 0.287446
-121887 0.406879 0.287813
-121826 0.407065 0.288181
-121765 0.407252 0.288548
-121704 0.407438 0.288917
-121643 0.407625 0.289285
-121582 0.407812 0.289654
-121521 0.408 0.290023
-121460 0.408187 0.290392
-121399 0.408375 0.290762
-121338 0.408562 0.291132
-121277 0.40875 0.291503
-121216 0.408938 0.291874
-121155 0.409126 0.292245
-121094 0.409315 0.292616
-121033 0.409503 0.292988
-120972 0.409692 0.29336
-120911 0.409881 0.293732
-120850 0.41007 0.294105
-120789 0.410259 0.294478
-120728 0.410449 0.294851
-120667 0.410638 0.295225
-120605 0.410828 0.295599
-120544 0.411018 0.295974
-120483 0.411208 0.296348
-120422 0.411398 0.296723
-120361 0.411589 0.297099
-120300 0.411779 0.297475
-120239 0.41197 0.297851
-120178 0.412161 0.298227
-120117 0.412352 0.298604
-120056 0.412544 0.298981
-119995 0.412735 0.299358
-119934 0.412927 0.299736
-119873 0.413118 0.300114
-119812 0.41331 0.300493
-119751 0.413502 0.300871
-119690 0.413695 0.30125
-119629 0.413887 0.30163
-119568 0.41408 0.30201
-119507 0.414273 0.30239
-119446 0.414466 0.30277
-119385 0.414659 0.303151
-119324 0.414852 0.303532
-119263 0.415046 0.303914
-119202 0.41524 0.304296
-119141 0.415433 0.304678
-119080 0.415628 0.305061
-119019 0.415822 0.305444
-118958 0.416016 0.305827
-118896 0.416211 0.30621
-118835 0.416406 0.306594
-118774 0.416601 0.306979
-118713 0.416796 0.307363
-118652 0.416991 0.307748
-118591 0.417186 0.308134
-118530 0.417382 0.30852
-118469 0.417578 0.308906
-118408 0.417774 0.309292
-118347 0.41797 0.309679
-118286 0.418167 0.310066
-118225 0.418363 0.310453
-118164 0.41856 0.310841
-118103 0.418757 0.31123
-118042 0.418954 0.311618
-117981 0.419151 0.312007
-117920 0.419349 0.312396
-117859 0.419546 0.312786
-117798 0.419744 0.313176
-117737 0.419942 0.313566
-117676 0.42014 0.313957
-117615 0.420339 0.314348
-117554 0.420537 0.31474
-117493 0.420736 0.315131
-117432 0.420935 0.315524
-117371 0.421134 0.315916
-117310 0.421333 0.316309
-117249 0.421533 0.316702
-117188 0.421733 0.317096
-117126 0.421932 0.31749
-117065 0.422132 0.317884
-117004 0.422333 0.318279
-116943 0.422533 0.318674
-116882 0.422734 0.31907
-116821 0.422935 0.319466
-116760 0.423136 0.319862
-116699 0.423337 0.320258
-116638 0.423538 0.320655
-116577 0.42374 0.321053
-116516 0.423941 0.32145
-116455 0.424143 0.321848
-116394 0.424345 0.322247
-116333 0.424548 0.322646
-116272 0.42475 0.323045
-116211 0.424953 0.323445
-116150 0.425156 0.323844
-116089 0.425359 0.324245
-116028 0.425562 0.324646
-115967 0.425766 0.325047
-115906 0.425969 0.325448
-115845 0.426173 0.32585
-115784 0.426377 0.326252
-115723 0.426581 0.326655
-115662 0.426786 0.327058
-115601 0.42699 0.327461
-115540 0.427195 0.327865
-115479 0.4274 0.328269
-115417 0.427605 0.328674
-115356 0.427811 0.329079
-115295 0.428016 0.329484
-115234 0.428222 0.32989
-115173 0.428428 0.330296
-115112 0.428634 0.330702
-115051 0.428841 0.331109
-114990 0.429047 0.331516
-114929 0.429254 0.331924
-114868 0.429461 0.332332
-114807 0.429668 0.33274
-114746 0.429876 0.333149
-114685 0.430083 0.333558
-114624 0.430291 0.333968
-114563 0.430499 0.334378
-114502 0.430707 0.334788
-114441 0.430916 0.335199
-114380 0.431124 0.33561
-114319 0.431333 0.336022
-114258 0.431542 0.336434
-114197 0.431751 0.336846
-114136 0.43196 0.337259
-114075 0.43217 0.337672
-114014 0.43238 0.338086
-113953 0.43259 0.3385
-113892 0.4328 0.338914
-113831 0.43301 0.339329
-113770 0.433221 0.339744
-113708 0.433432 0.34016
-113647 0.433643 0.340576
-113586 0.433854 0.340992
-113525 0.434066 0.341409
-113464 0.434277 0.341826
-113403 0.434489 0.342244
-113342 0.434701 0.342662
-113281 0.434913 0.34308
-113220 0.435126 0.343499
-113159 0.435338 0.343918
-113098 0.435551 0.344338
-113037 0.435764 0.344758
-112976 0.435978 0.345179
-112915 0.436191 0.3456
-112854 0.436405 0.346021
-112793 0.436619 0.346443
-112732 0.436833 0.346865
-112671 0.437047 0.347287
-112610 0.437262 0.34771
-112549 0.437477 0.348134
-112488 0.437692 0.348558
-112427 0.437907 0.348982
-112366 0.438122 0.349407
-112305 0.438338 0.349832
-112244 0.438554 0.350257
-112183 0.43877 0.350683
-112122 0.438986 0.351109
-112061 0.439203 0.351536
-112000 0.439419 0.351963
-111938 0.439636 0.352391
-111877 0.439853 0.352819
-111816 0.440071 0.353248
-111755 0.440288 0.353677
-111694 0.440506 0.354106
-111633 0.440724 0.354536
-111572 0.440942 0.354966
-111511 0.441161 0.355397
-111450 0.441379 0.355828
-111389 0.441598 0.356259
-111328 0.441817 0.356691
-111267 0.442037 0.357123
-111206 0.442256 0.357556
-111145 0.442476 0.357989
-111084 0.442696 0.358423
-111023 0.442916 0.358857
-110962 0.443137 0.359292
-110901 0.443357 0.359727
-110840 0.443578 0.360162
-110779 0.443799 0.360598
-110718 0.444021 0.361034
-110657 0.444242 0.361471
-110596 0.444464 0.361908
-110535 0.444686 0.362346
-110474 0.444908 0.362784
-110413 0.445131 0.363223
-110352 0.445353 0.363662
-110291 0.445576 0.364101
-110229 0.445799 0.364541
-110168 0.446023 0.364981
-110107 0.446246 0.365422
-110046 0.44647 0.365863
-109985 0.446694 0.366305
-109924 0.446918 0.366747
-109863 0.447143 0.367189
-109802 0.447368 0.367632
-109741 0.447593 0.368076
-109680 0.447818 0.36852
-109619 0.448043 0.368964
-109558 0.448269 0.369409
-109497 0.448495 0.369854
-109436 0.448721 0.3703
-109375 0.448947 0.370746
-109314 0.449174 0.371193
-109253 0.449401 0.37164
-109192 0.449628 0.372088
-109131 0.449855 0.372536
-109070 0.450082 0.372984
-109009 0.45031 0.373433
-108948 0.450538 0.373883
-108887 0.450766 0.374333
-108826 0.450995 0.374783
-108765 0.451224 0.375234
-108704 0.451453 0.375685
-108643 0.451682 0.376137
-108582 0.451911 0.376589
-108521 0.452141 0.377042
-108459 0.452371 0.377495
-108398 0.452601 0.377949
-108337 0.452831 0.378403
-108276 0.453062 0.378858
-108215 0.453293 0.379313
-108154 0.453524 0.379769
-108093 0.453755 0.380225
-108032 0.453987 0.380681
-107971 0.454219 0.381138
-107910 0.454451 0.381596
-107849 0.454683 0.382054
-107788 0.454915 0.382512
-107727 0.455148 0.382971
-107666 0.455381 0.383431
-107605 0.455615 0.38389
-107544 0.455848 0.384351
-107483 0.456082 0.384812
-107422 0.456316 0.385273
-107361 0.45655 0.385735
-107300 0.456785 0.386197
-107239 0.45702 0.38666
-107178 0.457255 0.387124
-107117 0.45749 0.387587
-107056 0.457725 0.388052
-106995 0.457961 0.388516
-106934 0.458197 0.388982
-106873 0.458434 0.389448
-106812 0.45867 0.389914
-106750 0.458907 0.390381
-106689 0.459144 0.390848
-106628 0.459381 0.391316
-106567 0.459619 0.391784
-106506 0.459857 0.392253
-106445 0.460095 0.392722
-106384 0.460333 0.393192
-106323 0.460571 0.393662
-106262 0.46081 0.394133
-106201 0.461049 0.394604
-106140 0.461289 0.395076
-106079 0.461528 0.395548
-106018 0.461768 0.396021
-105957 0.462008 0.396495
-105896 0.462249 0.396969
-105835 0.462489 0.397443
-105774 0.46273 0.397918
-105713 0.462971 0.398393
-105652 0.463213 0.398869
-105591 0.463454 0.399345
-105530 0.463696 0.399822
-105469 0.463938 0.4003
-105408 0.464181 0.400778
-105347 0.464424 0.401256
-105286 0.464667 0.401735
-105225 0.46491 0.402215
-105164 0.465153 0.402695
-105103 0.465397 0.403176
-105042 0.465641 0.403657
-104980 0.465885 0.404138
-104919 0.46613 0.40462
-104858 0.466375 0.405103
-104797 0.46662 0.405586
-104736 0.466865 0.40607
-104675 0.467111 0.406554
-104614 0.467357 0.407039
-104553 0.467603 0.407524
-104492 0.46785 0.40801
-104431 0.468096 0.408497
-104370 0.468343 0.408984
-104309 0.468591 0.409471
-104248 0.468838 0.409959
-104187 0.469086 0.410448
-104126 0.469334 0.410937
-104065 0.469582 0.411426
-104004 0.469831 0.411917
-103943 0.47008 0.412407
-103882 0.470329 0.412899
-103821 0.470579 0.41339
-103760 0.470828 0.413883
-103699 0.471079 0.414376
-103638 0.471329 0.414869
-103577 0.471579 0.415363
-103516 0.47183 0.415858
-103455 0.472081 0.416353
-103394 0.472333 0.416848
-103333 0.472585 0.417345
-103271 0.472837 0.417841
-103210 0.473089 0.418339
-103149 0.473341 0.418837
-103088 0.473594 0.419335
-103027 0.473847 0.419834
-102966 0.474101 0.420334
-102905 0.474354 0.420834
-102844 0.474608 0.421334
-102783 0.474863 0.421836
-102722 0.475117 0.422337
-102661 0.475372 0.42284
-102600 0.475627 0.423343
-102539 0.475882 0.423846
-102478 0.476138 0.42435
-102417 0.476394 0.424855
-102356 0.47665 0.42536
-102295 0.476907 0.425866
-102234 0.477164 0.426372
-102173 0.477421 0.426879
-102112 0.477678 0.427387
-102051 0.477936 0.427895
-101990 0.478194 0.428403
-101929 0.478452 0.428913
-101868 0.478711 0.429422
-101807 0.47897 0.429933
-101746 0.479229 0.430444
-101685 0.479489 0.430955
-101624 0.479748 0.431467
-101562 0.480008 0.43198
-101501 0.480269 0.432493
-101440 0.48053 0.433007
-101379 0.480791 0.433522
-101318 0.481052 0.434037
-101257 0.481313 0.434553
-101196 0.481575 0.435069
-101135 0.481837 0.435586
-101074 0.4821 0.436103
-101013 0.482363 0.436621
-100952 0.482626 0.43714
-100891 0.482889 0.437659
-100830 0.483153 0.438179
-100769 0.483417 0.438699
-100708 0.483681 0.43922
-100647 0.483946 0.439742
-100586 0.484211 0.440264
-100525 0.484476 0.440787
-100464 0.484742 0.441311
-100403 0.485007 0.441835
-100342 0.485274 0.442359
-100281 0.48554 0.442885
-100220 0.485807 0.443411
-100159 0.486074 0.443937
-100098 0.486341 0.444464
-100037 0.486609 0.444992
-99975.6 0.486877 0.44552
-99914.6 0.487145 0.446049
-99853.5 0.487414 0.446579
-99792.5 0.487683 0.447109
-99731.4 0.487952 0.44764
-99670.4 0.488222 0.448172
-99609.4 0.488492 0.448704
-99548.3 0.488762 0.449236
-99487.3 0.489032 0.44977
-99426.3 0.489303 0.450304
-99365.2 0.489574 0.450838
-99304.2 0.489846 0.451374
-99243.2 0.490118 0.451909
-99182.1 0.49039 0.452446
-99121.1 0.490662 0.452983
-99060.1 0.490935 0.453521
-98999 0.491208 0.454059
-98938 0.491482 0.454598
-98877 0.491755 0.455138
-98815.9 0.49203 0.455678
-98754.9 0.492304 0.456219
-98693.8 0.492579 0.456761
-98632.8 0.492854 0.457303
-98571.8 0.493129 0.457846
-98510.7 0.493405 0.45839
-98449.7 0.493681 0.458934
-98388.7 0.493957 0.459479
-98327.6 0.494234 0.460024
-98266.6 0.494511 0.46057
-98205.6 0.494788 0.461117
-98144.5 0.495066 0.461664
-98083.5 0.495344 0.462213
-98022.5 0.495623 0.462761
-97961.4 0.495901 0.463311
-97900.4 0.49618 0.463861
-97839.4 0.49646 0.464412
-97778.3 0.496739 0.464963
-97717.3 0.497019 0.465515
-97656.2 0.4973 0.466068
-97595.2 0.497581 0.466621
-97534.2 0.497862 0.467175
-97473.1 0.498143 0.46773
-97412.1 0.498425 0.468286
-97351.1 0.498707 0.468842
-97290 0.498989 0.469398
-97229 0.499272 0.469956
-97168 0.499555 0.470514
-97106.9 0.499839 0.471073
-97045.9 0.500122 0.471632
-96984.9 0.500407 0.472192
-96923.8 0.500691 0.472753
-96862.8 0.500976 0.473315
-96801.8 0.501261 0.473877
-96740.7 0.501547 0.47444
-96679.7 0.501832 0.475004
-96618.7 0.502119 0.475568
-96557.6 0.502405 0.476133
-96496.6 0.502692 0.476698
-96435.5 0.50298 0.477265
-96374.5 0.503267 0.477832
-96313.5 0.503555 0.4784
-96252.4 0.503844 0.478968
-96191.4 0.504132 0.479537
-96130.4 0.504421 0.480107
-96069.3 0.504711 0.480678
-96008.3 0.505001 0.481249
-95947.3 0.505291 0.481821
-95886.2 0.505581 0.482394
-95825.2 0.505872 0.482967
-95764.2 0.506163 0.483541
-95703.1 0.506455 0.484116
-95642.1 0.506747 0.484691
-95581.1 0.507039 0.485268
-95520 0.507332 0.485845
-95459 0.507625 0.486422
-95397.9 0.507918 0.487001
-95336.9 0.508212 0.48758
-95275.9 0.508506 0.48816
-95214.8 0.5088 0.48874
-95153.8 0.509095 0.489321
-95092.8 0.509391 0.489903
-95031.7 0.509686 0.490486
-94970.7 0.509982 0.49107
-94909.7 0.510278 0.491654
-94848.6 0.510575 0.492239
-94787.6 0.510872 0.492824
-94726.6 0.51117 0.493411
-94665.5 0.511468 0.493998
-94604.5 0.511766 0.494586
-94543.5 0.512064 0.495174
-94482.4 0.512363 0.495764
-94421.4 0.512663 0.496354
-94360.4 0.512962 0.496945
-94299.3 0.513262 0.497536
-94238.3 0.513563 0.498129
-94177.2 0.513864 0.498722
-94116.2 0.514165 0.499316
-94055.2 0.514467 0.49991
-93994.1 0.514769 0.500506
-93933.1 0.515071 0.501102
-93872.1 0.515374 0.501699
-93811 0.515677 0.502296
-93750 0.51598 0.502895
-93689 0.516284 0.503494
-93627.9 0.516589 0.504094
-93566.9 0.516893 0.504694
-93505.9 0.517198 0.505296
-93444.8 0.517504 0.505898
-93383.8 0.51781 0.506501
-93322.8 0.518116 0.507105
-93261.7 0.518423 0.507709
-93200.7 0.51873 0.508315
-93139.6 0.519037 0.508921
-93078.6 0.519345 0.509528
-93017.6 0.519653 0.510135
-92956.5 0.519962 0.510744
-92895.5 0.520271 0.511353
-92834.5 0.52058 0.511963
-92773.4 0.52089 0.512574
-92712.4 0.521201 0.513185
-92651.4 0.521511 0.513798
-92590.3 0.521822 0.514411
-92529.3 0.522134 0.515025
-92468.3 0.522446 0.51564
-92407.2 0.522758 0.516255
-92346.2 0.52307 0.516872
-92285.2 0.523383 0.517489
-92224.1 0.523697 0.518107
-92163.1 0.524011 0.518726
-92102.1 0.524325 0.519345
-92041 0.52464 0.519966
-91980 0.524955 0.520587
-91918.9 0.52527 0.521209
-91857.9 0.525586 0.521832
-91796.9 0.525903 0.522455
-91735.8 0.52622 0.52308
-91674.8 0.526537 0.523705
-91613.8 0.526854 0.524331
-91552.7 0.527172 0.524958
-91491.7 0.527491 0.525586
-91430.7 0.52781 0.526214
-91369.6 0.528129 0.526844
-91308.6 0.528449 0.527474
-91247.6 0.528769 0.528105
-91186.5 0.529089 0.528737
-91125.5 0.52941 0.52937
-91064.5 0.529732 0.530003
-91003.4 0.530053 0.530638
-90942.4 0.530376 0.531273
-90881.3 0.530698 0.531909
-90820.3 0.531022 0.532546
-90759.3 0.531345 0.533184
-90698.2 0.531669 0.533823
-90637.2 0.531993 0.534462
-90576.2 0.532318 0.535103
-90515.1 0.532644 0.535744
-90454.1 0.532969 0.536386
-90393.1 0.533295 0.537029
-90332 0.533622 0.537673
-90271 0.533949 0.538317
-90210 0.534276 0.538963
-90148.9 0.534604 0.539609
-90087.9 0.534933 0.540256
-90026.9 0.535261 0.540905
-89965.8 0.535591 0.541554
-89904.8 0.53592 0.542203
-89843.8 0.53625 0.542854
-89782.7 0.536581 0.543506
-89721.7 0.536912 0.544158
-89660.6 0.537243 0.544812
-89599.6 0.537575 0.545466
-89538.6 0.537908 0.546121
-89477.5 0.53824 0.546777
-89416.5 0.538574 0.547434
-89355.5 0.538907 0.548092
-89294.4 0.539241 0.548751
-89233.4 0.539576 0.54941
-89172.4 0.539911 0.550071
-89111.3 0.540247 0.550732
-89050.3 0.540583 0.551395
-88989.3 0.540919 0.552058
-88928.2 0.541256 0.552722
-88867.2 0.541593 0.553387
-88806.2 0.541931 0.554053
-88745.1 0.542269 0.55472
-88684.1 0.542608 0.555388
-88623 0.542947 0.556056
-88562 0.543287 0.556726
-88501 0.543627 0.557396
-88439.9 0.543968 0.558068
-88378.9 0.544309 0.55874
-88317.9 0.54465 0.559414
-88256.8 0.544992 0.560088
-88195.8 0.545335 0.560763
-88134.8 0.545678 0.561439
-88073.7 0.546021 0.562116
-88012.7 0.546365 0.562794
-87951.7 0.546709 0.563473
-87890.6 0.547054 0.564153
-87829.6 0.5474 0.564834
-87768.6 0.547745 0.565516
-87707.5 0.548092 0.566198
-87646.5 0.548439 0.566882
-87585.4 0.548786 0.567566
-87524.4 0.549134 0.568252
-87463.4 0.549482 0.568939
-87402.3 0.549831 0.569626
-87341.3 0.55018 0.570314
-87280.3 0.550529 0.571004
-87219.2 0.55088 0.571694
-87158.2 0.55123 0.572386
-87097.2 0.551582 0.573078
-87036.1 0.551933 0.573771
-86975.1 0.552285 0.574465
-86914.1 0.552638 0.575161
-86853 0.552991 0.575857
-86792 0.553345 0.576554
-86731 0.553699 0.577252
-86669.9 0.554054 0.577951
-86608.9 0.554409 0.578652
-86547.9 0.554764 0.579353
-86486.8 0.555121 0.580055
-86425.8 0.555477 0.580758
-86364.7 0.555834 0.581462
-86303.7 0.556192 0.582167
-86242.7 0.55655 0.582873
-86181.6 0.556909 0.583581
-86120.6 0.557268 0.584289
-86059.6 0.557628 0.584998
-85998.5 0.557988 0.585708
-85937.5 0.558349 0.586419
-85876.5 0.55871 0.587131
-85815.4 0.559072 0.587845
-85754.4 0.559434 0.588559
-85693.4 0.559797 0.589274
-85632.3 0.560161 0.58999
-85571.3 0.560524 0.590708
-85510.3 0.560889 0.591426
-85449.2 0.561254 0.592146
-85388.2 0.561619 0.592866
-85327.1 0.561985 0.593587
-85266.1 0.562352 0.59431
-85205.1 0.562719 0.595034
-85144 0.563086 0.595758
-85083 0.563454 0.596484
-85022 0.563823 0.59721
-84960.9 0.564192 0.597938
-84899.9 0.564562 0.598667
-84838.9 0.564932 0.599397
-84777.8 0.565303 0.600128
-84716.8 0.565674 0.60086
-84655.8 0.566046 0.601593
-84594.7 0.566418 0.602327
-84533.7 0.566791 0.603062
-84472.7 0.567165 0.603799
-84411.6 0.567539 0.604536
-84350.6 0.567913 0.605274
-84289.6 0.568289 0.606014
-84228.5 0.568664 0.606754
-84167.5 0.56904 0.607496
-84106.4 0.569417 0.608239
-84045.4 0.569795 0.608983
-83984.4 0.570172 0.609728
-83923.3 0.570551 0.610474
-83862.3 0.57093 0.611221
-83801.3 0.571309 0.611969
-83740.2 0.57169 0.612719
-83679.2 0.57207 0.613469
-83618.2 0.572452 0.614221
-83557.1 0.572833 0.614973
-83496.1 0.573216 0.615727
-83435.1 0.573599 0.616482
-83374 0.573982 0.617238
-83313 0.574366 0.617995
-83252 0.574751 0.618754
-83190.9 0.575136 0.619513
-83129.9 0.575522 0.620274
-83068.8 0.575908 0.621035
-83007.8 0.576295 0.621798
-82946.8 0.576683 0.622562
-82885.7 0.577071 0.623327
-82824.7 0.57746 0.624094
-82763.7 0.577849 0.624861
-82702.6 0.578239 0.62563
-82641.6 0.578629 0.626399
-82580.6 0.57902 0.62717
-82519.5 0.579412 0.627942
-82458.5 0.579804 0.628715
-82397.5 0.580197 0.62949
-82336.4 0.58059 0.630265
-82275.4 0.580984 0.631042
-82214.4 0.581379 0.63182
-82153.3 0.581774 0.632599
-82092.3 0.58217 0.633379
-82031.2 0.582566 0.634161
-81970.2 0.582963 0.634943
-81909.2 0.583361 0.635727
-81848.1 0.583759 0.636512
-81787.1 0.584158 0.637298
-81726.1 0.584557 0.638086
-81665 0.584957 0.638874
-81604 0.585358 0.639664
-81543 0.585759 0.640455
-81481.9 0.586161 0.641248
-81420.9 0.586564 0.642041
-81359.9 0.586967 0.642836
-81298.8 0.58737 0.643632
-81237.8 0.587775 0.644429
-81176.8 0.58818 0.645227
-81115.7 0.588585 0.646026
-81054.7 0.588992 0.646827
-80993.7 0.589398 0.647629
-80932.6 0.589806 0.648433
-80871.6 0.590214 0.649237
-80810.5 0.590623 0.650043
-80749.5 0.591032 0.65085
-80688.5 0.591442 0.651658
-80627.4 0.591853 0.652468
-80566.4 0.592264 0.653278
-80505.4 0.592676 0.65409
-80444.3 0.593088 0.654904
-80383.3 0.593501 0.655718
-80322.3 0.593915 0.656534
-80261.2 0.59433 0.657351
-80200.2 0.594745 0.658169
-80139.2 0.595161 0.658989
-80078.1 0.595577 0.65981
-80017.1 0.595994 0.660632
-79956.1 0.596412 0.661456
-79895 0.59683 0.66228
-79834 0.597249 0.663106
-79772.9 0.597669 0.663934
-79711.9 0.598089 0.664763
-79650.9 0.59851 0.665593
-79589.8 0.598932 0.666424
-79528.8 0.599354 0.667256
-79467.8 0.599777 0.66809
-79406.7 0.600201 0.668926
-79345.7 0.600625 0.669762
-79284.7 0.60105 0.6706
-79223.6 0.601476 0.671439
-79162.6 0.601903 0.67228
-79101.6 0.60233 0.673122
-79040.5 0.602757 0.673965
-78979.5 0.603186 0.674809
-78918.5 0.603615 0.675655
-78857.4 0.604045 0.676503
-78796.4 0.604475 0.677351
-78735.4 0.604906 0.678201
-78674.3 0.605338 0.679053
-78613.3 0.605771 0.679905
-78552.2 0.606204 0.680759
-78491.2 0.606638 0.681615
-78430.2 0.607072 0.682472
-78369.1 0.607508 0.68333
-78308.1 0.607944 0.684189
-78247.1 0.60838 0.68505
-78186 0.608818 0.685913
-78125 0.609256 0.686776
-78064 0.609695 0.687642
-78002.9 0.610134 0.688508
-77941.9 0.610575 0.689376
-77880.9 0.611016 0.690245
-77819.8 0.611457 0.691116
-77758.8 0.6119 0.691988
-77697.8 0.612343 0.692862
-77636.7 0.612787 0.693737
-77575.7 0.613231 0.694613
-77514.6 0.613677 0.695491
-77453.6 0.614123 0.69637
-77392.6 0.614569 0.697251
-77331.5 0.615017 0.698133
-77270.5 0.615465 0.699017
-77209.5 0.615914 0.699902
-77148.4 0.616364 0.700788
-77087.4 0.616814 0.701676
-77026.4 0.617265 0.702566
-76965.3 0.617717 0.703457
-76904.3 0.61817 0.704349
-76843.3 0.618623 0.705243
-76782.2 0.619077 0.706138
-76721.2 0.619532 0.707035
-76660.2 0.619988 0.707933
-76599.1 0.620444 0.708833
-76538.1 0.620902 0.709734
-76477.1 0.62136 0.710637
-76416 0.621818 0.711541
-76355 0.622278 0.712447
-76293.9 0.622738 0.713354
-76232.9 0.623199 0.714263
-76171.9 0.623661 0.715173
-76110.8 0.624123 0.716085
-76049.8 0.624586 0.716998
-75988.8 0.62505 0.717913
-75927.7 0.625515 0.71883
-75866.7 0.625981 0.719747
-75805.7 0.626447 0.720667
-75744.6 0.626914 0.721588
-75683.6 0.627382 0.72251
-75622.6 0.627851 0.723434
-75561.5 0.628321 0.72436
-75500.5 0.628791 0.725287
-75439.5 0.629262 0.726216
-75378.4 0.629734 0.727146
-75317.4 0.630207 0.728078
-75256.3 0.63068 0.729012
-75195.3 0.631155 0.729947
-75134.3 0.63163 0.730884
-75073.2 0.632106 0.731822
-75012.2 0.632582 0.732762
-74951.2 0.63306 0.733703
-74890.1 0.633538 0.734646
-74829.1 0.634017 0.735591
-74768.1 0.634497 0.736537
-74707 0.634978 0.737485
-74646 0.63546 0.738434
-74585 0.635942 0.739385
-74523.9 0.636426 0.740338
-74462.9 0.63691 0.741293
-74401.9 0.637395 0.742249
-74340.8 0.637881 0.743206
-74279.8 0.638367 0.744166
-74218.8 0.638855 0.745127
-74157.7 0.639343 0.746089
-74096.7 0.639832 0.747053
-74035.6 0.640322 0.748019
-73974.6 0.640813 0.748987
-73913.6 0.641305 0.749956
-73852.5 0.641797 0.750927
-73791.5 0.64229 0.7519
-73730.5 0.642785 0.752874
-73669.4 0.64328 0.75385
-73608.4 0.643776 0.754828
-73547.4 0.644273 0.755807
-73486.3 0.64477 0.756789
-73425.3 0.645269 0.757772
-73364.3 0.645768 0.758756
-73303.2 0.646269 0.759742
-73242.2 0.64677 0.76073
-73181.2 0.647272 0.76172
-73120.1 0.647775 0.762712
-73059.1 0.648279 0.763705
-72998 0.648783 0.7647
-72937 0.649289 0.765697
-72876 0.649795 0.766695
-72814.9 0.650303 0.767695
-72753.9 0.650811 0.768697
-72692.9 0.65132 0.769701
-72631.8 0.65183 0.770707
-72570.8 0.652341 0.771714
-72509.8 0.652853 0.772723
-72448.7 0.653366 0.773734
-72387.7 0.65388 0.774747
-72326.7 0.654394 0.775761
-72265.6 0.65491 0.776778
-72204.6 0.655426 0.777796
-72143.6 0.655944 0.778816
-72082.5 0.656462 0.779838
-72021.5 0.656981 0.780861
-71960.4 0.657502 0.781887
-71899.4 0.658023 0.782914
-71838.4 0.658545 0.783943
-71777.3 0.659068 0.784974
-71716.3 0.659592 0.786007
-71655.3 0.660116 0.787042
-71594.2 0.660642 0.788078
-71533.2 0.661169 0.789117
-71472.2 0.661697 0.790157
-71411.1 0.662225 0.791199
-71350.1 0.662755 0.792243
-71289.1 0.663285 0.793289
-71228 0.663817 0.794337
-71167 0.664349 0.795387
-71106 0.664883 0.796438
-71044.9 0.665417 0.797492
-70983.9 0.665953 0.798547
-70922.9 0.666489 0.799605
-70861.8 0.667026 0.800664
-70800.8 0.667565 0.801725
-70739.7 0.668104 0.802789
-70678.7 0.668644 0.803854
-70617.7 0.669186 0.804921
-70556.6 0.669728 0.80599
-70495.6 0.670271 0.807061
-70434.6 0.670816 0.808134
-70373.5 0.671361 0.809209
-70312.5 0.671907 0.810286
-70251.5 0.672455 0.811365
-70190.4 0.673003 0.812446
-70129.4 0.673552 0.813529
-70068.4 0.674103 0.814614
-70007.3 0.674654 0.815701
-69946.3 0.675206 0.81679
-69885.3 0.67576 0.817881
-69824.2 0.676314 0.818974
-69763.2 0.67687 0.820069
-69702.1 0.677426 0.821166
-69641.1 0.677984 0.822265
-69580.1 0.678542 0.823366
-69519 0.679102 0.824469
-69458 0.679663 0.825575
-69397 0.680224 0.826682
-69335.9 0.680787 0.827791
-69274.9 0.681351 0.828903
-69213.9 0.681916 0.830017
-69152.8 0.682482 0.831132
-69091.8 0.683049 0.83225
-69030.8 0.683617 0.83337
-68969.7 0.684186 0.834492
-68908.7 0.684756 0.835616
-68847.7 0.685328 0.836743
-68786.6 0.6859 0.837871
-68725.6 0.686473 0.839001
-68664.6 0.687048 0.840134
-68603.5 0.687624 0.841269
-68542.5 0.6882 0.842406
-68481.4 0.688778 0.843545
-68420.4 0.689357 0.844687
-68359.4 0.689937 0.84583
-68298.3 0.690519 0.846976
-68237.3 0.691101 0.848124
-68176.3 0.691684 0.849274
-68115.2 0.692269 0.850426
-68054.2 0.692854 0.851581
-67993.2 0.693441 0.852737
-67932.1 0.694029 0.853896
-67871.1 0.694618 0.855058
-67810.1 0.695208 0.856221
-67749 0.6958 0.857387
-67688 0.696392 0.858555
-67627 0.696986 0.859725
-67565.9 0.69758 0.860897
-67504.9 0.698176 0.862072
-67443.8 0.698773 0.863249
-67382.8 0.699371 0.864428
-67321.8 0.699971 0.86561
-67260.7 0.700571 0.866794
-67199.7 0.701173 0.86798
-67138.7 0.701776 0.869169
-67077.6 0.70238 0.870359
-67016.6 0.702985 0.871553
-66955.6 0.703592 0.872748
-66894.5 0.704199 0.873946
-66833.5 0.704808 0.875146
-66772.5 0.705418 0.876349
-66711.4 0.706029 0.877554
-66650.4 0.706642 0.878761
-66589.4 0.707255 0.87997
-66528.3 0.70787 0.881183
-66467.3 0.708486 0.882397
-66406.2 0.709103 0.883614
-66345.2 0.709722 0.884833
-66284.2 0.710342 0.886055
-66223.1 0.710963 0.887279
-66162.1 0.711585 0.888505
-66101.1 0.712208 0.889734
-66040 0.712833 0.890966
-65979 0.713459 0.8922
-65918 0.714086 0.893436
-65856.9 0.714714 0.894675
-65795.9 0.715344 0.895916
-65734.9 0.715975 0.89716
-65673.8 0.716607 0.898406
-65612.8 0.71724 0.899655
-65551.8 0.717875 0.900906
-65490.7 0.718511 0.90216
-65429.7 0.719148 0.903416
-65368.7 0.719787 0.904675
-65307.6 0.720427 0.905937
-65246.6 0.721068 0.907201
-65185.5 0.721711 0.908467
-65124.5 0.722354 0.909736
-65063.5 0.722999 0.911008
-65002.4 0.723646 0.912282
-64941.4 0.724293 0.913559
-64880.4 0.724942 0.914838
-64819.3 0.725593 0.91612
-64758.3 0.726244 0.917405
-64697.3 0.726897 0.918692
-64636.2 0.727552 0.919982
-64575.2 0.728207 0.921275
-64514.2 0.728864 0.92257
-64453.1 0.729523 0.923868
-64392.1 0.730182 0.925168
-64331.1 0.730843 0.926472
-64270 0.731506 0.927778
-64209 0.73217 0.929086
-64147.9 0.732835 0.930397
-64086.9 0.733501 0.931711
-64025.9 0.734169 0.933028
-63964.8 0.734839 0.934348
-63903.8 0.735509 0.93567
-63842.8 0.736181 0.936995
-63781.7 0.736855 0.938322
-63720.7 0.73753 0.939653
-63659.7 0.738206 0.940986
-63598.6 0.738884 0.942322
-63537.6 0.739563 0.943661
-63476.6 0.740243 0.945002
-63415.5 0.740925 0.946347
-63354.5 0.741609 0.947694
-63293.5 0.742294 0.949044
-63232.4 0.74298 0.950397
-63171.4 0.743667 0.951753
-63110.4 0.744357 0.953111
-63049.3 0.745047 0.954473
-62988.3 0.745739 0.955837
-62927.2 0.746433 0.957204
-62866.2 0.747128 0.958574
-62805.2 0.747824 0.959947
-62744.1 0.748522 0.961323
-62683.1 0.749222 0.962702
-62622.1 0.749923 0.964084
-62561 0.750625 0.965469
-62500 0.751329 0.966856
-62439 0.752034 0.968247
-62377.9 0.752741 0.969641
-62316.9 0.75345 0.971037
-62255.9 0.75416 0.972437
-62194.8 0.754871 0.973839
-62133.8 0.755584 0.975245
-62072.8 0.756299 0.976654
-62011.7 0.757015 0.978065
-61950.7 0.757732 0.97948
-61889.6 0.758451 0.980898
-61828.6 0.759172 0.982318
-61767.6 0.759894 0.983742
-61706.5 0.760618 0.985169
-61645.5 0.761344 0.986599
-61584.5 0.762071 0.988032
-61523.4 0.762799 0.989469
-61462.4 0.763529 0.990908
-61401.4 0.764261 0.992351
-61340.3 0.764994 0.993796
-61279.3 0.765729 0.995245
-61218.3 0.766466 0.996697
-61157.2 0.767204 0.998152
-61096.2 0.767944 0.999611
-61035.2 0.768685 1.00107
-60974.1 0.769428 1.00254
-60913.1 0.770173 1.00401
-60852.1 0.770919 1.00548
-60791 0.771667 1.00695
-60730 0.772417 1.00843
-60668.9 0.773168 1.00991
-60607.9 0.773921 1.01139
-60546.9 0.774676 1.01288
-60485.8 0.775432 1.01437
-60424.8 0.77619 1.01587
-60363.8 0.77695 1.01736
-60302.7 0.777711 1.01887
-60241.7 0.778474 1.02037
-60180.7 0.779239 1.02188
-60119.6 0.780005 1.02339
-60058.6 0.780773 1.0249
-59997.6 0.781543 1.02642
-59936.5 0.782315 1.02794
-59875.5 0.783088 1.02947
-59814.5 0.783863 1.03099
-59753.4 0.78464 1.03253
-59692.4 0.785419 1.03406
-59631.3 0.786199 1.0356
-59570.3 0.786981 1.03714
-59509.3 0.787765 1.03869
-59448.2 0.788551 1.04023
-59387.2 0.789338 1.04179
-59326.2 0.790127 1.04334
-59265.1 0.790918 1.0449
-59204.1 0.791711 1.04647
-59143.1 0.792506 1.04803
-59082 0.793302 1.0496
-59021 0.794101 1.05118
-58960 0.794901 1.05275
-58898.9 0.795703 1.05433
-58837.9 0.796506 1.05592
-58776.9 0.797312 1.05751
-58715.8 0.798119 1.0591
-58654.8 0.798929 1.06069
-58593.8 0.79974 1.06229
-58532.7 0.800553 1.0639
-58471.7 0.801368 1.0655
-58410.6 0.802185 1.06711
-58349.6 0.803004 1.06873
-58288.6 0.803824 1.07035
-58227.5 0.804647 1.07197
-58166.5 0.805471 1.07359
-58105.5 0.806298 1.07522
-58044.4 0.807126 1.07685
-57983.4 0.807956 1.07849
-57922.4 0.808789 1.08013
-57861.3 0.809623 1.08178
-57800.3 0.810459 1.08342
-57739.3 0.811297 1.08508
-57678.2 0.812137 1.08673
-57617.2 0.812979 1.08839
-57556.2 0.813823 1.09006
-57495.1 0.814669 1.09172
-57434.1 0.815517 1.0934
-57373 0.816367 1.09507
-57312 0.817219 1.09675
-57251 0.818073 1.09844
-57189.9 0.81893 1.10012
-57128.9 0.819788 1.10181
-57067.9 0.820648 1.10351
-57006.8 0.82151 1.10521
-56945.8 0.822374 1.10691
-56884.8 0.823241 1.10862
-56823.7 0.824109 1.11033
-56762.7 0.82498 1.11205
-56701.7 0.825853 1.11377
-56640.6 0.826727 1.1155
-56579.6 0.827604 1.11722
-56518.6 0.828483 1.11896
-56457.5 0.829364 1.12069
-56396.5 0.830247 1.12243
-56335.4 0.831133 1.12418
-56274.4 0.83202 1.12593
-56213.4 0.83291 1.12768
-56152.3 0.833802 1.12944
-56091.3 0.834696 1.1312
-56030.3 0.835592 1.13297
-55969.2 0.83649 1.13474
-55908.2 0.837391 1.13652
-55847.2 0.838294 1.1383
-55786.1 0.839199 1.14008
-55725.1 0.840106 1.14187
-55664.1 0.841015 1.14366
-55603 0.841927 1.14546
-55542 0.842841 1.14726
-55481 0.843757 1.14907
-55419.9 0.844675 1.15088
-55358.9 0.845596 1.15269
-55297.9 0.846519 1.15451
-55236.8 0.847444 1.15634
-55175.8 0.848372 1.15817
-55114.7 0.849302 1.16
-55053.7 0.850234 1.16184
-54992.7 0.851169 1.16368
-54931.6 0.852105 1.16553
-54870.6 0.853045 1.16738
-54809.6 0.853986 1.16923
-54748.5 0.85493 1.17109
-54687.5 0.855876 1.17296
-54626.5 0.856825 1.17483
-54565.4 0.857776 1.1767
-54504.4 0.85873 1.17858
-54443.4 0.859686 1.18047
-54382.3 0.860644 1.18236
-54321.3 0.861605 1.18425
-54260.3 0.862568 1.18615
-54199.2 0.863533 1.18805
-54138.2 0.864502 1.18996
-54077.1 0.865472 1.19188
-54016.1 0.866445 1.19379
-53955.1 0.867421 1.19572
-53894 0.868399 1.19765
-53833 0.869379 1.19958
-53772 0.870362 1.20152
-53710.9 0.871348 1.20346
-53649.9 0.872336 1.20541
-53588.9 0.873326 1.20736
-53527.8 0.87432 1.20932
-53466.8 0.875315 1.21128
-53405.8 0.876314 1.21325
-53344.7 0.877315 1.21522
-53283.7 0.878318 1.2172
-53222.7 0.879324 1.21918
-53161.6 0.880333 1.22117
-53100.6 0.881344 1.22317
-53039.6 0.882358 1.22517
-52978.5 0.883375 1.22717
-52917.5 0.884394 1.22918
-52856.4 0.885416 1.23119
-52795.4 0.886441 1.23321
-52734.4 0.887468 1.23524
-52673.3 0.888498 1.23727
-52612.3 0.889531 1.23931
-52551.3 0.890567 1.24135
-52490.2 0.891605 1.24339
-52429.2 0.892646 1.24545
-52368.2 0.89369 1.2475
-52307.1 0.894736 1.24957
-52246.1 0.895786 1.25164
-52185.1 0.896838 1.25371
-52124 0.897893 1.25579
-52063 0.89895 1.25787
-52002 0.900011 1.25997
-51940.9 0.901074 1.26206
-51879.9 0.90214 1.26416
-51818.8 0.90321 1.26627
-51757.8 0.904281 1.26838
-51696.8 0.905356 1.2705
-51635.7 0.906434 1.27263
-51574.7 0.907515 1.27476
-51513.7 0.908598 1.27689
-51452.6 0.909685 1.27904
-51391.6 0.910774 1.28118
-51330.6 0.911867 1.28334
-51269.5 0.912962 1.2855
-51208.5 0.914061 1.28766
-51147.5 0.915162 1.28983
-51086.4 0.916266 1.29201
-51025.4 0.917374 1.29419
-50964.4 0.918484 1.29638
-50903.3 0.919598 1.29858
-50842.3 0.920714 1.30078
-50781.2 0.921834 1.30299
-50720.2 0.922957 1.3052
-50659.2 0.924083 1.30742
-50598.1 0.925212 1.30965
-50537.1 0.926344 1.31188
-50476.1 0.927479 1.31412
-50415 0.928617 1.31636
-50354 0.929759 1.31861
-50293 0.930904 1.32087
-50231.9 0.932051 1.32313
-50170.9 0.933203 1.3254
-50109.9 0.934357 1.32767
-50048.8 0.935514 1.32996
-49987.8 0.936675 1.33224
-49926.8 0.937839 1.33454
-49865.7 0.939007 1.33684
-49804.7 0.940177 1.33915
-49743.7 0.941351 1.34146
-49682.6 0.942529 1.34378
-49621.6 0.943709 1.34611
-49560.5 0.944893 1.34845
-49499.5 0.946081 1.35079
-49438.5 0.947271 1.35313
-49377.4 0.948465 1.35549
-49316.4 0.949663 1.35785
-49255.4 0.950864 1.36022
-49194.3 0.952068 1.36259
-49133.3 0.953276 1.36497
-49072.3 0.954487 1.36736
-49011.2 0.955702 1.36975
-48950.2 0.95692 1.37216
-48889.2 0.958142 1.37456
-48828.1 0.959368 1.37698
-48767.1 0.960596 1.3794
-48706.1 0.961829 1.38183
-48645 0.963065 1.38427
-48584 0.964305 1.38671
-48522.9 0.965548 1.38916
-48461.9 0.966795 1.39162
-48400.9 0.968045 1.39409
-48339.8 0.969299 1.39656
-48278.8 0.970557 1.39904
-48217.8 0.971819 1.40153
-48156.7 0.973084 1.40402
-48095.7 0.974353 1.40652
-48034.7 0.975626 1.40903
-47973.6 0.976902 1.41155
-47912.6 0.978182 1.41407
-47851.6 0.979466 1.4166
-47790.5 0.980754 1.41914
-47729.5 0.982046 1.42169
-47668.5 0.983341 1.42424
-47607.4 0.984641 1.4268
-47546.4 0.985944 1.42937
-47485.4 0.987251 1.43195
-47424.3 0.988562 1.43453
-47363.3 0.989877 1.43713
-47302.2 0.991196 1.43973
-47241.2 0.992519 1.44233
-47180.2 0.993846 1.44495
-47119.1 0.995177 1.44757
-47058.1 0.996512 1.45021
-46997.1 0.997851 1.45285
-46936 0.999194 1.45549
-46875 1.00054 1.45815
-46814 1.00189 1.46081
-46752.9 1.00325 1.46348
-46691.9 1.00461 1.46616
-46630.9 1.00597 1.46885
-46569.8 1.00734 1.47155
-46508.8 1.00871 1.47425
-46447.8 1.01009 1.47697
-46386.7 1.01147 1.47969
-46325.7 1.01285 1.48242
-46264.6 1.01424 1.48516
-46203.6 1.01563 1.4879
-46142.6 1.01703 1.49066
-46081.5 1.01843 1.49342
-46020.5 1.01984 1.4962
-45959.5 1.02125 1.49898
-45898.4 1.02267 1.50177
-45837.4 1.02409 1.50457
-45776.4 1.02551 1.50737
-45715.3 1.02694 1.51019
-45654.3 1.02837 1.51301
-45593.3 1.02981 1.51585
-45532.2 1.03125 1.51869
-45471.2 1.0327 1.52154
-45410.2 1.03415 1.5244
-45349.1 1.0356 1.52727
-45288.1 1.03707 1.53015
-45227.1 1.03853 1.53304
-45166 1.04 1.53594
-45105 1.04147 1.53884
-45043.9 1.04295 1.54176
-44982.9 1.04444 1.54468
-44921.9 1.04593 1.54762
-44860.8 1.04742 1.55056
-44799.8 1.04892 1.55352
-44738.8 1.05042 1.55648
-44677.7 1.05193 1.55945
-44616.7 1.05344 1.56243
-44555.7 1.05496 1.56543
-44494.6 1.05648 1.56843
-44433.6 1.05801 1.57144
-44372.6 1.05954 1.57446
-44311.5 1.06108 1.57749
-44250.5 1.06262 1.58053
-44189.5 1.06417 1.58358
-44128.4 1.06572 1.58664
-44067.4 1.06728 1.58971
-44006.3 1.06884 1.59279
-43945.3 1.07041 1.59588
-43884.3 1.07198 1.59899
-43823.2 1.07356 1.6021
-43762.2 1.07514 1.60522
-43701.2 1.07673 1.60835
-43640.1 1.07833 1.61149
-43579.1 1.07993 1.61465
-43518.1 1.08153 1.61781
-43457 1.08314 1.62098
-43396 1.08476 1.62417
-43335 1.08638 1.62736
-43273.9 1.088 1.63057
-43212.9 1.08963 1.63379
-43151.9 1.09127 1.63701
-43090.8 1.09291 1.64025
-43029.8 1.09456 1.6435
-42968.8 1.09622 1.64676
-42907.7 1.09788 1.65003
-42846.7 1.09954 1.65332
-42785.6 1.10121 1.65661
-42724.6 1.10289 1.65992
-42663.6 1.10457 1.66323
-42602.5 1.10626 1.66656
-42541.5 1.10795 1.6699
-42480.5 1.10965 1.67325
-42419.4 1.11136 1.67661
-42358.4 1.11307 1.67999
-42297.4 1.11479 1.68337
-42236.3 1.11651 1.68677
-42175.3 1.11824 1.69018
-42114.3 1.11998 1.6936
-42053.2 1.12172 1.69703
-41992.2 1.12346 1.70048
-41931.2 1.12522 1.70393
-41870.1 1.12698 1.7074
-41809.1 1.12874 1.71088
-41748 1.13052 1.71438
-41687 1.13229 1.71788
-41626 1.13408 1.7214
-41564.9 1.13587 1.72493
-41503.9 1.13767 1.72848
-41442.9 1.13947 1.73203
-41381.8 1.14128 1.7356
-41320.8 1.1431 1.73918
-41259.8 1.14492 1.74277
-41198.7 1.14675 1.74638
-41137.7 1.14858 1.75
-41076.7 1.15043 1.75363
-41015.6 1.15228 1.75728
-40954.6 1.15413 1.76094
-40893.6 1.15599 1.76461
-40832.5 1.15786 1.76829
-40771.5 1.15974 1.77199
-40710.4 1.16162 1.7757
-40649.4 1.16351 1.77943
-40588.4 1.16541 1.78317
-40527.3 1.16731 1.78692
-40466.3 1.16922 1.79068
-40405.3 1.17114 1.79446
-40344.2 1.17306 1.79826
-40283.2 1.175 1.80207
-40222.2 1.17693 1.80589
-40161.1 1.17888 1.80972
-40100.1 1.18083 1.81357
-40039.1 1.18279 1.81744
-39978 1.18476 1.82132
-39917 1.18674 1.82521
-39856 1.18872 1.82912
-39794.9 1.19071 1.83304
-39733.9 1.1927 1.83698
-39672.9 1.19471 1.84093
-39611.8 1.19672 1.84489
-39550.8 1.19874 1.84887
-39489.7 1.20077 1.85287
-39428.7 1.2028 1.85688
-39367.7 1.20484 1.86091
-39306.6 1.20689 1.86495
-39245.6 1.20895 1.86901
-39184.6 1.21102 1.87308
-39123.5 1.21309 1.87717
-39062.5 1.21517 1.88127
-39001.5 1.21726 1.88539
-38940.4 1.21936 1.88953
-38879.4 1.22147 1.89368
-38818.4 1.22358 1.89785
-38757.3 1.2257 1.90203
-38696.3 1.22783 1.90623
-38635.3 1.22997 1.91044
-38574.2 1.23212 1.91468
-38513.2 1.23427 1.91893
-38452.1 1.23644 1.92319
-38391.1 1.23861 1.92747
-38330.1 1.24079 1.93177
-38269 1.24298 1.93609
-38208 1.24518 1.94042
-38147 1.24738 1.94477
-38085.9 1.2496 1.94914
-38024.9 1.25182 1.95352
-37963.9 1.25405 1.95792
-37902.8 1.2563 1.96234
-37841.8 1.25855 1.96678
-37780.8 1.26081 1.97123
-37719.7 1.26307 1.9757
-37658.7 1.26535 1.98019
-37597.7 1.26764 1.9847
-37536.6 1.26993 1.98923
-37475.6 1.27224 1.99377
-37414.6 1.27455 1.99833
-37353.5 1.27688 2.00291
-37292.5 1.27921 2.00751
-37231.4 1.28155 2.01213
-37170.4 1.28391 2.01677
-37109.4 1.28627 2.02142
-37048.3 1.28864 2.0261
-36987.3 1.29102 2.03079
-36926.3 1.29341 2.03551
-36865.2 1.29581 2.04024
-36804.2 1.29822 2.04499
-36743.2 1.30064 2.04976
-36682.1 1.30307 2.05456
-36621.1 1.30551 2.05937
-36560.1 1.30797 2.0642
-36499 1.31043 2.06905
-36438 1.3129 2.07392
-36377 1.31538 2.07882
-36315.9 1.31787 2.08373
-36254.9 1.32037 2.08866
-36193.8 1.32289 2.09362
-36132.8 1.32541 2.09859
-36071.8 1.32795 2.10359
-36010.7 1.33049 2.10861
-35949.7 1.33305 2.11365
-35888.7 1.33561 2.11871
-35827.6 1.33819 2.12379
-35766.6 1.34078 2.12889
-35705.6 1.34338 2.13402
-35644.5 1.34599 2.13917
-35583.5 1.34862 2.14434
-35522.5 1.35125 2.14953
-35461.4 1.35389 2.15474
-35400.4 1.35655 2.15998
-35339.4 1.35922 2.16524
-35278.3 1.3619 2.17052
-35217.3 1.36459 2.17583
-35156.2 1.36729 2.18116
-35095.2 1.37001 2.18651
-35034.2 1.37274 2.19189
-34973.1 1.37548 2.19729
-34912.1 1.37823 2.20271
-34851.1 1.38099 2.20816
-34790 1.38377 2.21363
-34729 1.38655 2.21913
-34668 1.38936 2.22465
-34606.9 1.39217 2.2302
-34545.9 1.39499 2.23577
-34484.9 1.39783 2.24136
-34423.8 1.40068 2.24698
-34362.8 1.40355 2.25263
-34301.8 1.40642 2.2583
-34240.7 1.40931 2.264
-34179.7 1.41222 2.26972
-34118.7 1.41513 2.27547
-34057.6 1.41806 2.28124
-33996.6 1.42101 2.28704
-33935.5 1.42396 2.29287
-33874.5 1.42693 2.29873
-33813.5 1.42992 2.30461
-33752.4 1.43291 2.31052
-33691.4 1.43592 2.31645
-33630.4 1.43895 2.32242
-33569.3 1.44199 2.32841
-33508.3 1.44504 2.33443
-33447.3 1.44811 2.34048
-33386.2 1.45119 2.34655
-33325.2 1.45429 2.35266
-33264.2 1.4574 2.35879
-33203.1 1.46053 2.36495
-33142.1 1.46367 2.37114
-33081.1 1.46682 2.37736
-33020 1.46999 2.38362
-32959 1.47318 2.38989
-32897.9 1.47638 2.3962
-32836.9 1.47959 2.40254
-32775.9 1.48283 2.40892
-32714.8 1.48607 2.41532
-32653.8 1.48934 2.42175
-32592.8 1.49261 2.42821
-32531.7 1.49591 2.43471
-32470.7 1.49922 2.44123
-32409.7 1.50254 2.44779
-32348.6 1.50589 2.45438
-32287.6 1.50925 2.461
-32226.6 1.51262 2.46766
-32165.5 1.51601 2.47434
-32104.5 1.51942 2.48106
-32043.5 1.52285 2.48782
-31982.4 1.52629 2.4946
-31921.4 1.52975 2.50142
-31860.4 1.53323 2.50828
-31799.3 1.53672 2.51517
-31738.3 1.54023 2.52209
-31677.2 1.54376 2.52905
-31616.2 1.54731 2.53604
-31555.2 1.55088 2.54307
-31494.1 1.55446 2.55013
-31433.1 1.55806 2.55723
-31372.1 1.56168 2.56437
-31311 1.56532 2.57154
-31250 1.56898 2.57875
-31189 1.57265 2.586
-31127.9 1.57635 2.59328
-31066.9 1.58006 2.6006
-31005.9 1.58379 2.60796
-30944.8 1.58754 2.61535
-30883.8 1.59131 2.62279
-30822.8 1.59511 2.63026
-30761.7 1.59892 2.63777
-30700.7 1.60275 2.64533
-30639.6 1.6066 2.65292
-30578.6 1.61047 2.66055
-30517.6 1.61436 2.66822
-30456.5 1.61827 2.67593
-30395.5 1.62221 2.68369
-30334.5 1.62616 2.69148
-30273.4 1.63013 2.69932
-30212.4 1.63413 2.7072
-30151.4 1.63815 2.71512
-30090.3 1.64219 2.72308
-30029.3 1.64625 2.73108
-29968.3 1.65033 2.73913
-29907.2 1.65444 2.74723
-29846.2 1.65856 2.75536
-29785.2 1.66271 2.76354
-29724.1 1.66689 2.77177
-29663.1 1.67108 2.78004
-29602.1 1.6753 2.78836
-29541 1.67954 2.79672
-29480 1.68381 2.80513
-29418.9 1.6881 2.81358
-29357.9 1.69241 2.82208
-29296.9 1.69675 2.83063
-29235.8 1.70111 2.83923
-29174.8 1.70549 2.84788
-29113.8 1.7099 2.85657
-29052.7 1.71434 2.86531
-28991.7 1.7188 2.87411
-28930.7 1.72328 2.88295
-28869.6 1.72779 2.89184
-28808.6 1.73233 2.90079
-28747.6 1.73689 2.90978
-28686.5 1.74148 2.91883
-28625.5 1.7461 2.92793
-28564.5 1.75074 2.93708
-28503.4 1.75541 2.94628
-28442.4 1.7601 2.95554
-28381.3 1.76483 2.96485
-28320.3 1.76958 2.97422
-28259.3 1.77436 2.98364
-28198.2 1.77916 2.99311
-28137.2 1.784 3.00264
-28076.2 1.78886 3.01223
-28015.1 1.79376 3.02188
-27954.1 1.79868 3.03158
-27893.1 1.80363 3.04134
-27832 1.80861 3.05116
-27771 1.81362 3.06104
-27710 1.81866 3.07097
-27648.9 1.82373 3.08097
-27587.9 1.82883 3.09103
-27526.9 1.83397 3.10115
-27465.8 1.83913 3.11133
-27404.8 1.84433 3.12157
-27343.8 1.84955 3.13188
-27282.7 1.85481 3.14225
-27221.7 1.86011 3.15268
-27160.6 1.86543 3.16318
-27099.6 1.87079 3.17374
-27038.6 1.87618 3.18437
-26977.5 1.88161 3.19506
-26916.5 1.88706 3.20582
-26855.5 1.89256 3.21665
-26794.4 1.89809 3.22755
-26733.4 1.90365 3.23852
-26672.4 1.90925 3.24956
-26611.3 1.91488 3.26066
-26550.3 1.92055 3.27184
-26489.3 1.92626 3.28309
-26428.2 1.932 3.29441
-26367.2 1.93778 3.30581
-26306.2 1.9436 3.31728
-26245.1 1.94946 3.32882
-26184.1 1.95535 3.34044
-26123 1.96128 3.35214
-26062 1.96725 3.36391
-26001 1.97326 3.37576
-25939.9 1.97931 3.38768
-25878.9 1.9854 3.39969
-25817.9 1.99153 3.41178
-25756.8 1.99771 3.42394
-25695.8 2.00392 3.43619
-25634.8 2.01017 3.44852
-25573.7 2.01647 3.46094
-25512.7 2.02281 3.47343
-25451.7 2.02919 3.48602
-25390.6 2.03562 3.49868
-25329.6 2.04209 3.51144
-25268.6 2.0486 3.52428
-25207.5 2.05516 3.53721
-25146.5 2.06177 3.55023
-25085.4 2.06842 3.56334
-25024.4 2.07512 3.57654
-24963.4 2.08186 3.58984
-24902.3 2.08865 3.60323
-24841.3 2.09549 3.61671
-24780.3 2.10237 3.63028
-24719.2 2.10931 3.64395
-24658.2 2.11629 3.65772
-24597.2 2.12333 3.67159
-24536.1 2.13041 3.68556
-24475.1 2.13755 3.69962
-24414.1 2.14474 3.71379
-24353 2.15197 3.72806
-24292 2.15927 3.74244
-24231 2.16661 3.75692
-24169.9 2.17401 3.7715
-24108.9 2.18146 3.7862
-24047.9 2.18897 3.801
-23986.8 2.19653 3.81591
-23925.8 2.20415 3.83093
-23864.7 2.21183 3.84606
-23803.7 2.21956 3.86131
-23742.7 2.22735 3.87667
-23681.6 2.23521 3.89214
-23620.6 2.24311 3.90774
-23559.6 2.25108 3.92345
-23498.5 2.25912 3.93928
-23437.5 2.26721 3.95523
-23376.5 2.27536 3.97131
-23315.4 2.28358 3.98751
-23254.4 2.29186 4.00383
-23193.4 2.30021 4.02029
-23132.3 2.30862 4.03687
-23071.3 2.31709 4.05358
-23010.3 2.32564 4.07042
-22949.2 2.33425 4.08739
-22888.2 2.34293 4.1045
-22827.1 2.35167 4.12175
-22766.1 2.36049 4.13913
-22705.1 2.36938 4.15665
-22644 2.37834 4.17432
-22583 2.38737 4.19213
-22522 2.39648 4.21008
-22460.9 2.40566 4.22818
-22399.9 2.41492 4.24642
-22338.9 2.42425 4.26482
-22277.8 2.43366 4.28337
-22216.8 2.44314 4.30207
-22155.8 2.45271 4.32093
-22094.7 2.46236 4.33995
-22033.7 2.47208 4.35912
-21972.7 2.48189 4.37846
-21911.6 2.49179 4.39796
-21850.6 2.50176 4.41763
-21789.6 2.51182 4.43747
-21728.5 2.52197 4.45747
-21667.5 2.53221 4.47765
-21606.4 2.54253 4.498
-21545.4 2.55295 4.51853
-21484.4 2.56345 4.53924
-21423.3 2.57405 4.56014
-21362.3 2.58474 4.58121
-21301.3 2.59553 4.60247
-21240.2 2.60641 4.62392
-21179.2 2.61739 4.64557
-21118.2 2.62846 4.6674
-21057.1 2.63964 4.68944
-20996.1 2.65092 4.71167
-20935.1 2.6623 4.73411
-20874 2.67378 4.75675
-20813 2.68537 4.77959
-20752 2.69707 4.80265
-20690.9 2.70887 4.82592
-20629.9 2.72079 4.84941
-20568.8 2.73281 4.87312
-20507.8 2.74495 4.89705
-20446.8 2.75721 4.92121
-20385.7 2.76958 4.9456
-20324.7 2.78207 4.97022
-20263.7 2.79467 4.99507
-20202.6 2.8074 5.02016
-20141.6 2.82026 5.0455
-20080.6 2.83323 5.07108
-20019.5 2.84634 5.09692
-19958.5 2.85957 5.123
-19897.5 2.87293 5.14935
-19836.4 2.88643 5.17595
-19775.4 2.90006 5.20282
-19714.4 2.91382 5.22996
-19653.3 2.92773 5.25737
-19592.3 2.94177 5.28506
-19531.2 2.95596 5.31303
-19470.2 2.97029 5.34128
-19409.2 2.98477 5.36983
-19348.1 2.9994 5.39867
-19287.1 3.01419 5.42781
-19226.1 3.02912 5.45726
-19165 3.04421 5.48701
-19104 3.05946 5.51707
-19043 3.07488 5.54746
-18981.9 3.09046 5.57817
-18920.9 3.1062 5.60921
-18859.9 3.12211 5.64058
-18798.8 3.1382 5.67229
-18737.8 3.15446 5.70435
-18676.8 3.1709 5.73676
-18615.7 3.18752 5.76952
-18554.7 3.20432 5.80265
-18493.7 3.22132 5.83614
-18432.6 3.2385 5.87002
-18371.6 3.25587 5.90427
-18310.5 3.27344 5.93891
-18249.5 3.29122 5.97394
-18188.5 3.30919 6.00938
-18127.4 3.32737 6.04522
-18066.4 3.34577 6.08148
-18005.4 3.36437 6.11816
-17944.3 3.3832 6.15528
-17883.3 3.40224 6.19283
-17822.3 3.42152 6.23082
-17761.2 3.44102 6.26927
-17700.2 3.46076 6.30818
-17639.2 3.48073 6.34756
-17578.1 3.50095 6.38742
-17517.1 3.52142 6.42776
-17456.1 3.54214 6.4686
-17395 3.56311 6.50995
-17334 3.58434 6.55181
-17272.9 3.60584 6.5942
-17211.9 3.62762 6.63712
-17150.9 3.64967 6.68059
-17089.8 3.672 6.72461
-17028.8 3.69461 6.76919
-16967.8 3.71752 6.81436
-16906.7 3.74073 6.86011
-16845.7 3.76424 6.90646
-16784.7 3.78807 6.95343
-16723.6 3.81221 7.00101
-16662.6 3.83667 7.04924
-16601.6 3.86146 7.09811
-16540.5 3.88659 7.14765
-16479.5 3.91206 7.19786
-16418.5 3.93788 7.24876
-16357.4 3.96406 7.30037
-16296.4 3.9906 7.35269
-16235.4 4.01751 7.40575
-16174.3 4.04481 7.45956
-16113.3 4.07249 7.51414
-16052.2 4.10057 7.5695
-15991.2 4.12906 7.62565
-15930.2 4.15796 7.68263
-15869.1 4.18728 7.74044
-15808.1 4.21704 7.7991
-15747.1 4.24724 7.85863
-15686 4.27789 7.91906
-15625 4.30901 7.9804
-15564 4.34059 8.04267
-15502.9 4.37266 8.10589
-15441.9 4.40523 8.1701
-15380.9 4.43831 8.2353
-15319.8 4.4719 8.30152
-15258.8 4.50602 8.36879
-15197.8 4.54069 8.43714
-15136.7 4.57592 8.50658
-15075.7 4.61171 8.57714
-15014.6 4.64809 8.64886
-14953.6 4.68507 8.72176
-14892.6 4.72266 8.79587
-14831.5 4.76089 8.87122
-14770.5 4.79975 8.94785
-14709.5 4.83928 9.02577
-14648.4 4.87949 9.10504
-14587.4 4.9204 9.18568
-14526.4 4.96201 9.26773
-14465.3 5.00437 9.35122
-14404.3 5.04747 9.4362
-14343.3 5.09135 9.52271
-14282.2 5.13603 9.61078
-14221.2 5.18152 9.70046
-14160.2 5.22785 9.79179
-14099.1 5.27504 9.88482
-14038.1 5.32312 9.97961
-13977.1 5.37211 10.0762
-13916 5.42204 10.1746
-13855 5.47294 10.2749
-13793.9 5.52482 10.3772
-13732.9 5.57774 10.4815
-13671.9 5.6317 10.5879
-13610.8 5.68675 10.6965
-13549.8 5.74292 10.8072
-13488.8 5.80024 10.9202
-13427.7 5.85875 11.0355
-13366.7 5.91849 11.1533
-13305.7 5.97949 11.2736
-13244.6 6.0418 11.3964
-13183.6 6.10546 11.5219
-13122.6 6.17051 11.6501
-13061.5 6.237 11.7812
-13000.5 6.30497 11.9152
-12939.5 6.37449 12.0523
-12878.4 6.44559 12.1924
-12817.4 6.51834 12.3358
-12756.3 6.59279 12.4826
-12695.3 6.66901 12.6329
-12634.3 6.74706 12.7867
-12573.2 6.82699 12.9443
-12512.2 6.9089 13.1058
-12451.2 6.99284 13.2713
-12390.1 7.07889 13.4409
-12329.1 7.16714 13.6149
-12268.1 7.25767 13.7933
-12207 7.35057 13.9765
-12146 7.44593 14.1645
-12085 7.54386 14.3575
-12023.9 7.64445 14.5558
-11962.9 7.74783 14.7596
-11901.9 7.8541 14.9691
-11840.8 7.96338 15.1846
-11779.8 8.07582 15.4062
-11718.8 8.19155 15.6344
-11657.7 8.31071 15.8693
-11596.7 8.43346 16.1113
-11535.6 8.55996 16.3607
-11474.6 8.69039 16.6178
-11413.6 8.82494 16.883
-11352.5 8.9638 17.1568
-11291.5 9.10719 17.4394
-11230.5 9.25532 17.7315
-11169.4 9.40844 18.0333
-11108.4 9.56681 18.3455
-11047.4 9.73069 18.6686
-10986.3 9.90039 19.0031
-10925.3 10.0762 19.3498
-10864.3 10.2585 19.7091
-10803.2 10.4476 20.082
-10742.2 10.644 20.469
-10681.2 10.8479 20.8711
-10620.1 11.06 21.2892
-10559.1 11.2807 21.7242
-10498 11.5105 22.1772
-10437 11.7499 22.6493
-10376 11.9998 23.1418
-10314.9 12.2606 23.656
-10253.9 12.5331 24.1933
-10192.9 12.8183 24.7554
-10131.8 13.1169 25.3441
-10070.8 13.4299 25.9612
-10009.8 13.7584 26.6088
-9948.73 14.1036 27.2893
-9887.7 14.4668 28.0053
-9826.66 14.8494 28.7596
-9765.62 15.2531 29.5554
-9704.59 15.6796 30.3961
-9643.55 16.1308 31.2858
-9582.52 16.6092 32.2287
-9521.48 17.117 33.2299
-9460.45 17.6572 34.2949
-9399.41 18.233 35.43
-9338.38 18.848 36.6423
-9277.34 19.5063 37.9401
-9216.31 20.2127 39.3327
-9155.27 20.9727 40.8308
-9094.24 21.7925 42.447
-9033.2 22.6796 44.1958
-8972.17 23.6425 46.0942
-8911.13 24.6916 48.1622
-8850.1 25.8387 50.4236
-8789.06 27.0984 52.907
-8728.03 28.4881 55.6466
-8666.99 30.029 58.6843
-8605.96 31.7472 62.0716
-8544.92 33.6752 65.8724
-8483.89 35.8539 70.1674
-8422.85 38.3356 75.0598
-8361.82 41.1882 80.6834
-8300.78 44.5016 87.2154
-8239.75 48.3974 94.8954
-8178.71 53.0436 104.055
-8117.68 58.6805 115.167
-8056.64 65.6626 128.932
-7995.61 74.5366 146.426
-7934.57 86.1921 169.403
-7873.54 102.18 200.921
-7812.5 125.467 246.828
-7751.46 162.53 319.894
-7690.43 230.728 454.339
-7629.39 397.711 783.526
-7568.36 1441.81 2841.84
-7507.32 -886.253 -1747.66
-7446.29 -338.826 -668.47
-7385.25 -209.402 -413.326
-7324.22 -151.498 -299.176
-7263.18 -118.665 -234.449
-7202.15 -97.5179 -192.759
-7141.11 -82.7603 -163.666
-7080.08 -71.8764 -142.21
-7019.04 -63.5181 -125.733
-6958.01 -56.8975 -112.681
-6896.97 -51.5239 -102.088
-6835.94 -47.0752 -93.3174
-6774.9 -43.3315 -85.9373
-6713.87 -40.1376 -79.6409
-6652.83 -37.3807 -74.2059
-6591.8 -34.9767 -69.4668
-6530.76 -32.8621 -65.2981
-6469.73 -30.9875 -61.6025
-6408.69 -29.3143 -58.3039
-6347.66 -27.8116 -55.3415
-6286.62 -26.4547 -52.6665
-6225.59 -25.2233 -50.239
-6164.55 -24.1007 -48.0261
-6103.52 -23.0733 -46.0005
-6042.48 -22.1293 -44.1395
-5981.45 -21.2589 -42.4238
-5920.41 -20.454 -40.837
-5859.38 -19.7074 -39.3651
-5798.34 -19.0129 -37.996
-5737.3 -18.3654 -36.7194
-5676.27 -17.7601 -35.5262
-5615.23 -17.1931 -34.4084
-5554.2 -16.6609 -33.3592
-5493.16 -16.1603 -32.3724
-5432.13 -15.6886 -31.4426
-5371.09 -15.2435 -30.565
-5310.06 -14.8226 -29.7353
-5249.02 -14.4241 -28.9498
-5187.99 -14.0463 -28.2049
-5126.95 -13.6875 -27.4976
-5065.92 -13.3464 -26.8251
-5004.88 -13.0217 -26.185
-4943.85 -12.7122 -25.5748
-4882.81 -12.4169 -24.9927
-4821.78 -12.1348 -24.4367
-4760.74 -11.8651 -23.905
-4699.71 -11.607 -23.3961
-4638.67 -11.3597 -22.9086
-4577.64 -11.1226 -22.4412
-4516.6 -10.895 -21.9926
-4455.57 -10.6765 -21.5617
-4394.53 -10.4664 -21.1475
-4333.5 -10.2642 -20.749
-4272.46 -10.0697 -20.3654
-4211.43 -9.8822 -19.9959
-4150.39 -9.70149 -19.6396
-4089.36 -9.52715 -19.296
-4028.32 -9.35887 -18.9642
-3967.29 -9.19633 -18.6438
-3906.25 -9.03924 -18.3341
-3845.21 -8.88733 -18.0346
-3784.18 -8.74035 -17.7449
-3723.14 -8.59807 -17.4644
-3662.11 -8.46025 -17.1927
-3601.07 -8.3267 -16.9294
-3540.04 -8.19722 -16.6742
-3479 -8.07163 -16.4266
-3417.97 -7.94975 -16.1863
-3356.93 -7.83143 -15.953
-3295.9 -7.7165 -15.7265
-3234.86 -7.60482 -15.5063
-3173.83 -7.49627 -15.2923
-3112.79 -7.3907 -15.0842
-3051.76 -7.288 -14.8817
-2990.72 -7.18805 -14.6847
-2929.69 -7.09074 -14.4929
-2868.65 -6.99598 -14.306
-2807.62 -6.90365 -14.124
-2746.58 -6.81367 -13.9467
-2685.55 -6.72595 -13.7737
-2624.51 -6.64041 -13.6051
-2563.48 -6.55697 -13.4406
-2502.44 -6.47554 -13.2801
-2441.41 -6.39606 -13.1234
-2380.37 -6.31845 -12.9704
-2319.34 -6.24266 -12.821
-2258.3 -6.16862 -12.675
-2197.27 -6.09627 -12.5324
-2136.23 -6.02555 -12.393
-2075.2 -5.95641 -12.2567
-2014.16 -5.88879 -12.1234
-1953.12 -5.82265 -11.993
-1892.09 -5.75794 -11.8654
-1831.05 -5.69461 -11.7405
-1770.02 -5.63261 -11.6183
-1708.98 -5.57191 -11.4987
-1647.95 -5.51247 -11.3815
-1586.91 -5.45425 -11.2667
-1525.88 -5.3972 -11.1543
-1464.84 -5.34131 -11.0441
-1403.81 -5.28652 -10.936
-1342.77 -5.23281 -10.8302
-1281.74 -5.18014 -10.7263
-1220.7 -5.12849 -10.6245
-1159.67 -5.07783 -10.5246
-1098.63 -5.02813 -10.4267
-1037.6 -4.97936 -10.3305
-976.562 -4.93149 -10.2362
-915.527 -4.88451 -10.1435
-854.492 -4.83838 -10.0526
-793.457 -4.79308 -9.9633
-732.422 -4.7486 -9.87561
-671.387 -4.70491 -9.78947
-610.352 -4.66198 -9.70485
-549.316 -4.61981 -9.6217
-488.281 -4.57836 -9.53999
-427.246 -4.53762 -9.45969
-366.211 -4.49758 -9.38074
-305.176 -4.45821 -9.30313
-244.141 -4.41949 -9.22681
-183.105 -4.38142 -9.15176
-122.07 -4.34398 -9.07794
-61.0352 -4.30714 -9.00533
0 -4.2709 -8.93388
61.0352 -4.23525 -8.86359
122.07 -4.20016 -8.79441
183.105 -4.16562 -8.72633
244.141 -4.13162 -8.65931
305.176 -4.09815 -8.59333
366.211 -4.0652 -8.52837
427.246 -4.03275 -8.4644
488.281 -4.0008 -8.4014
549.316 -3.96933 -8.33936
610.352 -3.93832 -8.27824
671.387 -3.90778 -8.21803
732.422 -3.87769 -8.1587
793.457 -3.84803 -8.10025
854.492 -3.81881 -8.04264
915.527 -3.79001 -7.98586
976.562 -3.76162 -7.9299
1037.6 -3.73364 -7.87473
1098.63 -3.70605 -7.82033
1159.67 -3.67884 -7.7667
1220.7 -3.65202 -7.71382
1281.74 -3.62556 -7.66167
1342.77 -3.59947 -7.61023
1403.81 -3.57373 -7.5595
1464.84 -3.54835 -7.50945
1525.88 -3.5233 -7.46007
1586.91 -3.49859 -7.41135
1647.95 -3.4742 -7.36328
1708.98 -3.45014 -7.31584
1770.02 -3.42639 -7.26903
1831.05 -3.40295 -7.22282
1892.09 -3.37981 -7.17721
1953.12 -3.35698 -7.13218
2014.16 -3.33443 -7.08773
2075.2 -3.31216 -7.04384
2136.23 -3.29018 -7.00051
2197.27 -3.26848 -6.95771
2258.3 -3.24704 -6.91545
2319.34 -3.22587 -6.87372
2380.37 -3.20495 -6.83249
2441.41 -3.1843 -6.79177
2502.44 -3.16389 -6.75154
2563.48 -3.14373 -6.7118
2624.51 -3.12381 -6.67253
2685.55 -3.10413 -6.63373
2746.58 -3.08468 -6.59539
2807.62 -3.06546 -6.5575
2868.65 -3.04647 -6.52006
2929.69 -3.0277 -6.48305
2990.72 -3.00914 -6.44647
3051.76 -2.9908 -6.41031
3112.79 -2.97267 -6.37456
3173.83 -2.95474 -6.33922
3234.86 -2.93702 -6.30428
3295.9 -2.91949 -6.26974
3356.93 -2.90216 -6.23558
3417.97 -2.88503 -6.20179
3479 -2.86808 -6.16839
3540.04 -2.85132 -6.13535
3601.07 -2.83475 -6.10267
3662.11 -2.81835 -6.07034
3723.14 -2.80213 -6.03837
3784.18 -2.78609 -6.00674
3845.21 -2.77021 -5.97545
3906.25 -2.75451 -5.94449
3967.29 -2.73897 -5.91386
4028.32 -2.7236 -5.88355
4089.36 -2.70838 -5.85356
4150.39 -2.69333 -5.82388
4211.43 -2.67843 -5.79451
4272.46 -2.66368 -5.76544
4333.5 -2.64909 -5.73667
4394.53 -2.63465 -5.70819
4455.57 -2.62035 -5.68001
4516.6 -2.60619 -5.6521
4577.64 -2.59218 -5.62448
4638.67 -2.57831 -5.59713
4699.71 -2.56458 -5.57006
4760.74 -2.55098 -5.54325
4821.78 -2.53752 -5.51671
4882.81 -2.52418 -5.49043
4943.85 -2.51098 -5.46441
5004.88 -2.49791 -5.43863
5065.92 -2.48496 -5.41311
5126.95 -2.47214 -5.38783
5187.99 -2.45944 -5.3628
5249.02 -2.44686 -5.338
5310.06 -2.4344 -5.31343
5371.09 -2.42206 -5.2891
5432.13 -2.40983 -5.265
5493.16 -2.39772 -5.24112
5554.2 -2.38572 -5.21747
5615.23 -2.37383 -5.19403
5676.27 -2.36205 -5.17081
5737.3 -2.35038 -5.1478
5798.34 -2.33882 -5.125
5859.38 -2.32736 -5.10241
5920.41 -2.316 -5.08002
5981.45 -2.30475 -5.05784
6042.48 -2.29359 -5.03585
6103.52 -2.28254 -5.01406
6164.55 -2.27159 -4.99246
6225.59 -2.26073 -4.97106
6286.62 -2.24997 -4.94984
6347.66 -2.2393 -4.92881
6408.69 -2.22872 -4.90796
6469.73 -2.21824 -4.8873
6530.76 -2.20785 -4.86681
6591.8 -2.19754 -4.8465
6652.83 -2.18733 -4.82636
6713.87 -2.1772 -4.80639
6774.9 -2.16716 -4.7866
6835.94 -2.1572 -4.76697
6896.97 -2.14733 -4.74751
6958.01 -2.13754 -4.72821
7019.04 -2.12783 -4.70907
7080.08 -2.11821 -4.69009
7141.11 -2.10866 -4.67127
7202.15 -2.09919 -4.6526
7263.18 -2.0898 -4.63409
7324.22 -2.08049 -4.61573
7385.25 -2.07125 -4.59752
7446.29 -2.06208 -4.57946
7507.32 -2.053 -4.56154
7568.36 -2.04398 -4.54377
7629.39 -2.03504 -4.52614
7690.43 -2.02617 -4.50865
7751.46 -2.01736 -4.4913
7812.5 -2.00863 -4.47408
7873.54 -1.99997 -4.45701
7934.57 -1.99138 -4.44006
7995.61 -1.98285 -4.42325
8056.64 -1.97439 -4.40657
8117.68 -1.96599 -4.39002
8178.71 -1.95766 -4.3736
8239.75 -1.9494 -4.35731
8300.78 -1.94119 -4.34114
8361.82 -1.93306 -4.32509
8422.85 -1.92498 -4.30917
8483.89 -1.91696 -4.29336
8544.92 -1.90901 -4.27768
8605.96 -1.90111 -4.26212
8666.99 -1.89327 -4.24667
8728.03 -1.8855 -4.23133
8789.06 -1.87778 -4.21611
8850.1 -1.87011 -4.20101
8911.13 -1.86251 -4.18601
8972.17 -1.85496 -4.17113
9033.2 -1.84746 -4.15636
9094.24 -1.84002 -4.14169
9155.27 -1.83264 -4.12713
9216.31 -1.82531 -4.11267
9277.34 -1.81803 -4.09832
9338.38 -1.8108 -4.08408
9399.41 -1.80363 -4.06993
9460.45 -1.7965 -4.05589
9521.48 -1.78943 -4.04195
9582.52 -1.78241 -4.0281
9643.55 -1.77543 -4.01436
9704.59 -1.76851 -4.00071
9765.62 -1.76164 -3.98716
9826.66 -1.75481 -3.9737
9887.7 -1.74803 -3.96033
9948.73 -1.7413 -3.94706
10009.8 -1.73461 -3.93388
10070.8 -1.72797 -3.92079
10131.8 -1.72138 -3.90779
10192.9 -1.71483 -3.89488
10253.9 -1.70833 -3.88206
10314.9 -1.70187 -3.86933
10376 -1.69545 -3.85668
10437 -1.68908 -3.84412
10498 -1.68275 -3.83164
10559.1 -1.67646 -3.81925
10620.1 -1.67022 -3.80694
10681.2 -1.66401 -3.79471
10742.2 -1.65785 -3.78256
10803.2 -1.65173 -3.77049
10864.3 -1.64565 -3.75851
10925.3 -1.63961 -3.7466
10986.3 -1.63361 -3.73477
11047.4 -1.62765 -3.72301
11108.4 -1.62172 -3.71134
11169.4 -1.61584 -3.69974
11230.5 -1.60999 -3.68821
11291.5 -1.60418 -3.67676
11352.5 -1.59841 -3.66538
11413.6 -1.59268 -3.65408
11474.6 -1.58698 -3.64284
11535.6 -1.58132 -3.63168
11596.7 -1.57569 -3.62059
11657.7 -1.5701 -3.60957
11718.8 -1.56455 -3.59862
11779.8 -1.55903 -3.58774
11840.8 -1.55354 -3.57693
11901.9 -1.54809 -3.56618
11962.9 -1.54267 -3.5555
12023.9 -1.53729 -3.54489
12085 -1.53194 -3.53434
12146 -1.52662 -3.52386
12207 -1.52134 -3.51344
12268.1 -1.51609 -3.50309
12329.1 -1.51087 -3.4928
12390.1 -1.50568 -3.48257
12451.2 -1.50052 -3.4724
12512.2 -1.4954 -3.4623
12573.2 -1.4903 -3.45225
12634.3 -1.48524 -3.44227
12695.3 -1.4802 -3.43235
12756.3 -1.4752 -3.42248
12817.4 -1.47023 -3.41268
12878.4 -1.46528 -3.40293
12939.5 -1.46037 -3.39324
13000.5 -1.45548 -3.38361
13061.5 -1.45063 -3.37404
13122.6 -1.4458 -3.36452
13183.6 -1.441 -3.35506
13244.6 -1.43623 -3.34565
13305.7 -1.43148 -3.3363
13366.7 -1.42676 -3.327
13427.7 -1.42208 -3.31775
13488.8 -1.41741 -3.30856
13549.8 -1.41278 -3.29942
13610.8 -1.40817 -3.29034
13671.9 -1.40359 -3.2813
13732.9 -1.39903 -3.27232
13793.9 -1.3945 -3.26339
13855 -1.38999 -3.25451
13916 -1.38551 -3.24568
13977.1 -1.38106 -3.2369
14038.1 -1.37663 -3.22817
14099.1 -1.37223 -3.21948
14160.2 -1.36785 -3.21085
14221.2 -1.36349 -3.20226
14282.2 -1.35916 -3.19373
14343.3 -1.35485 -3.18523
14404.3 -1.35057 -3.17679
14465.3 -1.34631 -3.16839
14526.4 -1.34207 -3.16004
14587.4 -1.33786 -3.15174
14648.4 -1.33367 -3.14348
14709.5 -1.3295 -3.13526
14770.5 -1.32536 -3.12709
14831.5 -1.32124 -3.11897
14892.6 -1.31714 -3.11088
14953.6 -1.31306 -3.10284
15014.6 -1.309 -3.09485
15075.7 -1.30497 -3.0869
15136.7 -1.30096 -3.07899
15197.8 -1.29697 -3.07112
15258.8 -1.293 -3.06329
15319.8 -1.28905 -3.05551
15380.9 -1.28512 -3.04776
15441.9 -1.28121 -3.04006
15502.9 -1.27733 -3.0324
15564 -1.27346 -3.02478
15625 -1.26961 -3.0172
15686 -1.26579 -3.00965
15747.1 -1.26198 -3.00215
15808.1 -1.2582 -2.99469
15869.1 -1.25443 -2.98726
15930.2 -1.25068 -2.97987
15991.2 -1.24695 -2.97252
16052.2 -1.24325 -2.96521
16113.3 -1.23956 -2.95794
16174.3 -1.23588 -2.9507
16235.4 -1.23223 -2.9435
16296.4 -1.2286 -2.93634
16357.4 -1.22498 -2.92921
16418.5 -1.22139 -2.92212
16479.5 -1.21781 -2.91506
16540.5 -1.21425 -2.90804
16601.6 -1.2107 -2.90106
16662.6 -1.20718 -2.89411
16723.6 -1.20367 -2.88719
16784.7 -1.20018 -2.88031
16845.7 -1.19671 -2.87347
16906.7 -1.19325 -2.86666
16967.8 -1.18981 -2.85988
17028.8 -1.18639 -2.85313
17089.8 -1.18299 -2.84642
17150.9 -1.1796 -2.83974
17211.9 -1.17623 -2.83309
17272.9 -1.17287 -2.82648
17334 -1.16953 -2.8199
17395 -1.16621 -2.81335
17456.1 -1.1629 -2.80683
17517.1 -1.15961 -2.80034
17578.1 -1.15634 -2.79389
17639.2 -1.15308 -2.78746
17700.2 -1.14984 -2.78107
17761.2 -1.14661 -2.7747
17822.3 -1.1434 -2.76837
17883.3 -1.1402 -2.76207
17944.3 -1.13702 -2.7558
18005.4 -1.13385 -2.74955
18066.4 -1.1307 -2.74334
18127.4 -1.12756 -2.73715
18188.5 -1.12444 -2.731
18249.5 -1.12133 -2.72487
18310.5 -1.11824 -2.71878
18371.6 -1.11516 -2.71271
18432.6 -1.1121 -2.70666
18493.7 -1.10905 -2.70065
18554.7 -1.10601 -2.69467
18615.7 -1.10299 -2.68871
18676.8 -1.09998 -2.68278
18737.8 -1.09699 -2.67688
18798.8 -1.094 -2.671
18859.9 -1.09104 -2.66515
18920.9 -1.08809 -2.65933
18981.9 -1.08515 -2.65354
19043 -1.08222 -2.64777
19104 -1.07931 -2.64202
19165 -1.07641 -2.63631
19226.1 -1.07352 -2.63062
19287.1 -1.07065 -2.62495
19348.1 -1.06778 -2.61931
19409.2 -1.06494 -2.6137
19470.2 -1.0621 -2.60811
19531.2 -1.05928 -2.60254
19592.3 -1.05647 -2.597
19653.3 -1.05367 -2.59149
19714.4 -1.05089 -2.586
19775.4 -1.04811 -2.58053
19836.4 -1.04535 -2.57509
19897.5 -1.0426 -2.56967
19958.5 -1.03987 -2.56428
20019.5 -1.03714 -2.55891
20080.6 -1.03443 -2.55356
20141.6 -1.03173 -2.54824
20202.6 -1.02904 -2.54294
20263.7 -1.02637 -2.53766
20324.7 -1.0237 -2.5324
20385.7 -1.02105 -2.52717
20446.8 -1.0184 -2.52196
20507.8 -1.01577 -2.51678
20568.8 -1.01315 -2.51161
20629.9 -1.01054 -2.50647
20690.9 -1.00795 -2.50135
20752 -1.00536 -2.49625
20813 -1.00278 -2.49117
20874 -1.00022 -2.48612
20935.1 -0.997667 -2.48108
20996.1 -0.995124 -2.47607
21057.1 -0.992592 -2.47108
21118.2 -0.990071 -2.46611
21179.2 -0.98756 -2.46116
21240.2 -0.98506 -2.45623
21301.3 -0.98257 -2.45132
21362.3 -0.980091 -2.44643
21423.3 -0.977622 -2.44157
21484.4 -0.975163 -2.43672
21545.4 -0.972714 -2.43189
21606.4 -0.970276 -2.42709
21667.5 -0.967848 -2.4223
21728.5 -0.965429 -2.41753
21789.6 -0.963021 -2.41278
21850.6 -0.960623 -2.40805
21911.6 -0.958234 -2.40335
21972.7 -0.955855 -2.39866
22033.7 -0.953486 -2.39399
22094.7 -0.951127 -2.38933
22155.8 -0.948777 -2.3847
22216.8 -0.946436 -2.38009
22277.8 -0.944105 -2.37549
22338.9 -0.941784 -2.37092
22399.9 -0.939472 -2.36636
22460.9 -0.937169 -2.36182
22522 -0.934875 -2.3573
22583 -0.932591 -2.35279
22644 -0.930315 -2.34831
22705.1 -0.928049 -2.34384
22766.1 -0.925792 -2.33939
22827.1 -0.923544 -2.33496
22888.2 -0.921304 -2.33054
22949.2 -0.919074 -2.32615
23010.3 -0.916852 -2.32177
23071.3 -0.914639 -2.3174
23132.3 -0.912435 -2.31306
23193.4 -0.910239 -2.30873
23254.4 -0.908052 -2.30442
23315.4 -0.905874 -2.30012
23376.5 -0.903704 -2.29585
23437.5 -0.901542 -2.29158
23498.5 -0.899389 -2.28734
23559.6 -0.897244 -2.28311
23620.6 -0.895108 -2.2789
23681.6 -0.892979 -2.2747
23742.7 -0.890859 -2.27052
23803.7 -0.888747 -2.26636
23864.7 -0.886643 -2.26221
23925.8 -0.884548 -2.25808
23986.8 -0.88246 -2.25397
24047.9 -0.88038 -2.24987
24108.9 -0.878308 -2.24578
24169.9 -0.876244 -2.24171
24231 -0.874188 -2.23766
24292 -0.87214 -2.23362
24353 -0.870099 -2.2296
24414.1 -0.868066 -2.22559
24475.1 -0.866041 -2.2216
24536.1 -0.864023 -2.21762
24597.2 -0.862013 -2.21366
24658.2 -0.86001 -2.20971
24719.2 -0.858015 -2.20578
24780.3 -0.856027 -2.20186
24841.3 -0.854047 -2.19795
24902.3 -0.852074 -2.19406
24963.4 -0.850108 -2.19019
25024.4 -0.84815 -2.18633
25085.4 -0.846198 -2.18248
25146.5 -0.844254 -2.17865
25207.5 -0.842317 -2.17483
25268.6 -0.840388 -2.17103
25329.6 -0.838465 -2.16723
25390.6 -0.836549 -2.16346
25451.7 -0.83464 -2.1597
25512.7 -0.832739 -2.15595
25573.7 -0.830844 -2.15221
25634.8 -0.828956 -2.14849
25695.8 -0.827075 -2.14478
25756.8 -0.8252 -2.14109
25817.9 -0.823333 -2.1374
25878.9 -0.821472 -2.13373
25939.9 -0.819617 -2.13008
26001 -0.81777 -2.12644
26062 -0.815929 -2.12281
26123 -0.814095 -2.11919
26184.1 -0.812267 -2.11559
26245.1 -0.810445 -2.112
26306.2 -0.808631 -2.10842
26367.2 -0.806822 -2.10485
26428.2 -0.80502 -2.1013
26489.3 -0.803224 -2.09776
26550.3 -0.801435 -2.09424
26611.3 -0.799652 -2.09072
26672.4 -0.797875 -2.08722
26733.4 -0.796105 -2.08373
26794.4 -0.79434 -2.08025
26855.5 -0.792582 -2.07678
26916.5 -0.79083 -2.07333
26977.5 -0.789084 -2.06989
27038.6 -0.787344 -2.06646
27099.6 -0.785611 -2.06304
27160.6 -0.783883 -2.05963
27221.7 -0.782161 -2.05624
27282.7 -0.780445 -2.05286
27343.8 -0.778735 -2.04948
27404.8 -0.777031 -2.04612
27465.8 -0.775332 -2.04278
27526.9 -0.77364 -2.03944
27587.9 -0.771953 -2.03611
27648.9 -0.770272 -2.0328
27710 -0.768597 -2.0295
27771 -0.766927 -2.02621
27832 -0.765264 -2.02293
27893.1 -0.763605 -2.01966
27954.1 -0.761953 -2.0164
28015.1 -0.760306 -2.01315
28076.2 -0.758664 -2.00992
28137.2 -0.757028 -2.00669
28198.2 -0.755398 -2.00348
28259.3 -0.753773 -2.00027
28320.3 -0.752153 -1.99708
28381.3 -0.750539 -1.9939
28442.4 -0.74893 -1.99073
28503.4 -0.747327 -1.98757
28564.5 -0.745729 -1.98442
28625.5 -0.744136 -1.98128
28686.5 -0.742548 -1.97815
28747.6 -0.740966 -1.97503
28808.6 -0.739389 -1.97192
28869.6 -0.737817 -1.96882
28930.7 -0.73625 -1.96573
28991.7 -0.734689 -1.96265
29052.7 -0.733132 -1.95958
29113.8 -0.731581 -1.95653
29174.8 -0.730035 -1.95348
29235.8 -0.728494 -1.95044
29296.9 -0.726957 -1.94741
29357.9 -0.725426 -1.94439
29418.9 -0.7239 -1.94138
29480 -0.722378 -1.93838
29541 -0.720862 -1.93539
29602.1 -0.719351 -1.93241
29663.1 -0.717844 -1.92944
29724.1 -0.716342 -1.92648
29785.2 -0.714845 -1.92353
29846.2 -0.713353 -1.92059
29907.2 -0.711866 -1.91766
29968.3 -0.710383 -1.91474
30029.3 -0.708905 -1.91182
30090.3 -0.707432 -1.90892
30151.4 -0.705963 -1.90602
30212.4 -0.704499 -1.90314
30273.4 -0.70304 -1.90026
30334.5 -0.701585 -1.89739
30395.5 -0.700135 -1.89453
30456.5 -0.69869 -1.89168
30517.6 -0.697249 -1.88884
30578.6 -0.695813 -1.88601
30639.6 -0.694381 -1.88319
30700.7 -0.692953 -1.88038
30761.7 -0.69153 -1.87757
30822.8 -0.690112 -1.87477
30883.8 -0.688698 -1.87199
30944.8 -0.687288 -1.86921
31005.9 -0.685883 -1.86644
31066.9 -0.684482 -1.86368
31127.9 -0.683085 -1.86092
31189 -0.681693 -1.85818
31250 -0.680305 -1.85544
31311 -0.678921 -1.85271
31372.1 -0.677541 -1.84999
31433.1 -0.676166 -1.84728
31494.1 -0.674795 -1.84458
31555.2 -0.673428 -1.84188
31616.2 -0.672066 -1.8392
31677.2 -0.670707 -1.83652
31738.3 -0.669353 -1.83385
31799.3 -0.668002 -1.83119
31860.4 -0.666656 -1.82853
31921.4 -0.665314 -1.82589
31982.4 -0.663976 -1.82325
32043.5 -0.662642 -1.82062
32104.5 -0.661312 -1.818
32165.5 -0.659986 -1.81539
32226.6 -0.658664 -1.81278
32287.6 -0.657346 -1.81018
32348.6 -0.656032 -1.80759
32409.7 -0.654722 -1.80501
32470.7 -0.653416 -1.80243
32531.7 -0.652113 -1.79986
32592.8 -0.650815 -1.79731
32653.8 -0.64952 -1.79475
32714.8 -0.64823 -1.79221
32775.9 -0.646943 -1.78967
32836.9 -0.64566 -1.78714
32897.9 -0.64438 -1.78462
32959 -0.643105 -1.78211
33020 -0.641833 -1.7796
33081.1 -0.640565 -1.7771
33142.1 -0.6393 -1.77461
33203.1 -0.63804 -1.77212
33264.2 -0.636783 -1.76964
33325.2 -0.63553 -1.76717
33386.2 -0.63428 -1.76471
33447.3 -0.633034 -1.76225
33508.3 -0.631792 -1.7598
33569.3 -0.630553 -1.75736
33630.4 -0.629318 -1.75493
33691.4 -0.628086 -1.7525
33752.4 -0.626858 -1.75008
33813.5 -0.625634 -1.74766
33874.5 -0.624413 -1.74526
33935.5 -0.623195 -1.74286
33996.6 -0.621981 -1.74046
34057.6 -0.620771 -1.73808
34118.7 -0.619564 -1.7357
34179.7 -0.61836 -1.73332
34240.7 -0.61716 -1.73096
34301.8 -0.615963 -1.7286
34362.8 -0.61477 -1.72625
34423.8 -0.61358 -1.7239
34484.9 -0.612394 -1.72156
34545.9 -0.61121 -1.71923
34606.9 -0.610031 -1.7169
34668 -0.608854 -1.71458
34729 -0.607681 -1.71227
34790 -0.606511 -1.70997
34851.1 -0.605344 -1.70767
34912.1 -0.604181 -1.70537
34973.1 -0.603021 -1.70309
35034.2 -0.601864 -1.7008
35095.2 -0.600711 -1.69853
35156.2 -0.59956 -1.69626
35217.3 -0.598413 -1.694
35278.3 -0.597269 -1.69175
35339.4 -0.596128 -1.6895
35400.4 -0.594991 -1.68725
35461.4 -0.593856 -1.68502
35522.5 -0.592725 -1.68279
35583.5 -0.591597 -1.68056
35644.5 -0.590472 -1.67835
35705.6 -0.58935 -1.67613
35766.6 -0.588231 -1.67393
35827.6 -0.587115 -1.67173
35888.7 -0.586002 -1.66953
35949.7 -0.584892 -1.66735
36010.7 -0.583786 -1.66516
36071.8 -0.582682 -1.66299
36132.8 -0.581581 -1.66082
36193.8 -0.580484 -1.65866
36254.9 -0.579389 -1.6565
36315.9 -0.578297 -1.65434
36377 -0.577208 -1.6522
36438 -0.576123 -1.65006
36499 -0.57504 -1.64792
36560.1 -0.57396 -1.64579
36621.1 -0.572883 -1.64367
36682.1 -0.571809 -1.64155
36743.2 -0.570737 -1.63944
36804.2 -0.569669 -1.63734
36865.2 -0.568603 -1.63523
36926.3 -0.567541 -1.63314
36987.3 -0.566481 -1.63105
37048.3 -0.565424 -1.62897
37109.4 -0.564369 -1.62689
37170.4 -0.563318 -1.62482
37231.4 -0.562269 -1.62275
37292.5 -0.561223 -1.62069
37353.5 -0.56018 -1.61863
37414.6 -0.55914 -1.61658
37475.6 -0.558102 -1.61453
37536.6 -0.557068 -1.61249
37597.7 -0.556035 -1.61046
37658.7 -0.555006 -1.60843
37719.7 -0.553979 -1.60641
37780.8 -0.552955 -1.60439
37841.8 -0.551934 -1.60237
37902.8 -0.550915 -1.60036
37963.9 -0.549899 -1.59836
38024.9 -0.548886 -1.59636
38085.9 -0.547875 -1.59437
38147 -0.546867 -1.59238
38208 -0.545862 -1.5904
38269 -0.544859 -1.58842
38330.1 -0.543858 -1.58645
38391.1 -0.542861 -1.58449
38452.1 -0.541865 -1.58252
38513.2 -0.540873 -1.58057
38574.2 -0.539883 -1.57862
38635.3 -0.538895 -1.57667
38696.3 -0.53791 -1.57473
38757.3 -0.536928 -1.57279
38818.4 -0.535948 -1.57086
38879.4 -0.534971 -1.56893
38940.4 -0.533996 -1.56701
39001.5 -0.533023 -1.56509
39062.5 -0.532053 -1.56318
39123.5 -0.531086 -1.56127
39184.6 -0.530121 -1.55937
39245.6 -0.529158 -1.55747
39306.6 -0.528198 -1.55558
39367.7 -0.52724 -1.55369
39428.7 -0.526285 -1.55181
39489.7 -0.525332 -1.54993
39550.8 -0.524382 -1.54806
39611.8 -0.523434 -1.54619
39672.9 -0.522488 -1.54432
39733.9 -0.521544 -1.54246
39794.9 -0.520603 -1.54061
39856 -0.519665 -1.53876
39917 -0.518728 -1.53691
39978 -0.517794 -1.53507
40039.1 -0.516863 -1.53323
40100.1 -0.515933 -1.5314
40161.1 -0.515006 -1.52957
40222.2 -0.514082 -1.52775
40283.2 -0.513159 -1.52593
40344.2 -0.512239 -1.52412
40405.3 -0.511321 -1.52231
40466.3 -0.510406 -1.5205
40527.3 -0.509492 -1.5187
40588.4 -0.508581 -1.51691
40649.4 -0.507672 -1.51512
40710.4 -0.506765 -1.51333
40771.5 -0.505861 -1.51155
40832.5 -0.504959 -1.50977
40893.6 -0.504059 -1.50799
40954.6 -0.503161 -1.50622
41015.6 -0.502265 -1.50446
41076.7 -0.501372 -1.5027
41137.7 -0.50048 -1.50094
41198.7 -0.499591 -1.49919
41259.8 -0.498704 -1.49744
41320.8 -0.497819 -1.49569
41381.8 -0.496937 -1.49395
41442.9 -0.496056 -1.49222
41503.9 -0.495178 -1.49048
41564.9 -0.494301 -1.48876
41626 -0.493427 -1.48703
41687 -0.492555 -1.48531
41748 -0.491685 -1.4836
41809.1 -0.490817 -1.48189
41870.1 -0.489951 -1.48018
41931.2 -0.489087 -1.47848
41992.2 -0.488226 -1.47678
42053.2 -0.487366 -1.47508
42114.3 -0.486508 -1.47339
42175.3 -0.485653 -1.47171
42236.3 -0.484799 -1.47002
42297.4 -0.483947 -1.46835
42358.4 -0.483098 -1.46667
42419.4 -0.48225 -1.465
42480.5 -0.481405 -1.46333
42541.5 -0.480561 -1.46167
42602.5 -0.47972 -1.46001
42663.6 -0.47888 -1.45836
42724.6 -0.478042 -1.4567
42785.6 -0.477207 -1.45506
42846.7 -0.476373 -1.45341
42907.7 -0.475541 -1.45177
42968.8 -0.474711 -1.45014
43029.8 -0.473884 -1.44851
43090.8 -0.473058 -1.44688
43151.9 -0.472234 -1.44525
43212.9 -0.471411 -1.44363
43273.9 -0.470591 -1.44202
43335 -0.469773 -1.4404
43396 -0.468957 -1.43879
43457 -0.468142 -1.43719
43518.1 -0.467329 -1.43558
43579.1 -0.466519 -1.43399
43640.1 -0.46571 -1.43239
43701.2 -0.464903 -1.4308
43762.2 -0.464097 -1.42921
43823.2 -0.463294 -1.42763
43884.3 -0.462493 -1.42605
43945.3 -0.461693 -1.42447
44006.3 -0.460895 -1.4229
44067.4 -0.460099 -1.42133
44128.4 -0.459305 -1.41977
44189.5 -0.458512 -1.4182
44250.5 -0.457722 -1.41664
44311.5 -0.456933 -1.41509
44372.6 -0.456146 -1.41354
44433.6 -0.455361 -1.41199
44494.6 -0.454577 -1.41045
44555.7 -0.453796 -1.4089
44616.7 -0.453016 -1.40737
44677.7 -0.452238 -1.40583
44738.8 -0.451461 -1.4043
44799.8 -0.450686 -1.40278
44860.8 -0.449914 -1.40125
44921.9 -0.449142 -1.39973
44982.9 -0.448373 -1.39821
45043.9 -0.447605 -1.3967
45105 -0.446839 -1.39519
45166 -0.446075 -1.39368
45227.1 -0.445312 -1.39218
45288.1 -0.444551 -1.39068
45349.1 -0.443792 -1.38918
45410.2 -0.443034 -1.38769
45471.2 -0.442279 -1.3862
45532.2 -0.441524 -1.38471
45593.3 -0.440772 -1.38323
45654.3 -0.440021 -1.38175
45715.3 -0.439272 -1.38027
45776.4 -0.438524 -1.3788
45837.4 -0.437778 -1.37733
45898.4 -0.437034 -1.37586
45959.5 -0.436291 -1.3744
46020.5 -0.43555 -1.37294
46081.5 -0.434811 -1.37148
46142.6 -0.434073 -1.37002
46203.6 -0.433337 -1.36857
46264.6 -0.432602 -1.36712
46325.7 -0.431869 -1.36568
46386.7 -0.431138 -1.36424
46447.8 -0.430408 -1.3628
46508.8 -0.42968 -1.36136
46569.8 -0.428954 -1.35993
46630.9 -0.428228 -1.3585
46691.9 -0.427505 -1.35708
46752.9 -0.426783 -1.35565
46814 -0.426063 -1.35423
46875 -0.425344 -1.35282
46936 -0.424627 -1.3514
46997.1 -0.423911 -1.34999
47058.1 -0.423197 -1.34858
47119.1 -0.422484 -1.34718
47180.2 -0.421773 -1.34578
47241.2 -0.421064 -1.34438
47302.2 -0.420355 -1.34298
47363.3 -0.419649 -1.34159
47424.3 -0.418944 -1.3402
47485.4 -0.41824 -1.33881
47546.4 -0.417538 -1.33743
47607.4 -0.416838 -1.33605
47668.5 -0.416139 -1.33467
47729.5 -0.415441 -1.33329
47790.5 -0.414745 -1.33192
47851.6 -0.41405 -1.33055
47912.6 -0.413357 -1.32918
47973.6 -0.412665 -1.32782
48034.7 -0.411975 -1.32646
48095.7 -0.411286 -1.3251
48156.7 -0.410599 -1.32375
48217.8 -0.409913 -1.3224
48278.8 -0.409229 -1.32105
48339.8 -0.408545 -1.3197
48400.9 -0.407864 -1.31836
48461.9 -0.407184 -1.31701
48522.9 -0.406505 -1.31568
48584 -0.405828 -1.31434
48645 -0.405152 -1.31301
48706.1 -0.404477 -1.31168
48767.1 -0.403804 -1.31035
48828.1 -0.403132 -1.30903
48889.2 -0.402462 -1.30771
48950.2 -0.401793 -1.30639
49011.2 -0.401125 -1.30507
49072.3 -0.400459 -1.30376
49133.3 -0.399794 -1.30245
49194.3 -0.399131 -1.30114
49255.4 -0.398469 -1.29983
49316.4 -0.397808 -1.29853
49377.4 -0.397149 -1.29723
49438.5 -0.39649 -1.29593
49499.5 -0.395834 -1.29464
49560.5 -0.395178 -1.29335
49621.6 -0.394524 -1.29206
49682.6 -0.393872 -1.29077
49743.7 -0.39322 -1.28949
49804.7 -0.39257 -1.28821
49865.7 -0.391922 -1.28693
49926.8 -0.391274 -1.28565
49987.8 -0.390628 -1.28438
50048.8 -0.389984 -1.28311
50109.9 -0.38934 -1.28184
50170.9 -0.388698 -1.28057
50231.9 -0.388057 -1.27931
50293 -0.387418 -1.27805
50354 -0.386779 -1.27679
50415 -0.386142 -1.27553
50476.1 -0.385507 -1.27428
50537.1 -0.384872 -1.27303
50598.1 -0.384239 -1.27178
50659.2 -0.383607 -1.27054
50720.2 -0.382977 -1.26929
50781.2 -0.382347 -1.26805
50842.3 -0.381719 -1.26681
50903.3 -0.381092 -1.26558
50964.4 -0.380467 -1.26435
51025.4 -0.379842 -1.26311
51086.4 -0.379219 -1.26189
51147.5 -0.378597 -1.26066
51208.5 -0.377977 -1.25944
51269.5 -0.377357 -1.25822
51330.6 -0.376739 -1.257
51391.6 -0.376122 -1.25578
51452.6 -0.375506 -1.25457
51513.7 -0.374892 -1.25336
51574.7 -0.374279 -1.25215
51635.7 -0.373666 -1.25094
51696.8 -0.373055 -1.24974
51757.8 -0.372446 -1.24853
51818.8 -0.371837 -1.24733
51879.9 -0.37123 -1.24614
51940.9 -0.370624 -1.24494
52002 -0.370019 -1.24375
52063 -0.369415 -1.24256
52124 -0.368812 -1.24137
52185.1 -0.368211 -1.24018
52246.1 -0.367611 -1.239
52307.1 -0.367012 -1.23782
52368.2 -0.366414 -1.23664
52429.2 -0.365817 -1.23547
52490.2 -0.365221 -1.23429
52551.3 -0.364627 -1.23312
52612.3 -0.364034 -1.23195
52673.3 -0.363441 -1.23078
52734.4 -0.36285 -1.22962
52795.4 -0.36226 -1.22845
52856.4 -0.361672 -1.22729
52917.5 -0.361084 -1.22613
52978.5 -0.360498 -1.22498
53039.6 -0.359912 -1.22382
53100.6 -0.359328 -1.22267
53161.6 -0.358745 -1.22152
53222.7 -0.358163 -1.22038
53283.7 -0.357582 -1.21923
53344.7 -0.357002 -1.21809
53405.8 -0.356423 -1.21695
53466.8 -0.355846 -1.21581
53527.8 -0.355269 -1.21467
53588.9 -0.354694 -1.21354
53649.9 -0.35412 -1.21241
53710.9 -0.353546 -1.21128
53772 -0.352974 -1.21015
53833 -0.352403 -1.20902
53894 -0.351833 -1.2079
53955.1 -0.351264 -1.20678
54016.1 -0.350696 -1.20566
54077.1 -0.35013 -1.20454
54138.2 -0.349564 -1.20342
54199.2 -0.348999 -1.20231
54260.3 -0.348436 -1.2012
54321.3 -0.347873 -1.20009
54382.3 -0.347312 -1.19898
54443.4 -0.346751 -1.19788
54504.4 -0.346192 -1.19678
54565.4 -0.345634 -1.19568
54626.5 -0.345076 -1.19458
54687.5 -0.34452 -1.19348
54748.5 -0.343965 -1.19239
54809.6 -0.343411 -1.19129
54870.6 -0.342857 -1.1902
54931.6 -0.342305 -1.18911
54992.7 -0.341754 -1.18803
55053.7 -0.341204 -1.18694
55114.7 -0.340655 -1.18586
55175.8 -0.340107 -1.18478
55236.8 -0.33956 -1.1837
55297.9 -0.339014 -1.18263
55358.9 -0.338469 -1.18155
55419.9 -0.337925 -1.18048
55481 -0.337382 -1.17941
55542 -0.33684 -1.17834
55603 -0.336298 -1.17727
55664.1 -0.335758 -1.17621
55725.1 -0.335219 -1.17515
55786.1 -0.334681 -1.17408
55847.2 -0.334144 -1.17303
55908.2 -0.333608 -1.17197
55969.2 -0.333073 -1.17091
56030.3 -0.332539 -1.16986
56091.3 -0.332005 -1.16881
56152.3 -0.331473 -1.16776
56213.4 -0.330942 -1.16671
56274.4 -0.330411 -1.16567
56335.4 -0.329882 -1.16462
56396.5 -0.329354 -1.16358
56457.5 -0.328826 -1.16254
56518.6 -0.3283 -1.1615
56579.6 -0.327774 -1.16047
56640.6 -0.327249 -1.15943
56701.7 -0.326726 -1.1584
56762.7 -0.326203 -1.15737
56823.7 -0.325681 -1.15634
56884.8 -0.32516 -1.15532
56945.8 -0.32464 -1.15429
57006.8 -0.324121 -1.15327
57067.9 -0.323603 -1.15225
57128.9 -0.323086 -1.15123
57189.9 -0.32257 -1.15021
57251 -0.322055 -1.14919
57312 -0.32154 -1.14818
57373 -0.321027 -1.14717
57434.1 -0.320514 -1.14616
57495.1 -0.320002 -1.14515
57556.2 -0.319492 -1.14414
57617.2 -0.318982 -1.14314
57678.2 -0.318473 -1.14213
57739.3 -0.317965 -1.14113
57800.3 -0.317458 -1.14013
57861.3 -0.316951 -1.13913
57922.4 -0.316446 -1.13814
57983.4 -0.315941 -1.13714
58044.4 -0.315438 -1.13615
58105.5 -0.314935 -1.13516
58166.5 -0.314433 -1.13417
58227.5 -0.313932 -1.13318
58288.6 -0.313432 -1.13219
58349.6 -0.312933 -1.13121
58410.6 -0.312435 -1.13023
58471.7 -0.311937 -1.12925
58532.7 -0.31144 -1.12827
58593.8 -0.310945 -1.12729
58654.8 -0.31045 -1.12632
58715.8 -0.309956 -1.12534
58776.9 -0.309463 -1.12437
58837.9 -0.30897 -1.1234
58898.9 -0.308479 -1.12243
58960 -0.307988 -1.12146
59021 -0.307498 -1.1205
59082 -0.307009 -1.11953
59143.1 -0.306521 -1.11857
59204.1 -0.306034 -1.11761
59265.1 -0.305548 -1.11665
59326.2 -0.305062 -1.11569
59387.2 -0.304577 -1.11474
59448.2 -0.304093 -1.11378
59509.3 -0.30361 -1.11283
59570.3 -0.303128 -1.11188
59631.3 -0.302647 -1.11093
59692.4 -0.302166 -1.10998
59753.4 -0.301686 -1.10904
59814.5 -0.301207 -1.10809
59875.5 -0.300729 -1.10715
59936.5 -0.300252 -1.10621
59997.6 -0.299775 -1.10527
60058.6 -0.299299 -1.10433
60119.6 -0.298824 -1.1034
60180.7 -0.29835 -1.10246
60241.7 -0.297877 -1.10153
60302.7 -0.297404 -1.1006
60363.8 -0.296933 -1.09967
60424.8 -0.296462 -1.09874
60485.8 -0.295992 -1.09781
60546.9 -0.295522 -1.09689
60607.9 -0.295054 -1.09596
60668.9 -0.294586 -1.09504
60730 -0.294119 -1.09412
60791 -0.293653 -1.0932
60852.1 -0.293187 -1.09228
60913.1 -0.292723 -1.09137
60974.1 -0.292259 -1.09045
61035.2 -0.291796 -1.08954
61096.2 -0.291333 -1.08863
61157.2 -0.290872 -1.08772
61218.3 -0.290411 -1.08681
61279.3 -0.289951 -1.0859
61340.3 -0.289492 -1.085
61401.4 -0.289033 -1.08409
61462.4 -0.288575 -1.08319
61523.4 -0.288118 -1.08229
61584.5 -0.287662 -1.08139
61645.5 -0.287207 -1.08049
61706.5 -0.286752 -1.0796
61767.6 -0.286298 -1.0787
61828.6 -0.285845 -1.07781
61889.6 -0.285392 -1.07692
61950.7 -0.284941 -1.07603
62011.7 -0.28449 -1.07514
62072.8 -0.284039 -1.07425
62133.8 -0.28359 -1.07336
62194.8 -0.283141 -1.07248
62255.9 -0.282693 -1.0716
62316.9 -0.282246 -1.07071
62377.9 -0.281799 -1.06983
62439 -0.281353 -1.06896
62500 -0.280908 -1.06808
62561 -0.280464 -1.0672
62622.1 -0.28002 -1.06633
62683.1 -0.279577 -1.06545
62744.1 -0.279135 -1.06458
62805.2 -0.278693 -1.06371
62866.2 -0.278253 -1.06284
62927.2 -0.277812 -1.06197
62988.3 -0.277373 -1.06111
63049.3 -0.276934 -1.06024
63110.4 -0.276496 -1.05938
63171.4 -0.276059 -1.05852
63232.4 -0.275623 -1.05766
63293.5 -0.275187 -1.0568
63354.5 -0.274752 -1.05594
63415.5 -0.274317 -1.05508
63476.6 -0.273883 -1.05423
63537.6 -0.27345 -1.05338
63598.6 -0.273018 -1.05252
63659.7 -0.272586 -1.05167
63720.7 -0.272155 -1.05082
63781.7 -0.271725 -1.04997
63842.8 -0.271295 -1.04913
63903.8 -0.270866 -1.04828
63964.8 -0.270438 -1.04744
64025.9 -0.270011 -1.04659
64086.9 -0.269584 -1.04575
64147.9 -0.269158 -1.04491
64209 -0.268732 -1.04407
64270 -0.268307 -1.04324
64331.1 -0.267883 -1.0424
64392.1 -0.267459 -1.04156
64453.1 -0.267037 -1.04073
64514.2 -0.266614 -1.0399
64575.2 -0.266193 -1.03907
64636.2 -0.265772 -1.03824
64697.3 -0.265352 -1.03741
64758.3 -0.264932 -1.03658
64819.3 -0.264513 -1.03576
64880.4 -0.264095 -1.03493
64941.4 -0.263678 -1.03411
65002.4 -0.263261 -1.03329
65063.5 -0.262844 -1.03247
65124.5 -0.262429 -1.03165
65185.5 -0.262014 -1.03083
65246.6 -0.261599 -1.03001
65307.6 -0.261186 -1.0292
65368.7 -0.260773 -1.02838
65429.7 -0.26036 -1.02757
65490.7 -0.259949 -1.02676
65551.8 -0.259538 -1.02595
65612.8 -0.259127 -1.02514
65673.8 -0.258717 -1.02433
65734.9 -0.258308 -1.02352
65795.9 -0.257899 -1.02272
65856.9 -0.257492 -1.02191
65918 -0.257084 -1.02111
65979 -0.256678 -1.02031
66040 -0.256271 -1.01951
66101.1 -0.255866 -1.01871
66162.1 -0.255461 -1.01791
66223.1 -0.255057 -1.01712
66284.2 -0.254653 -1.01632
66345.2 -0.254251 -1.01553
66406.2 -0.253848 -1.01473
66467.3 -0.253446 -1.01394
66528.3 -0.253045 -1.01315
66589.4 -0.252645 -1.01236
66650.4 -0.252245 -1.01157
66711.4 -0.251846 -1.01078
66772.5 -0.251447 -1.01
66833.5 -0.251049 -1.00921
66894.5 -0.250652 -1.00843
66955.6 -0.250255 -1.00765
67016.6 -0.249858 -1.00687
67077.6 -0.249463 -1.00609
67138.7 -0.249068 -1.00531
67199.7 -0.248673 -1.00453
67260.7 -0.248279 -1.00375
67321.8 -0.247886 -1.00298
67382.8 -0.247494 -1.0022
67443.8 -0.247101 -1.00143
67504.9 -0.24671 -1.00066
67565.9 -0.246319 -0.999889
67627 -0.245929 -0.99912
67688 -0.245539 -0.998351
67749 -0.24515 -0.997584
67810.1 -0.244761 -0.996818
67871.1 -0.244373 -0.996053
67932.1 -0.243986 -0.99529
67993.2 -0.243599 -0.994527
68054.2 -0.243213 -0.993766
68115.2 -0.242827 -0.993005
68176.3 -0.242442 -0.992246
68237.3 -0.242058 -0.991488
68298.3 -0.241674 -0.990731
68359.4 -0.24129 -0.989975
68420.4 -0.240907 -0.989221
68481.4 -0.240525 -0.988467
68542.5 -0.240143 -0.987715
68603.5 -0.239762 -0.986963
68664.6 -0.239382 -0.986213
68725.6 -0.239002 -0.985464
68786.6 -0.238622 -0.984716
68847.7 -0.238244 -0.983969
68908.7 -0.237865 -0.983223
68969.7 -0.237487 -0.982479
69030.8 -0.23711 -0.981735
69091.8 -0.236734 -0.980993
69152.8 -0.236358 -0.980251
69213.9 -0.235982 -0.979511
69274.9 -0.235607 -0.978772
69335.9 -0.235233 -0.978033
69397 -0.234859 -0.977296
69458 -0.234485 -0.97656
69519 -0.234112 -0.975825
69580.1 -0.23374 -0.975091
69641.1 -0.233368 -0.974359
69702.1 -0.232997 -0.973627
69763.2 -0.232627 -0.972896
69824.2 -0.232257 -0.972167
69885.3 -0.231887 -0.971438
69946.3 -0.231518 -0.970711
70007.3 -0.231149 -0.969984
70068.4 -0.230782 -0.969259
70129.4 -0.230414 -0.968534
70190.4 -0.230047 -0.967811
70251.5 -0.229681 -0.967089
70312.5 -0.229315 -0.966368
70373.5 -0.22895 -0.965647
70434.6 -0.228585 -0.964928
70495.6 -0.228221 -0.96421
70556.6 -0.227857 -0.963493
70617.7 -0.227494 -0.962777
70678.7 -0.227131 -0.962062
70739.7 -0.226769 -0.961348
70800.8 -0.226407 -0.960635
70861.8 -0.226046 -0.959923
70922.9 -0.225685 -0.959212
70983.9 -0.225325 -0.958502
71044.9 -0.224966 -0.957793
71106 -0.224606 -0.957085
71167 -0.224248 -0.956378
71228 -0.22389 -0.955672
71289.1 -0.223532 -0.954968
71350.1 -0.223175 -0.954264
71411.1 -0.222819 -0.953561
71472.2 -0.222463 -0.952859
71533.2 -0.222107 -0.952158
71594.2 -0.221752 -0.951458
71655.3 -0.221397 -0.950759
71716.3 -0.221043 -0.950061
71777.3 -0.22069 -0.949364
71838.4 -0.220337 -0.948668
71899.4 -0.219984 -0.947973
71960.4 -0.219632 -0.947279
72021.5 -0.219281 -0.946586
72082.5 -0.21893 -0.945894
72143.6 -0.218579 -0.945203
72204.6 -0.218229 -0.944513
72265.6 -0.217879 -0.943824
72326.7 -0.21753 -0.943135
72387.7 -0.217182 -0.942448
72448.7 -0.216834 -0.941762
72509.8 -0.216486 -0.941077
72570.8 -0.216139 -0.940392
72631.8 -0.215792 -0.939709
72692.9 -0.215446 -0.939026
72753.9 -0.2151 -0.938345
72814.9 -0.214755 -0.937664
72876 -0.21441 -0.936985
72937 -0.214066 -0.936306
72998 -0.213722 -0.935628
73059.1 -0.213379 -0.934951
73120.1 -0.213036 -0.934275
73181.2 -0.212694 -0.9336
73242.2 -0.212352 -0.932926
73303.2 -0.21201 -0.932253
73364.3 -0.211669 -0.931581
73425.3 -0.211329 -0.93091
73486.3 -0.210989 -0.93024
73547.4 -0.210649 -0.92957
73608.4 -0.21031 -0.928902
73669.4 -0.209971 -0.928234
73730.5 -0.209633 -0.927568
73791.5 -0.209296 -0.926902
73852.5 -0.208958 -0.926237
73913.6 -0.208622 -0.925573
73974.6 -0.208285 -0.92491
74035.6 -0.207949 -0.924248
74096.7 -0.207614 -0.923587
74157.7 -0.207279 -0.922926
74218.8 -0.206945 -0.922267
74279.8 -0.206611 -0.921608
74340.8 -0.206277 -0.920951
74401.9 -0.205944 -0.920294
74462.9 -0.205611 -0.919638
74523.9 -0.205279 -0.918983
74585 -0.204947 -0.918329
74646 -0.204616 -0.917676
74707 -0.204285 -0.917024
74768.1 -0.203955 -0.916372
74829.1 -0.203625 -0.915722
74890.1 -0.203295 -0.915072
74951.2 -0.202966 -0.914423
75012.2 -0.202637 -0.913775
75073.2 -0.202309 -0.913128
75134.3 -0.201981 -0.912482
75195.3 -0.201654 -0.911837
75256.3 -0.201327 -0.911192
75317.4 -0.201 -0.910549
75378.4 -0.200674 -0.909906
75439.5 -0.200349 -0.909264
75500.5 -0.200024 -0.908623
75561.5 -0.199699 -0.907983
75622.6 -0.199375 -0.907344
75683.6 -0.199051 -0.906705
75744.6 -0.198727 -0.906068
75805.7 -0.198404 -0.905431
75866.7 -0.198082 -0.904795
75927.7 -0.19776 -0.90416
75988.8 -0.197438 -0.903526
76049.8 -0.197117 -0.902892
76110.8 -0.196796 -0.90226
76171.9 -0.196475 -0.901628
76232.9 -0.196155 -0.900997
76293.9 -0.195836 -0.900367
76355 -0.195517 -0.899738
76416 -0.195198 -0.89911
76477.1 -0.194879 -0.898482
76538.1 -0.194562 -0.897855
76599.1 -0.194244 -0.897229
76660.2 -0.193927 -0.896604
76721.2 -0.19361 -0.89598
76782.2 -0.193294 -0.895356
76843.3 -0.192978 -0.894734
76904.3 -0.192663 -0.894112
76965.3 -0.192348 -0.893491
77026.4 -0.192033 -0.892871
77087.4 -0.191719 -0.892251
77148.4 -0.191405 -0.891633
77209.5 -0.191092 -0.891015
77270.5 -0.190779 -0.890398
77331.5 -0.190466 -0.889782
77392.6 -0.190154 -0.889166
77453.6 -0.189842 -0.888552
77514.6 -0.189531 -0.887938
77575.7 -0.18922 -0.887325
77636.7 -0.188909 -0.886713
77697.8 -0.188599 -0.886101
77758.8 -0.18829 -0.885491
77819.8 -0.18798 -0.884881
77880.9 -0.187671 -0.884272
77941.9 -0.187363 -0.883664
78002.9 -0.187055 -0.883056
78064 -0.186747 -0.88245
78125 -0.18644 -0.881844
78186 -0.186133 -0.881238
78247.1 -0.185826 -0.880634
78308.1 -0.18552 -0.880031
78369.1 -0.185214 -0.879428
78430.2 -0.184909 -0.878826
78491.2 -0.184604 -0.878224
78552.2 -0.184299 -0.877624
78613.3 -0.183995 -0.877024
78674.3 -0.183691 -0.876425
78735.4 -0.183388 -0.875827
78796.4 -0.183084 -0.87523
78857.4 -0.182782 -0.874633
78918.5 -0.182479 -0.874037
78979.5 -0.182178 -0.873442
79040.5 -0.181876 -0.872847
79101.6 -0.181575 -0.872254
79162.6 -0.181274 -0.871661
79223.6 -0.180974 -0.871069
79284.7 -0.180674 -0.870477
79345.7 -0.180374 -0.869886
79406.7 -0.180075 -0.869297
79467.8 -0.179776 -0.868707
79528.8 -0.179478 -0.868119
79589.8 -0.179179 -0.867531
79650.9 -0.178882 -0.866944
79711.9 -0.178584 -0.866358
79772.9 -0.178287 -0.865773
79834 -0.177991 -0.865188
79895 -0.177694 -0.864604
79956.1 -0.177399 -0.864021
80017.1 -0.177103 -0.863438
80078.1 -0.176808 -0.862856
80139.2 -0.176513 -0.862275
80200.2 -0.176219 -0.861695
80261.2 -0.175925 -0.861115
80322.3 -0.175631 -0.860536
80383.3 -0.175338 -0.859958
80444.3 -0.175045 -0.85938
80505.4 -0.174752 -0.858804
80566.4 -0.17446 -0.858227
80627.4 -0.174168 -0.857652
80688.5 -0.173877 -0.857077
80749.5 -0.173586 -0.856504
80810.5 -0.173295 -0.85593
80871.6 -0.173004 -0.855358
80932.6 -0.172714 -0.854786
80993.7 -0.172425 -0.854215
81054.7 -0.172135 -0.853645
81115.7 -0.171846 -0.853075
81176.8 -0.171558 -0.852506
81237.8 -0.171269 -0.851938
81298.8 -0.170982 -0.85137
81359.9 -0.170694 -0.850803
81420.9 -0.170407 -0.850237
81481.9 -0.17012 -0.849671
81543 -0.169833 -0.849107
81604 -0.169547 -0.848543
81665 -0.169261 -0.847979
81726.1 -0.168976 -0.847416
81787.1 -0.168691 -0.846854
81848.1 -0.168406 -0.846293
81909.2 -0.168122 -0.845732
81970.2 -0.167838 -0.845172
82031.2 -0.167554 -0.844613
82092.3 -0.167271 -0.844054
82153.3 -0.166988 -0.843496
82214.4 -0.166705 -0.842939
82275.4 -0.166422 -0.842382
82336.4 -0.16614 -0.841826
82397.5 -0.165859 -0.841271
82458.5 -0.165577 -0.840717
82519.5 -0.165297 -0.840163
82580.6 -0.165016 -0.839609
82641.6 -0.164736 -0.839057
82702.6 -0.164456 -0.838505
82763.7 -0.164176 -0.837954
82824.7 -0.163897 -0.837403
82885.7 -0.163618 -0.836853
82946.8 -0.163339 -0.836304
83007.8 -0.163061 -0.835755
83068.8 -0.162783 -0.835207
83129.9 -0.162505 -0.83466
83190.9 -0.162228 -0.834113
83252 -0.161951 -0.833567
83313 -0.161674 -0.833022
83374 -0.161398 -0.832477
83435.1 -0.161122 -0.831933
83496.1 -0.160846 -0.83139
83557.1 -0.160571 -0.830847
83618.2 -0.160296 -0.830305
83679.2 -0.160021 -0.829764
83740.2 -0.159747 -0.829223
83801.3 -0.159473 -0.828683
83862.3 -0.159199 -0.828143
83923.3 -0.158926 -0.827604
83984.4 -0.158653 -0.827066
84045.4 -0.15838 -0.826528
84106.4 -0.158108 -0.825991
84167.5 -0.157836 -0.825455
84228.5 -0.157564 -0.824919
84289.6 -0.157293 -0.824384
84350.6 -0.157022 -0.82385
84411.6 -0.156751 -0.823316
84472.7 -0.15648 -0.822783
84533.7 -0.15621 -0.82225
84594.7 -0.15594 -0.821718
84655.8 -0.155671 -0.821187
84716.8 -0.155402 -0.820656
84777.8 -0.155133 -0.820126
84838.9 -0.154864 -0.819597
84899.9 -0.154596 -0.819068
84960.9 -0.154328 -0.81854
85022 -0.15406 -0.818012
85083 -0.153793 -0.817485
85144 -0.153526 -0.816959
85205.1 -0.153259 -0.816433
85266.1 -0.152993 -0.815908
85327.1 -0.152727 -0.815383
85388.2 -0.152461 -0.814859
85449.2 -0.152196 -0.814336
85510.3 -0.15193 -0.813813
85571.3 -0.151666 -0.813291
85632.3 -0.151401 -0.81277
85693.4 -0.151137 -0.812249
85754.4 -0.150873 -0.811728
85815.4 -0.150609 -0.811209
85876.5 -0.150346 -0.81069
85937.5 -0.150083 -0.810171
85998.5 -0.14982 -0.809653
86059.6 -0.149558 -0.809136
86120.6 -0.149296 -0.808619
86181.6 -0.149034 -0.808103
86242.7 -0.148772 -0.807587
86303.7 -0.148511 -0.807072
86364.7 -0.14825 -0.806558
86425.8 -0.14799 -0.806044
86486.8 -0.147729 -0.805531
86547.9 -0.147469 -0.805019
86608.9 -0.14721 -0.804507
86669.9 -0.14695 -0.803995
86731 -0.146691 -0.803484
86792 -0.146432 -0.802974
86853 -0.146174 -0.802464
86914.1 -0.145916 -0.801955
86975.1 -0.145658 -0.801447
87036.1 -0.1454 -0.800939
87097.2 -0.145143 -0.800432
87158.2 -0.144885 -0.799925
87219.2 -0.144629 -0.799419
87280.3 -0.144372 -0.798913
87341.3 -0.144116 -0.798408
87402.3 -0.14386 -0.797903
87463.4 -0.143604 -0.797399
87524.4 -0.143349 -0.796896
87585.4 -0.143094 -0.796393
87646.5 -0.142839 -0.795891
87707.5 -0.142585 -0.795389
87768.6 -0.142331 -0.794888
87829.6 -0.142077 -0.794388
87890.6 -0.141823 -0.793888
87951.7 -0.14157 -0.793388
88012.7 -0.141317 -0.792889
88073.7 -0.141064 -0.792391
88134.8 -0.140812 -0.791893
88195.8 -0.140559 -0.791396
88256.8 -0.140307 -0.7909
88317.9 -0.140056 -0.790404
88378.9 -0.139804 -0.789908
88439.9 -0.139553 -0.789413
88501 -0.139303 -0.788919
88562 -0.139052 -0.788425
88623 -0.138802 -0.787932
88684.1 -0.138552 -0.787439
88745.1 -0.138302 -0.786947
88806.2 -0.138053 -0.786455
88867.2 -0.137804 -0.785964
88928.2 -0.137555 -0.785473
88989.3 -0.137306 -0.784983
89050.3 -0.137058 -0.784494
89111.3 -0.13681 -0.784005
89172.4 -0.136562 -0.783516
89233.4 -0.136315 -0.783028
89294.4 -0.136067 -0.782541
89355.5 -0.13582 -0.782054
89416.5 -0.135574 -0.781568
89477.5 -0.135327 -0.781082
89538.6 -0.135081 -0.780597
89599.6 -0.134835 -0.780112
89660.6 -0.13459 -0.779628
89721.7 -0.134345 -0.779144
89782.7 -0.134099 -0.778661
89843.8 -0.133855 -0.778179
89904.8 -0.13361 -0.777697
89965.8 -0.133366 -0.777215
90026.9 -0.133122 -0.776734
90087.9 -0.132878 -0.776254
90148.9 -0.132635 -0.775774
90210 -0.132392 -0.775294
90271 -0.132149 -0.774816
90332 -0.131906 -0.774337
90393.1 -0.131664 -0.773859
90454.1 -0.131421 -0.773382
90515.1 -0.13118 -0.772905
90576.2 -0.130938 -0.772429
90637.2 -0.130697 -0.771953
90698.2 -0.130456 -0.771478
90759.3 -0.130215 -0.771003
90820.3 -0.129974 -0.770529
90881.3 -0.129734 -0.770055
90942.4 -0.129494 -0.769582
91003.4 -0.129254 -0.769109
91064.5 -0.129015 -0.768637
91125.5 -0.128775 -0.768165
91186.5 -0.128536 -0.767694
91247.6 -0.128297 -0.767223
91308.6 -0.128059 -0.766753
91369.6 -0.127821 -0.766284
91430.7 -0.127583 -0.765814
91491.7 -0.127345 -0.765346
91552.7 -0.127108 -0.764878
91613.8 -0.12687 -0.76441
91674.8 -0.126633 -0.763943
91735.8 -0.126397 -0.763476
91796.9 -0.12616 -0.76301
91857.9 -0.125924 -0.762544
91918.9 -0.125688 -0.762079
91980 -0.125452 -0.761614
92041 -0.125217 -0.76115
92102.1 -0.124982 -0.760686
92163.1 -0.124747 -0.760223
92224.1 -0.124512 -0.75976
92285.2 -0.124277 -0.759298
92346.2 -0.124043 -0.758836
92407.2 -0.123809 -0.758375
92468.3 -0.123575 -0.757914
92529.3 -0.123342 -0.757454
92590.3 -0.123109 -0.756994
92651.4 -0.122876 -0.756535
92712.4 -0.122643 -0.756076
92773.4 -0.12241 -0.755618
92834.5 -0.122178 -0.75516
92895.5 -0.121946 -0.754703
92956.5 -0.121714 -0.754246
93017.6 -0.121483 -0.753789
93078.6 -0.121252 -0.753333
93139.6 -0.121021 -0.752878
93200.7 -0.12079 -0.752423
93261.7 -0.120559 -0.751968
93322.8 -0.120329 -0.751514
93383.8 -0.120099 -0.751061
93444.8 -0.119869 -0.750608
93505.9 -0.119639 -0.750155
93566.9 -0.11941 -0.749703
93627.9 -0.119181 -0.749251
93689 -0.118952 -0.7488
93750 -0.118723 -0.748349
93811 -0.118495 -0.747899
93872.1 -0.118267 -0.747449
93933.1 -0.118039 -0.747
93994.1 -0.117811 -0.746551
94055.2 -0.117584 -0.746102
94116.2 -0.117356 -0.745654
94177.2 -0.117129 -0.745207
94238.3 -0.116903 -0.74476
94299.3 -0.116676 -0.744313
94360.4 -0.11645 -0.743867
94421.4 -0.116224 -0.743422
94482.4 -0.115998 -0.742976
94543.5 -0.115772 -0.742532
94604.5 -0.115547 -0.742087
94665.5 -0.115322 -0.741644
94726.6 -0.115097 -0.7412
94787.6 -0.114872 -0.740757
94848.6 -0.114648 -0.740315
94909.7 -0.114424 -0.739873
94970.7 -0.1142 -0.739431
95031.7 -0.113976 -0.73899
95092.8 -0.113752 -0.738549
95153.8 -0.113529 -0.738109
95214.8 -0.113306 -0.73767
95275.9 -0.113083 -0.73723
95336.9 -0.112861 -0.736791
95397.9 -0.112638 -0.736353
95459 -0.112416 -0.735915
95520 -0.112194 -0.735477
95581.1 -0.111972 -0.73504
95642.1 -0.111751 -0.734604
95703.1 -0.11153 -0.734167
95764.2 -0.111309 -0.733732
95825.2 -0.111088 -0.733296
95886.2 -0.110867 -0.732862
95947.3 -0.110647 -0.732427
96008.3 -0.110427 -0.731993
96069.3 -0.110207 -0.731559
96130.4 -0.109987 -0.731126
96191.4 -0.109767 -0.730694
96252.4 -0.109548 -0.730261
96313.5 -0.109329 -0.72983
96374.5 -0.10911 -0.729398
96435.5 -0.108892 -0.728967
96496.6 -0.108673 -0.728537
96557.6 -0.108455 -0.728107
96618.7 -0.108237 -0.727677
96679.7 -0.108019 -0.727248
96740.7 -0.107802 -0.726819
96801.8 -0.107585 -0.72639
96862.8 -0.107368 -0.725962
96923.8 -0.107151 -0.725535
96984.9 -0.106934 -0.725108
97045.9 -0.106718 -0.724681
97106.9 -0.106501 -0.724255
97168 -0.106285 -0.723829
97229 -0.10607 -0.723404
97290 -0.105854 -0.722979
97351.1 -0.105639 -0.722554
97412.1 -0.105423 -0.72213
97473.1 -0.105208 -0.721706
97534.2 -0.104994 -0.721283
97595.2 -0.104779 -0.72086
97656.2 -0.104565 -0.720438
97717.3 -0.104351 -0.720015
97778.3 -0.104137 -0.719594
97839.4 -0.103923 -0.719173
97900.4 -0.10371 -0.718752
97961.4 -0.103497 -0.718331
98022.5 -0.103284 -0.717911
98083.5 -0.103071 -0.717492
98144.5 -0.102858 -0.717073
98205.6 -0.102646 -0.716654
98266.6 -0.102433 -0.716236
98327.6 -0.102221 -0.715818
98388.7 -0.10201 -0.7154
98449.7 -0.101798 -0.714983
98510.7 -0.101587 -0.714566
98571.8 -0.101375 -0.71415
98632.8 -0.101165 -0.713734
98693.8 -0.100954 -0.713319
98754.9 -0.100743 -0.712903
98815.9 -0.100533 -0.712489
98877 -0.100323 -0.712074
98938 -0.100113 -0.711661
98999 -0.099903 -0.711247
99060.1 -0.0996935 -0.710834
99121.1 -0.0994841 -0.710421
99182.1 -0.099275 -0.710009
99243.2 -0.0990661 -0.709597
99304.2 -0.0988573 -0.709186
99365.2 -0.0986488 -0.708775
99426.3 -0.0984405 -0.708364
99487.3 -0.0982323 -0.707954
99548.3 -0.0980244 -0.707544
99609.4 -0.0978167 -0.707134
99670.4 -0.0976092 -0.706725
99731.4 -0.0974018 -0.706316
99792.5 -0.0971947 -0.705908
99853.5 -0.0969878 -0.7055
99914.6 -0.096781 -0.705093
99975.6 -0.0965745 -0.704685
100037 -0.0963682 -0.704279
100098 -0.096162 -0.703872
100159 -0.0959561 -0.703466
100220 -0.0957504 -0.703061
100281 -0.0955448 -0.702655
100342 -0.0953394 -0.702251
100403 -0.0951343 -0.701846
100464 -0.0949293 -0.701442
100525 -0.0947246 -0.701038
100586 -0.09452 -0.700635
100647 -0.0943156 -0.700232
100708 -0.0941114 -0.69983
100769 -0.0939074 -0.699428
100830 -0.0937036 -0.699026
100891 -0.0935 -0.698624
100952 -0.0932966 -0.698223
101013 -0.0930934 -0.697823
101074 -0.0928904 -0.697422
101135 -0.0926875 -0.697023
101196 -0.0924849 -0.696623
101257 -0.0922824 -0.696224
101318 -0.0920801 -0.695825
101379 -0.0918781 -0.695427
101440 -0.0916762 -0.695029
101501 -0.0914745 -0.694631
101562 -0.091273 -0.694234
101624 -0.0910717 -0.693837
101685 -0.0908705 -0.693441
101746 -0.0906696 -0.693045
101807 -0.0904688 -0.692649
101868 -0.0902683 -0.692253
101929 -0.0900679 -0.691858
101990 -0.0898677 -0.691464
102051 -0.0896677 -0.691069
102112 -0.0894679 -0.690675
102173 -0.0892683 -0.690282
102234 -0.0890688 -0.689889
102295 -0.0888695 -0.689496
102356 -0.0886705 -0.689103
102417 -0.0884716 -0.688711
102478 -0.0882729 -0.68832
102539 -0.0880743 -0.687928
102600 -0.087876 -0.687537
102661 -0.0876778 -0.687147
102722 -0.0874799 -0.686756
102783 -0.0872821 -0.686366
102844 -0.0870845 -0.685977
102905 -0.0868871 -0.685588
102966 -0.0866898 -0.685199
103027 -0.0864927 -0.68481
103088 -0.0862959 -0.684422
103149 -0.0860992 -0.684034
103210 -0.0859026 -0.683647
103271 -0.0857063 -0.68326
103333 -0.0855102 -0.682873
103394 -0.0853142 -0.682487
103455 -0.0851184 -0.682101
103516 -0.0849228 -0.681715
103577 -0.0847273 -0.68133
103638 -0.084532 -0.680945
103699 -0.084337 -0.68056
103760 -0.0841421 -0.680176
103821 -0.0839473 -0.679792
103882 -0.0837528 -0.679409
103943 -0.0835584 -0.679026
104004 -0.0833642 -0.678643
104065 -0.0831702 -0.67826
104126 -0.0829763 -0.677878
104187 -0.0827827 -0.677496
104248 -0.0825892 -0.677115
104309 -0.0823959 -0.676734
104370 -0.0822027 -0.676353
104431 -0.0820097 -0.675973
104492 -0.0818169 -0.675593
104553 -0.0816243 -0.675213
104614 -0.0814319 -0.674833
104675 -0.0812396 -0.674454
104736 -0.0810475 -0.674076
104797 -0.0808556 -0.673697
104858 -0.0806638 -0.673319
104919 -0.0804722 -0.672942
104980 -0.0802808 -0.672564
105042 -0.0800896 -0.672187
105103 -0.0798985 -0.671811
105164 -0.0797076 -0.671434
105225 -0.0795169 -0.671058
105286 -0.0793264 -0.670683
105347 -0.079136 -0.670307
105408 -0.0789458 -0.669932
105469 -0.0787557 -0.669558
105530 -0.0785658 -0.669183
105591 -0.0783761 -0.668809
105652 -0.0781866 -0.668436
105713 -0.0779972 -0.668062
105774 -0.077808 -0.667689
105835 -0.077619 -0.667317
105896 -0.0774301 -0.666944
105957 -0.0772414 -0.666572
106018 -0.0770529 -0.666201
106079 -0.0768645 -0.66583
106140 -0.0766764 -0.665458
106201 -0.0764883 -0.665088
106262 -0.0763005 -0.664717
106323 -0.0761128 -0.664347
106384 -0.0759252 -0.663978
106445 -0.0757379 -0.663608
106506 -0.0755507 -0.663239
106567 -0.0753636 -0.662871
106628 -0.0751768 -0.662502
106689 -0.0749901 -0.662134
106750 -0.0748035 -0.661766
106812 -0.0746171 -0.661399
106873 -0.0744309 -0.661032
106934 -0.0742449 -0.660665
106995 -0.074059 -0.660299
107056 -0.0738732 -0.659932
107117 -0.0736877 -0.659567
107178 -0.0735023 -0.659201
107239 -0.073317 -0.658836
107300 -0.0731319 -0.658471
107361 -0.072947 -0.658107
107422 -0.0727623 -0.657742
107483 -0.0725777 -0.657378
107544 -0.0723932 -0.657015
107605 -0.072209 -0.656652
107666 -0.0720248 -0.656289
107727 -0.0718409 -0.655926
107788 -0.0716571 -0.655564
107849 -0.0714735 -0.655202
107910 -0.07129 -0.65484
107971 -0.0711067 -0.654478
108032 -0.0709235 -0.654117
108093 -0.0707405 -0.653757
108154 -0.0705576 -0.653396
108215 -0.070375 -0.653036
108276 -0.0701924 -0.652676
108337 -0.07001 -0.652317
108398 -0.0698278 -0.651957
108459 -0.0696458 -0.651599
108521 -0.0694639 -0.65124
108582 -0.0692821 -0.650882
108643 -0.0691005 -0.650524
108704 -0.0689191 -0.650166
108765 -0.0687378 -0.649809
108826 -0.0685567 -0.649452
108887 -0.0683757 -0.649095
108948 -0.0681949 -0.648738
109009 -0.0680142 -0.648382
109070 -0.0678337 -0.648026
109131 -0.0676534 -0.647671
109192 -0.0674732 -0.647315
109253 -0.0672931 -0.646961
109314 -0.0671132 -0.646606
109375 -0.0669335 -0.646252
109436 -0.0667539 -0.645898
109497 -0.0665744 -0.645544
109558 -0.0663952 -0.64519
109619 -0.066216 -0.644837
109680 -0.066037 -0.644484
109741 -0.0658582 -0.644132
109802 -0.0656795 -0.64378
109863 -0.065501 -0.643428
109924 -0.0653226 -0.643076
109985 -0.0651444 -0.642725
110046 -0.0649663 -0.642374
110107 -0.0647884 -0.642023
110168 -0.0646106 -0.641672
110229 -0.064433 -0.641322
110291 -0.0642555 -0.640972
110352 -0.0640782 -0.640623
110413 -0.063901 -0.640273
110474 -0.063724 -0.639924
110535 -0.0635471 -0.639576
110596 -0.0633703 -0.639227
110657 -0.0631937 -0.638879
110718 -0.0630173 -0.638531
110779 -0.062841 -0.638184
110840 -0.0626649 -0.637836
110901 -0.0624889 -0.63749
110962 -0.062313 -0.637143
111023 -0.0621373 -0.636796
111084 -0.0619617 -0.63645
111145 -0.0617863 -0.636105
111206 -0.061611 -0.635759
111267 -0.0614359 -0.635414
111328 -0.0612609 -0.635069
111389 -0.0610861 -0.634724
111450 -0.0609114 -0.63438
111511 -0.0607369 -0.634036
111572 -0.0605625 -0.633692
111633 -0.0603882 -0.633348
111694 -0.0602141 -0.633005
111755 -0.0600401 -0.632662
111816 -0.0598663 -0.632319
111877 -0.0596926 -0.631977
111938 -0.0595191 -0.631635
112000 -0.0593457 -0.631293
112061 -0.0591724 -0.630952
112122 -0.0589993 -0.63061
112183 -0.0588263 -0.630269
112244 -0.0586535 -0.629929
112305 -0.0584808 -0.629588
112366 -0.0583082 -0.629248
112427 -0.0581358 -0.628908
112488 -0.0579636 -0.628568
112549 -0.0577914 -0.628229
112610 -0.0576195 -0.62789
112671 -0.0574476 -0.627551
112732 -0.0572759 -0.627213
112793 -0.0571043 -0.626875
112854 -0.0569329 -0.626537
112915 -0.0567616 -0.626199
112976 -0.0565905 -0.625862
113037 -0.0564195 -0.625524
113098 -0.0562486 -0.625188
113159 -0.0560779 -0.624851
113220 -0.0559073 -0.624515
113281 -0.0557368 -0.624179
113342 -0.0555665 -0.623843
113403 -0.0553963 -0.623507
113464 -0.0552263 -0.623172
113525 -0.0550564 -0.622837
113586 -0.0548866 -0.622503
113647 -0.054717 -0.622168
113708 -0.0545475 -0.621834
113770 -0.0543781 -0.6215
113831 -0.0542089 -0.621167
113892 -0.0540398 -0.620833
113953 -0.0538708 -0.6205
114014 -0.053702 -0.620167
114075 -0.0535333 -0.619835
114136 -0.0533648 -0.619502
114197 -0.0531964 -0.61917
114258 -0.0530281 -0.618839
114319 -0.0528599 -0.618507
114380 -0.0526919 -0.618176
114441 -0.0525241 -0.617845
114502 -0.0523563 -0.617514
114563 -0.0521887 -0.617184
114624 -0.0520212 -0.616854
114685 -0.0518539 -0.616524
114746 -0.0516867 -0.616194
114807 -0.0515196 -0.615865
114868 -0.0513527 -0.615536
114929 -0.0511858 -0.615207
114990 -0.0510192 -0.614878
115051 -0.0508526 -0.61455
115112 -0.0506862 -0.614222
115173 -0.0505199 -0.613894
115234 -0.0503538 -0.613567
115295 -0.0501877 -0.613239
115356 -0.0500218 -0.612912
115417 -0.0498561 -0.612585
115479 -0.0496904 -0.612259
115540 -0.0495249 -0.611933
115601 -0.0493596 -0.611607
115662 -0.0491943 -0.611281
115723 -0.0490292 -0.610955
115784 -0.0488642 -0.61063
115845 -0.0486994 -0.610305
115906 -0.0485347 -0.60998
115967 -0.0483701 -0.609656
116028 -0.0482056 -0.609332
116089 -0.0480413 -0.609008
116150 -0.047877 -0.608684
116211 -0.047713 -0.608361
116272 -0.047549 -0.608037
116333 -0.0473852 -0.607714
116394 -0.0472215 -0.607392
116455 -0.0470579 -0.607069
116516 -0.0468945 -0.606747
116577 -0.0467311 -0.606425
116638 -0.0465679 -0.606103
116699 -0.0464049 -0.605782
116760 -0.0462419 -0.605461
116821 -0.0460791 -0.60514
116882 -0.0459164 -0.604819
116943 -0.0457539 -0.604498
117004 -0.0455914 -0.604178
117065 -0.0454291 -0.603858
117126 -0.0452669 -0.603539
117188 -0.0451049 -0.603219
117249 -0.0449429 -0.6029
117310 -0.0447811 -0.602581
117371 -0.0446194 -0.602262
117432 -0.0444579 -0.601944
117493 -0.0442964 -0.601625
117554 -0.0441351 -0.601307
117615 -0.0439739 -0.60099
117676 -0.0438129 -0.600672
117737 -0.0436519 -0.600355
117798 -0.0434911 -0.600038
117859 -0.0433304 -0.599721
117920 -0.0431698 -0.599404
117981 -0.0430093 -0.599088
118042 -0.042849 -0.598772
118103 -0.0426888 -0.598456
118164 -0.0425287 -0.59814
118225 -0.0423687 -0.597825
118286 -0.0422089 -0.59751
118347 -0.0420492 -0.597195
118408 -0.0418896 -0.59688
118469 -0.0417301 -0.596566
118530 -0.0415707 -0.596252
118591 -0.0414115 -0.595938
118652 -0.0412524 -0.595624
118713 -0.0410934 -0.595311
118774 -0.0409345 -0.594998
118835 -0.0407757 -0.594685
118896 -0.0406171 -0.594372
118958 -0.0404585 -0.594059
119019 -0.0403001 -0.593747
119080 -0.0401419 -0.593435
119141 -0.0399837 -0.593123
119202 -0.0398256 -0.592812
119263 -0.0396677 -0.5925
119324 -0.0395099 -0.592189
119385 -0.0393522 -0.591878
119446 -0.0391946 -0.591568
119507 -0.0390372 -0.591257
119568 -0.0388798 -0.590947
119629 -0.0387226 -0.590637
119690 -0.0385655 -0.590327
119751 -0.0384085 -0.590018
119812 -0.0382517 -0.589709
119873 -0.0380949 -0.5894
119934 -0.0379383 -0.589091
119995 -0.0377818 -0.588782
120056 -0.0376254 -0.588474
120117 -0.0374691 -0.588166
120178 -0.0373129 -0.587858
120239 -0.0371568 -0.58755
120300 -0.0370009 -0.587243
120361 -0.0368451 -0.586936
120422 -0.0366894 -0.586629
120483 -0.0365338 -0.586322
120544 -0.0363783 -0.586016
120605 -0.0362229 -0.585709
120667 -0.0360677 -0.585403
120728 -0.0359125 -0.585097
120789 -0.0357575 -0.584792
120850 -0.0356026 -0.584486
120911 -0.0354478 -0.584181
120972 -0.0352931 -0.583876
121033 -0.0351386 -0.583572
121094 -0.0349841 -0.583267
121155 -0.0348298 -0.582963
121216 -0.0346755 -0.582659
121277 -0.0345214 -0.582355
121338 -0.0343674 -0.582051
121399 -0.0342135 -0.581748
121460 -0.0340598 -0.581445
121521 -0.0339061 -0.581142
121582 -0.0337525 -0.580839
121643 -0.0335991 -0.580537
121704 -0.0334458 -0.580234
121765 -0.0332925 -0.579932
121826 -0.0331394 -0.579631
121887 -0.0329864 -0.579329
121948 -0.0328336 -0.579028
122009 -0.0326808 -0.578726
122070 -0.0325281 -0.578425
122131 -0.0323756 -0.578125
122192 -0.0322231 -0.577824
122253 -0.0320708 -0.577524
122314 -0.0319186 -0.577224
122375 -0.0317664 -0.576924
122437 -0.0316144 -0.576624
122498 -0.0314625 -0.576325
122559 -0.0313108 -0.576026
122620 -0.0311591 -0.575727
122681 -0.0310075 -0.575428
122742 -0.0308561 -0.575129
122803 -0.0307047 -0.574831
122864 -0.0305535 -0.574533
122925 -0.0304023 -0.574235
122986 -0.0302513 -0.573937
123047 -0.0301004 -0.573639
123108 -0.0299496 -0.573342
123169 -0.0297989 -0.573045
123230 -0.0296483 -0.572748
123291 -0.0294978 -0.572452
123352 -0.0293474 -0.572155
123413 -0.0291972 -0.571859
123474 -0.029047 -0.571563
123535 -0.0288969 -0.571267
123596 -0.028747 -0.570971
123657 -0.0285971 -0.570676
123718 -0.0284474 -0.570381
123779 -0.0282978 -0.570086
123840 -0.0281482 -0.569791
123901 -0.0279988 -0.569496
123962 -0.0278495 -0.569202
124023 -0.0277003 -0.568908
124084 -0.0275512 -0.568614
124146 -0.0274022 -0.56832
124207 -0.0272533 -0.568027
124268 -0.0271045 -0.567733
124329 -0.0269558 -0.56744
124390 -0.0268072 -0.567147
124451 -0.0266588 -0.566855
124512 -0.0265104 -0.566562
124573 -0.0263621 -0.56627
124634 -0.026214 -0.565978
124695 -0.0260659 -0.565686
124756 -0.0259179 -0.565394
124817 -0.0257701 -0.565103
124878 -0.0256223 -0.564812
124939 -0.0254747 -0.56452
125000 -0.0253271 -0.56423
125061 -0.0251797 -0.563939
125122 -0.0250324 -0.563648
125183 -0.0248851 -0.563358
125244 -0.024738 -0.563068
125305 -0.024591 -0.562778
125366 -0.024444 -0.562489
125427 -0.0242972 -0.562199
125488 -0.0241505 -0.56191
125549 -0.0240039 -0.561621
125610 -0.0238573 -0.561332
125671 -0.0237109 -0.561043
125732 -0.0235646 -0.560755
125793 -0.0234184 -0.560467
125854 -0.0232723 -0.560179
125916 -0.0231263 -0.559891
125977 -0.0229803 -0.559603
126038 -0.0228345 -0.559316
126099 -0.0226888 -0.559028
126160 -0.0225432 -0.558741
126221 -0.0223977 -0.558455
126282 -0.0222523 -0.558168
126343 -0.022107 -0.557881
126404 -0.0219617 -0.557595
126465 -0.0218166 -0.557309
126526 -0.0216716 -0.557023
126587 -0.0215267 -0.556737
126648 -0.0213819 -0.556452
126709 -0.0212372 -0.556167
126770 -0.0210925 -0.555882
126831 -0.020948 -0.555597
126892 -0.0208036 -0.555312
126953 -0.0206593 -0.555027
127014 -0.020515 -0.554743
127075 -0.0203709 -0.554459
127136 -0.0202269 -0.554175
127197 -0.020083 -0.553891
127258 -0.0199391 -0.553608
127319 -0.0197954 -0.553324
127380 -0.0196517 -0.553041
127441 -0.0195082 -0.552758
127502 -0.0193648 -0.552475
127563 -0.0192214 -0.552193
127625 -0.0190781 -0.55191
127686 -0.018935 -0.551628
127747 -0.0187919 -0.551346
127808 -0.018649 -0.551064
127869 -0.0185061 -0.550783
127930 -0.0183633 -0.550501
127991 -0.0182207 -0.55022
128052 -0.0180781 -0.549939
128113 -0.0179356 -0.549658
128174 -0.0177932 -0.549377
128235 -0.0176509 -0.549097
128296 -0.0175087 -0.548816
128357 -0.0173666 -0.548536
128418 -0.0172246 -0.548256
128479 -0.0170827 -0.547977
128540 -0.0169409 -0.547697
128601 -0.0167992 -0.547418
128662 -0.0166575 -0.547138
128723 -0.016516 -0.546859
128784 -0.0163746 -0.546581
128845 -0.0162332 -0.546302
128906 -0.016092 -0.546023
128967 -0.0159508 -0.545745
129028 -0.0158097 -0.545467
129089 -0.0156688 -0.545189
129150 -0.0155279 -0.544911
129211 -0.0153871 -0.544634
129272 -0.0152464 -0.544357
129333 -0.0151058 -0.544079
129395 -0.0149653 -0.543802
129456 -0.0148249 -0.543526
129517 -0.0146846 -0.543249
129578 -0.0145443 -0.542973
129639 -0.0144042 -0.542696
129700 -0.0142642 -0.54242
129761 -0.0141242 -0.542144
129822 -0.0139843 -0.541869
129883 -0.0138446 -0.541593
129944 -0.0137049 -0.541318
130005 -0.0135653 -0.541043
130066 -0.0134258 -0.540768
130127 -0.0132864 -0.540493
130188 -0.0131471 -0.540218
130249 -0.0130079 -0.539944
130310 -0.0128687 -0.539669
130371 -0.0127297 -0.539395
130432 -0.0125908 -0.539121
130493 -0.0124519 -0.538848
130554 -0.0123131 -0.538574
130615 -0.0121745 -0.538301
130676 -0.0120359 -0.538027
130737 -0.0118974 -0.537754
130798 -0.011759 -0.537482
130859 -0.0116206 -0.537209
130920 -0.0114824 -0.536936
130981 -0.0113443 -0.536664
131042 -0.0112062 -0.536392
131104 -0.0110683 -0.53612
131165 -0.0109304 -0.535848
131226 -0.0107926 -0.535576
131287 -0.0106549 -0.535305
131348 -0.0105173 -0.535034
131409 -0.0103798 -0.534763
131470 -0.0102424 -0.534492
131531 -0.010105 -0.534221
131592 -0.00996777 -0.53395
131653 -0.00983061 -0.53368
131714 -0.00969353 -0.53341
131775 -0.00955654 -0.53314
131836 -0.00941964 -0.53287
131897 -0.00928283 -0.5326
131958 -0.0091461 -0.532331
132019 -0.00900946 -0.532061
132080 -0.00887291 -0.531792
132141 -0.00873645 -0.531523
132202 -0.00860007 -0.531254
132263 -0.00846378 -0.530985
132324 -0.00832757 -0.530717
132385 -0.00819146 -0.530449
132446 -0.00805543 -0.53018
132507 -0.00791948 -0.529912
132568 -0.00778362 -0.529645
132629 -0.00764785 -0.529377
132690 -0.00751216 -0.529109
132751 -0.00737656 -0.528842
132812 -0.00724105 -0.528575
132874 -0.00710562 -0.528308
132935 -0.00697027 -0.528041
132996 -0.00683501 -0.527775
133057 -0.00669984 -0.527508
133118 -0.00656475 -0.527242
133179 -0.00642975 -0.526976
133240 -0.00629483 -0.52671
133301 -0.00615999 -0.526444
133362 -0.00602524 -0.526178
133423 -0.00589058 -0.525913
133484 -0.005756 -0.525647
133545 -0.0056215 -0.525382
133606 -0.00548709 -0.525117
133667 -0.00535276 -0.524852
133728 -0.00521852 -0.524588
133789 -0.00508436 -0.524323
133850 -0.00495028 -0.524059
133911 -0.00481629 -0.523795
133972 -0.00468238 -0.523531
134033 -0.00454855 -0.523267
134094 -0.00441481 -0.523003
134155 -0.00428115 -0.52274
134216 -0.00414757 -0.522477
134277 -0.00401407 -0.522213
134338 -0.00388066 -0.52195
134399 -0.00374733 -0.521688
134460 -0.00361409 -0.521425
134521 -0.00348092 -0.521162
134583 -0.00334784 -0.5209
134644 -0.00321484 -0.520638
134705 -0.00308192 -0.520376
134766 -0.00294909 -0.520114
134827 -0.00281633 -0.519852
134888 -0.00268366 -0.519591
134949 -0.00255107 -0.519329
135010 -0.00241856 -0.519068
135071 -0.00228613 -0.518807
135132 -0.00215378 -0.518546
135193 -0.00202152 -0.518285
135254 -0.00188933 -0.518025
135315 -0.00175723 -0.517764
135376 -0.0016252 -0.517504
135437 -0.00149326 -0.517244
135498 -0.0013614 -0.516984
135559 -0.00122962 -0.516724
135620 -0.00109792 -0.516465
135681 -0.000966296 -0.516205
135742 -0.000834755 -0.515946
135803 -0.000703294 -0.515687
135864 -0.000571913 -0.515428
135925 -0.000440612 -0.515169
135986 -0.00030939 -0.51491
136047 -0.000178248 -0.514651
136108 -4.71854e-05 -0.514393
136169 8.37979e-05 -0.514135
136230 0.000214702 -0.513877
136292 0.000345527 -0.513619
136353 0.000476273 -0.513361
136414 0.00060694 -0.513104
136475 0.000737529 -0.512846
136536 0.000868039 -0.512589
136597 0.00099847 -0.512332
136658 0.00112882 -0.512075
136719 0.0012591 -0.511818
136780 0.00138929 -0.511561
136841 0.00151941 -0.511305
136902 0.00164945 -0.511048
136963 0.00177941 -0.510792
137024 0.0019093 -0.510536
137085 0.0020391 -0.51028
137146 0.00216883 -0.510024
137207 0.00229849 -0.509769
137268 0.00242806 -0.509513
137329 0.00255756 -0.509258
137390 0.00268698 -0.509003
137451 0.00281632 -0.508748
137512 0.00294559 -0.508493
137573 0.00307477 -0.508239
137634 0.00320389 -0.507984
137695 0.00333292 -0.50773
137756 0.00346188 -0.507475
137817 0.00359077 -0.507221
137878 0.00371957 -0.506967
137939 0.0038483 -0.506714
138000 0.00397696 -0.50646
138062 0.00410553 -0.506207
138123 0.00423404 -0.505953
138184 0.00436246 -0.5057
138245 0.00449081 -0.505447
138306 0.00461909 -0.505194
138367 0.00474729 -0.504941
138428 0.00487541 -0.504689
138489 0.00500346 -0.504436
138550 0.00513144 -0.504184
138611 0.00525934 -0.503932
138672 0.00538716 -0.50368
138733 0.00551491 -0.503428
138794 0.00564259 -0.503176
138855 0.00577019 -0.502925
138916 0.00589771 -0.502673
138977 0.00602516 -0.502422
139038 0.00615254 -0.502171
139099 0.00627984 -0.50192
139160 0.00640707 -0.501669
139221 0.00653423 -0.501419
139282 0.00666131 -0.501168
139343 0.00678831 -0.500918
139404 0.00691525 -0.500668
139465 0.00704211 -0.500417
139526 0.00716889 -0.500167
139587 0.0072956 -0.499918
139648 0.00742224 -0.499668
139709 0.00754881 -0.499419
139771 0.0076753 -0.499169
139832 0.00780172 -0.49892
139893 0.00792807 -0.498671
139954 0.00805434 -0.498422
140015 0.00818055 -0.498173
140076 0.00830667 -0.497924
140137 0.00843273 -0.497676
140198 0.00855872 -0.497428
140259 0.00868463 -0.497179
140320 0.00881047 -0.496931
140381 0.00893623 -0.496683
140442 0.00906193 -0.496436
140503 0.00918755 -0.496188
140564 0.0093131 -0.49594
140625 0.00943858 -0.495693
140686 0.00956399 -0.495446
140747 0.00968933 -0.495199
140808 0.0098146 -0.494952
140869 0.00993979 -0.494705
140930 0.0100649 -0.494458
140991 0.01019 -0.494212
141052 0.0103149 -0.493965
141113 0.0104399 -0.493719
141174 0.0105647 -0.493473
141235 0.0106895 -0.493227
141296 0.0108142 -0.492981
141357 0.0109388 -0.492736
141418 0.0110633 -0.49249
141479 0.0111878 -0.492245
141541 0.0113122 -0.491999
141602 0.0114366 -0.491754
141663 0.0115609 -0.491509
141724 0.0116851 -0.491264
141785 0.0118092 -0.49102
141846 0.0119333 -0.490775
141907 0.0120573 -0.490531
141968 0.0121812 -0.490286
142029 0.0123051 -0.490042
142090 0.0124288 -0.489798
142151 0.0125526 -0.489554
142212 0.0126762 -0.48931
142273 0.0127998 -0.489067
142334 0.0129233 -0.488823
142395 0.0130468 -0.48858
142456 0.0131701 -0.488337
142517 0.0132934 -0.488094
142578 0.0134167 -0.487851
142639 0.0135398 -0.487608
142700 0.0136629 -0.487365
142761 0.013786 -0.487123
142822 0.0139089 -0.48688
142883 0.0140318 -0.486638
142944 0.0141547 -0.486396
143005 0.0142774 -0.486154
143066 0.0144001 -0.485912
143127 0.0145227 -0.48567
143188 0.0146453 -0.485429
143250 0.0147678 -0.485187
143311 0.0148902 -0.484946
143372 0.0150125 -0.484705
143433 0.0151348 -0.484464
143494 0.015257 -0.484223
143555 0.0153792 -0.483982
143616 0.0155013 -0.483741
143677 0.0156233 -0.483501
143738 0.0157452 -0.48326
143799 0.0158671 -0.48302
143860 0.0159889 -0.48278
143921 0.0161107 -0.48254
143982 0.0162324 -0.4823
144043 0.016354 -0.48206
144104 0.0164755 -0.481821
144165 0.016597 -0.481581
144226 0.0167184 -0.481342
144287 0.0168398 -0.481102
144348 0.0169611 -0.480863
144409 0.0170823 -0.480624
144470 0.0172035 -0.480386
144531 0.0173245 -0.480147
144592 0.0174456 -0.479908
144653 0.0175665 -0.47967
144714 0.0176874 -0.479431
144775 0.0178082 -0.479193
144836 0.017929 -0.478955
144897 0.0180497 -0.478717
144958 0.0181703 -0.478479
145020 0.0182909 -0.478242
145081 0.0184114 -0.478004
145142 0.0185318 -0.477767
145203 0.0186522 -0.477529
145264 0.0187725 -0.477292
145325 0.0188928 -0.477055
145386 0.0190129 -0.476818
145447 0.0191331 -0.476582
145508 0.0192531 -0.476345
145569 0.0193731 -0.476108
145630 0.019493 -0.475872
145691 0.0196129 -0.475636
145752 0.0197327 -0.475399
145813 0.0198524 -0.475163
145874 0.0199721 -0.474928
145935 0.0200917 -0.474692
145996 0.0202112 -0.474456
146057 0.0203307 -0.474221
146118 0.0204501 -0.473985
146179 0.0205694 -0.47375
146240 0.0206887 -0.473515
146301 0.0208079 -0.47328
146362 0.0209271 -0.473045
146423 0.0210462 -0.47281
146484 0.0211652 -0.472575
146545 0.0212842 -0.472341
146606 0.0214031 -0.472106
146667 0.0215219 -0.471872
146729 0.0216407 -0.471638
146790 0.0217594 -0.471404
146851 0.0218781 -0.47117
146912 0.0219967 -0.470936
146973 0.0221152 -0.470703
147034 0.0222337 -0.470469
147095 0.0223521 -0.470236
147156 0.0224704 -0.470002
147217 0.0225887 -0.469769
147278 0.0227069 -0.469536
147339 0.0228251 -0.469303
147400 0.0229432 -0.46907
147461 0.0230612 -0.468838
147522 0.0231792 -0.468605
147583 0.0232971 -0.468373
147644 0.023415 -0.46814
147705 0.0235328 -0.467908
147766 0.0236505 -0.467676
147827 0.0237682 -0.467444
147888 0.0238858 -0.467212
147949 0.0240033 -0.46698
148010 0.0241208 -0.466749
148071 0.0242382 -0.466517
148132 0.0243556 -0.466286
148193 0.0244729 -0.466055
148254 0.0245902 -0.465824
148315 0.0247073 -0.465592
148376 0.0248245 -0.465362
148438 0.0249415 -0.465131
148499 0.0250585 -0.4649
148560 0.0251755 -0.46467
148621 0.0252923 -0.464439
148682 0.0254092 -0.464209
148743 0.0255259 -0.463979
148804 0.0256426 -0.463749
148865 0.0257593 -0.463519
148926 0.0258759 -0.463289
148987 0.0259924 -0.463059
149048 0.0261089 -0.46283
149109 0.0262253 -0.4626
149170 0.0263416 -0.462371
149231 0.0264579 -0.462141
149292 0.0265741 -0.461912
149353 0.0266903 -0.461683
149414 0.0268064 -0.461454
149475 0.0269224 -0.461226
149536 0.0270384 -0.460997
149597 0.0271544 -0.460768
149658 0.0272702 -0.46054
149719 0.0273861 -0.460312
149780 0.0275018 -0.460084
149841 0.0276175 -0.459855
149902 0.0277331 -0.459627
149963 0.0278487 -0.4594
150024 0.0279643 -0.459172
150085 0.0280797 -0.458944
150146 0.0281951 -0.458717
150208 0.0283105 -0.458489
150269 0.0284258 -0.458262
150330 0.028541 -0.458035
150391 0.0286562 -0.457808
150452 0.0287713 -0.457581
150513 0.0288864 -0.457354
150574 0.0290014 -0.457127
150635 0.0291163 -0.456901
150696 0.0292312 -0.456674
150757 0.029346 -0.456448
150818 0.0294608 -0.456222
150879 0.0295755 -0.455995
150940 0.0296902 -0.455769
151001 0.0298048 -0.455543
151062 0.0299193 -0.455318
151123 0.0300338 -0.455092
151184 0.0301482 -0.454866
151245 0.0302626 -0.454641
151306 0.0303769 -0.454416
151367 0.0304912 -0.45419
151428 0.0306054 -0.453965
151489 0.0307196 -0.45374
151550 0.0308336 -0.453515
151611 0.0309477 -0.45329
151672 0.0310617 -0.453066
151733 0.0311756 -0.452841
151794 0.0312895 -0.452617
151855 0.0314033 -0.452392
151917 0.031517 -0.452168
151978 0.0316307 -0.451944
152039 0.0317444 -0.45172
152100 0.031858 -0.451496
152161 0.0319715 -0.451272
152222 0.032085 -0.451048
152283 0.0321984 -0.450825
152344 0.0323118 -0.450601
152405 0.0324251 -0.450378
152466 0.0325383 -0.450155
152527 0.0326515 -0.449931
152588 0.0327647 -0.449708
152649 0.0328778 -0.449485
152710 0.0329908 -0.449263
152771 0.0331038 -0.44904
152832 0.0332167 -0.448817
152893 0.0333296 -0.448595
152954 0.0334424 -0.448372
153015 0.0335552 -0.44815
153076 0.0336679 -0.447928
153137 0.0337806 -0.447706
153198 0.0338932 -0.447484
153259 0.0340057 -0.447262
153320 0.0341182 -0.44704
153381 0.0342306 -0.446818
153442 0.034343 -0.446597
153503 0.0344553 -0.446375
153564 0.0345676 -0.446154
153625 0.0346798 -0.445933
153687 0.034792 -0.445712
153748 0.0349041 -0.445491
153809 0.0350162 -0.44527
153870 0.0351282 -0.445049
153931 0.0352402 -0.444828
153992 0.0353521 -0.444608
154053 0.0354639 -0.444387
154114 0.0355757 -0.444167
154175 0.0356874 -0.443946
154236 0.0357991 -0.443726
154297 0.0359108 -0.443506
154358 0.0360224 -0.443286
154419 0.0361339 -0.443066
154480 0.0362454 -0.442847
154541 0.0363568 -0.442627
154602 0.0364682 -0.442407
154663 0.0365795 -0.442188
154724 0.0366907 -0.441969
154785 0.036802 -0.441749
154846 0.0369131 -0.44153
154907 0.0370242 -0.441311
154968 0.0371353 -0.441092
155029 0.0372463 -0.440873
155090 0.0373572 -0.440655
155151 0.0374682 -0.440436
155212 0.037579 -0.440218
155273 0.0376898 -0.439999
155334 0.0378005 -0.439781
155396 0.0379112 -0.439563
155457 0.0380219 -0.439344
155518 0.0381325 -0.439126
155579 0.038243 -0.438909
155640 0.0383535 -0.438691
155701 0.0384639 -0.438473
155762 0.0385743 -0.438255
155823 0.0386846 -0.438038
155884 0.0387949 -0.43782
155945 0.0389052 -0.437603
156006 0.0390153 -0.437386
156067 0.0391255 -0.437169
156128 0.0392355 -0.436952
156189 0.0393456 -0.436735
156250 0.0394556 -0.436518
156311 0.0395655 -0.436301
156372 0.0396754 -0.436085
156433 0.0397852 -0.435868
156494 0.039895 -0.435652
156555 0.0400047 -0.435436
156616 0.0401143 -0.435219
156677 0.040224 -0.435003
156738 0.0403335 -0.434787
156799 0.0404431 -0.434571
156860 0.0405525 -0.434356
156921 0.040662 -0.43414
156982 0.0407713 -0.433924
157043 0.0408807 -0.433709
157104 0.0409899 -0.433493
157166 0.0410991 -0.433278
157227 0.0412083 -0.433063
157288 0.0413174 -0.432848
157349 0.0414265 -0.432633
157410 0.0415355 -0.432418
157471 0.0416445 -0.432203
157532 0.0417534 -0.431988
157593 0.0418623 -0.431773
157654 0.0419711 -0.431559
157715 0.0420799 -0.431345
157776 0.0421886 -0.43113
157837 0.0422973 -0.430916
157898 0.042406 -0.430702
157959 0.0425145 -0.430488
158020 0.0426231 -0.430274
158081 0.0427315 -0.43006
158142 0.04284 -0.429846
158203 0.0429484 -0.429632
158264 0.0430567 -0.429419
158325 0.043165 -0.429205
158386 0.0432732 -0.428992
158447 0.0433814 -0.428779
158508 0.0434896 -0.428566
158569 0.0435977 -0.428352
158630 0.0437057 -0.428139
158691 0.0438137 -0.427927
158752 0.0439217 -0.427714
158813 0.0440296 -0.427501
158875 0.0441374 -0.427288
158936 0.0442452 -0.427076
158997 0.044353 -0.426863
159058 0.0444607 -0.426651
159119 0.0445684 -0.426439
159180 0.044676 -0.426227
159241 0.0447835 -0.426015
159302 0.0448911 -0.425803
159363 0.0449985 -0.425591
159424 0.045106 -0.425379
159485 0.0452133 -0.425167
159546 0.0453207 -0.424956
159607 0.0454279 -0.424744
159668 0.0455352 -0.424533
159729 0.0456424 -0.424322
159790 0.0457495 -0.42411
159851 0.0458566 -0.423899
159912 0.0459637 -0.423688
159973 0.0460707 -0.423477
160034 0.0461776 -0.423266
160095 0.0462845 -0.423056
160156 0.0463914 -0.422845
160217 0.0464982 -0.422634
160278 0.046605 -0.422424
160339 0.0467117 -0.422214
160400 0.0468184 -0.422003
160461 0.046925 -0.421793
160522 0.0470316 -0.421583
160583 0.0471381 -0.421373
160645 0.0472446 -0.421163
160706 0.047351 -0.420953
160767 0.0474574 -0.420743
160828 0.0475638 -0.420534
160889 0.0476701 -0.420324
160950 0.0477764 -0.420115
161011 0.0478826 -0.419905
161072 0.0479887 -0.419696
161133 0.0480949 -0.419487
161194 0.0482009 -0.419278
161255 0.048307 -0.419069
161316 0.048413 -0.41886
161377 0.0485189 -0.418651
161438 0.0486248 -0.418442
161499 0.0487306 -0.418233
161560 0.0488364 -0.418025
161621 0.0489422 -0.417816
161682 0.0490479 -0.417608
161743 0.0491536 -0.4174
161804 0.0492592 -0.417191
161865 0.0493648 -0.416983
161926 0.0494703 -0.416775
161987 0.0495758 -0.416567
162048 0.0496813 -0.416359
162109 0.0497867 -0.416152
162170 0.049892 -0.415944
162231 0.0499973 -0.415736
162292 0.0501026 -0.415529
162354 0.0502078 -0.415321
162415 0.050313 -0.415114
162476 0.0504181 -0.414907
162537 0.0505232 -0.4147
162598 0.0506283 -0.414492
162659 0.0507333 -0.414285
162720 0.0508382 -0.414079
162781 0.0509431 -0.413872
162842 0.051048 -0.413665
162903 0.0511528 -0.413458
162964 0.0512576 -0.413252
163025 0.0513623 -0.413045
163086 0.051467 -0.412839
163147 0.0515717 -0.412633
163208 0.0516763 -0.412426
163269 0.0517808 -0.41222
163330 0.0518854 -0.412014
163391 0.0519898 -0.411808
163452 0.0520943 -0.411602
163513 0.0521987 -0.411397
163574 0.052303 -0.411191
163635 0.0524073 -0.410985
163696 0.0525116 -0.41078
163757 0.0526158 -0.410574
163818 0.05272 -0.410369
163879 0.0528241 -0.410164
163940 0.0529282 -0.409958
164001 0.0530322 -0.409753
164062 0.0531362 -0.409548
164124 0.0532402 -0.409343
164185 0.0533441 -0.409139
164246 0.053448 -0.408934
164307 0.0535518 -0.408729
164368 0.0536556 -0.408524
164429 0.0537593 -0.40832
164490 0.053863 -0.408116
164551 0.0539667 -0.407911
164612 0.0540703 -0.407707
164673 0.0541739 -0.407503
164734 0.0542774 -0.407299
164795 0.0543809 -0.407095
164856 0.0544843 -0.406891
164917 0.0545877 -0.406687
164978 0.0546911 -0.406483
165039 0.0547944 -0.406279
165100 0.0548977 -0.406076
165161 0.0550009 -0.405872
165222 0.0551041 -0.405669
165283 0.0552073 -0.405465
165344 0.0553104 -0.405262
165405 0.0554135 -0.405059
165466 0.0555165 -0.404856
165527 0.0556195 -0.404653
165588 0.0557224 -0.40445
165649 0.0558254 -0.404247
165710 0.0559282 -0.404044
165771 0.056031 -0.403842
165833 0.0561338 -0.403639
165894 0.0562366 -0.403436
165955 0.0563393 -0.403234
166016 0.0564419 -0.403032
166077 0.0565445 -0.402829
166138 0.0566471 -0.402627
166199 0.0567496 -0.402425
166260 0.0568521 -0.402223
166321 0.0569546 -0.402021
166382 0.057057 -0.401819
166443 0.0571594 -0.401617
166504 0.0572617 -0.401415
166565 0.057364 -0.401214
166626 0.0574663 -0.401012
166687 0.0575685 -0.400811
166748 0.0576706 -0.400609
166809 0.0577728 -0.400408
166870 0.0578749 -0.400207
166931 0.0579769 -0.400005
166992 0.0580789 -0.399804
167053 0.0581809 -0.399603
167114 0.0582828 -0.399402
167175 0.0583847 -0.399202
167236 0.0584865 -0.399001
167297 0.0585884 -0.3988
167358 0.0586901 -0.398599
167419 0.0587919 -0.398399
167480 0.0588935 -0.398198
167542 0.0589952 -0.397998
167603 0.0590968 -0.397798
167664 0.0591984 -0.397597
167725 0.0592999 -0.397397
167786 0.0594014 -0.397197
167847 0.0595028 -0.396997
167908 0.0596043 -0.396797
167969 0.0597056 -0.396597
168030 0.059807 -0.396398
168091 0.0599083 -0.396198
168152 0.0600095 -0.395998
168213 0.0601107 -0.395799
168274 0.0602119 -0.395599
168335 0.060313 -0.3954
168396 0.0604141 -0.395201
168457 0.0605152 -0.395002
168518 0.0606162 -0.394802
168579 0.0607172 -0.394603
168640 0.0608181 -0.394404
168701 0.0609191 -0.394205
168762 0.0610199 -0.394007
168823 0.0611207 -0.393808
168884 0.0612215 -0.393609
168945 0.0613223 -0.39341
169006 0.061423 -0.393212
169067 0.0615237 -0.393013
169128 0.0616243 -0.392815
169189 0.0617249 -0.392617
169250 0.0618255 -0.392418
169312 0.061926 -0.39222
169373 0.0620265 -0.392022
169434 0.0621269 -0.391824
169495 0.0622273 -0.391626
169556 0.0623277 -0.391428
169617 0.062428 -0.391231
169678 0.0625283 -0.391033
169739 0.0626286 -0.390835
169800 0.0627288 -0.390638
169861 0.062829 -0.39044
169922 0.0629291 -0.390243
169983 0.0630292 -0.390045
170044 0.0631293 -0.389848
170105 0.0632293 -0.389651
170166 0.0633293 -0.389454
170227 0.0634292 -0.389257
170288 0.0635292 -0.38906
170349 0.063629 -0.388863
170410 0.0637289 -0.388666
170471 0.0638287 -0.388469
170532 0.0639284 -0.388273
170593 0.0640282 -0.388076
170654 0.0641279 -0.38788
170715 0.0642275 -0.387683
170776 0.0643271 -0.387487
170837 0.0644267 -0.38729
170898 0.0645263 -0.387094
170959 0.0646258 -0.386898
171021 0.0647252 -0.386702
171082 0.0648247 -0.386506
171143 0.0649241 -0.38631
171204 0.0650234 -0.386114
171265 0.0651228 -0.385918
171326 0.0652221 -0.385723
171387 0.0653213 -0.385527
171448 0.0654205 -0.385331
171509 0.0655197 -0.385136
171570 0.0656188 -0.38494
171631 0.0657179 -0.384745
171692 0.065817 -0.38455
171753 0.0659161 -0.384354
171814 0.0660151 -0.384159
171875 0.066114 -0.383964
171936 0.0662129 -0.383769
171997 0.0663118 -0.383574
172058 0.0664107 -0.383379
172119 0.0665095 -0.383184
172180 0.0666083 -0.38299
172241 0.066707 -0.382795
172302 0.0668057 -0.3826
172363 0.0669044 -0.382406
172424 0.067003 -0.382211
172485 0.0671017 -0.382017
172546 0.0672002 -0.381823
172607 0.0672988 -0.381629
172668 0.0673972 -0.381434
172729 0.0674957 -0.38124
172791 0.0675941 -0.381046
172852 0.0676925 -0.380852
172913 0.0677909 -0.380658
172974 0.0678892 -0.380465
173035 0.0679875 -0.380271
173096 0.0680857 -0.380077
173157 0.068184 -0.379883
173218 0.0682821 -0.37969
173279 0.0683803 -0.379496
173340 0.0684784 -0.379303
173401 0.0685765 -0.37911
173462 0.0686745 -0.378916
173523 0.0687725 -0.378723
173584 0.0688705 -0.37853
173645 0.0689684 -0.378337
173706 0.0690663 -0.378144
173767 0.0691642 -0.377951
173828 0.069262 -0.377758
173889 0.0693598 -0.377565
173950 0.0694576 -0.377373
174011 0.0695553 -0.37718
174072 0.069653 -0.376987
174133 0.0697507 -0.376795
174194 0.0698483 -0.376602
174255 0.0699459 -0.37641
174316 0.0700434 -0.376218
174377 0.070141 -0.376025
174438 0.0702384 -0.375833
174500 0.0703359 -0.375641
174561 0.0704333 -0.375449
174622 0.0705307 -0.375257
174683 0.0706281 -0.375065
174744 0.0707254 -0.374873
174805 0.0708227 -0.374682
174866 0.0709199 -0.37449
174927 0.0710171 -0.374298
174988 0.0711143 -0.374107
175049 0.0712115 -0.373915
175110 0.0713086 -0.373724
175171 0.0714057 -0.373532
175232 0.0715027 -0.373341
175293 0.0715997 -0.37315
175354 0.0716967 -0.372958
175415 0.0717937 -0.372767
175476 0.0718906 -0.372576
175537 0.0719875 -0.372385
175598 0.0720843 -0.372194
175659 0.0721811 -0.372004
175720 0.0722779 -0.371813
175781 0.0723747 -0.371622
175842 0.0724714 -0.371431
175903 0.0725681 -0.371241
175964 0.0726647 -0.37105
176025 0.0727613 -0.37086
176086 0.0728579 -0.370669
176147 0.0729545 -0.370479
176208 0.073051 -0.370289
176270 0.0731475 -0.370098
176331 0.0732439 -0.369908
176392 0.0733404 -0.369718
176453 0.0734367 -0.369528
176514 0.0735331 -0.369338
176575 0.0736294 -0.369148
176636 0.0737257 -0.368959
176697 0.073822 -0.368769
176758 0.0739182 -0.368579
176819 0.0740144 -0.368389
176880 0.0741106 -0.3682
176941 0.0742067 -0.36801
177002 0.0743028 -0.367821
177063 0.0743989 -0.367632
177124 0.0744949 -0.367442
177185 0.0745909 -0.367253
177246 0.0746869 -0.367064
177307 0.0747828 -0.366875
177368 0.0748787 -0.366686
177429 0.0749746 -0.366497
177490 0.0750704 -0.366308
177551 0.0751662 -0.366119
177612 0.075262 -0.36593
177673 0.0753578 -0.365741
177734 0.0754535 -0.365552
177795 0.0755492 -0.365364
177856 0.0756448 -0.365175
177917 0.0757404 -0.364987
177979 0.075836 -0.364798
178040 0.0759316 -0.36461
178101 0.0760271 -0.364422
178162 0.0761226 -0.364233
178223 0.0762181 -0.364045
178284 0.0763135 -0.363857
178345 0.0764089 -0.363669
178406 0.0765043 -0.363481
178467 0.0765996 -0.363293
178528 0.0766949 -0.363105
178589 0.0767902 -0.362917
178650 0.0768854 -0.36273
178711 0.0769807 -0.362542
178772 0.0770758 -0.362354
178833 0.077171 -0.362167
178894 0.0772661 -0.361979
178955 0.0773612 -0.361792
179016 0.0774563 -0.361604
179077 0.0775513 -0.361417
179138 0.0776463 -0.36123
179199 0.0777413 -0.361042
179260 0.0778362 -0.360855
179321 0.0779311 -0.360668
179382 0.078026 -0.360481
179443 0.0781208 -0.360294
179504 0.0782157 -0.360107
179565 0.0783104 -0.35992
179626 0.0784052 -0.359733
179688 0.0784999 -0.359547
179749 0.0785946 -0.35936
179810 0.0786893 -0.359173
179871 0.0787839 -0.358987
179932 0.0788785 -0.3588
179993 0.0789731 -0.358614
180054 0.0790676 -0.358428
180115 0.0791622 -0.358241
180176 0.0792566 -0.358055
180237 0.0793511 -0.357869
180298 0.0794455 -0.357683
180359 0.0795399 -0.357497
180420 0.0796343 -0.35731
180481 0.0797286 -0.357125
180542 0.0798229 -0.356939
180603 0.0799172 -0.356753
180664 0.0800114 -0.356567
180725 0.0801057 -0.356381
180786 0.0801998 -0.356196
180847 0.080294 -0.35601
180908 0.0803881 -0.355824
180969 0.0804822 -0.355639
181030 0.0805763 -0.355453
181091 0.0806703 -0.355268
181152 0.0807644 -0.355083
181213 0.0808583 -0.354897
181274 0.0809523 -0.354712
181335 0.0810462 -0.354527
181396 0.0811401 -0.354342
181458 0.081234 -0.354157
181519 0.0813278 -0.353972
181580 0.0814216 -0.353787
181641 0.0815154 -0.353602
181702 0.0816092 -0.353417
181763 0.0817029 -0.353233
181824 0.0817966 -0.353048
181885 0.0818902 -0.352863
181946 0.0819839 -0.352679
182007 0.0820775 -0.352494
182068 0.082171 -0.35231
182129 0.0822646 -0.352125
182190 0.0823581 -0.351941
182251 0.0824516 -0.351756
182312 0.0825451 -0.351572
182373 0.0826385 -0.351388
182434 0.0827319 -0.351204
182495 0.0828253 -0.35102
182556 0.0829186 -0.350836
182617 0.083012 -0.350652
182678 0.0831053 -0.350468
182739 0.0831985 -0.350284
182800 0.0832918 -0.3501
182861 0.083385 -0.349916
182922 0.0834781 -0.349733
182983 0.0835713 -0.349549
183044 0.0836644 -0.349366
183105 0.0837575 -0.349182
183167 0.0838506 -0.348999
183228 0.0839436 -0.348815
183289 0.0840366 -0.348632
183350 0.0841296 -0.348448
183411 0.0842226 -0.348265
183472 0.0843155 -0.348082
183533 0.0844084 -0.347899
183594 0.0845013 -0.347716
183655 0.0845941 -0.347533
183716 0.0846869 -0.34735
183777 0.0847797 -0.347167
183838 0.0848725 -0.346984
183899 0.0849652 -0.346801
183960 0.0850579 -0.346618
184021 0.0851506 -0.346436
184082 0.0852433 -0.346253
184143 0.0853359 -0.34607
184204 0.0854285 -0.345888
184265 0.0855211 -0.345705
184326 0.0856136 -0.345523
184387 0.0857061 -0.345341
184448 0.0857986 -0.345158
184509 0.0858911 -0.344976
184570 0.0859835 -0.344794
184631 0.086076 -0.344612
184692 0.0861683 -0.344429
184753 0.0862607 -0.344247
184814 0.086353 -0.344065
184875 0.0864453 -0.343883
184937 0.0865376 -0.343701
184998 0.0866298 -0.34352
185059 0.0867221 -0.343338
185120 0.0868143 -0.343156
185181 0.0869064 -0.342974
185242 0.0869986 -0.342793
185303 0.0870907 -0.342611
185364 0.0871828 -0.34243
185425 0.0872748 -0.342248
185486 0.0873669 -0.342067
185547 0.0874589 -0.341885
185608 0.0875509 -0.341704
185669 0.0876428 -0.341523
185730 0.0877348 -0.341341
185791 0.0878267 -0.34116
185852 0.0879185 -0.340979
185913 0.0880104 -0.340798
185974 0.0881022 -0.340617
186035 0.088194 -0.340436
186096 0.0882858 -0.340255
186157 0.0883775 -0.340074
186218 0.0884693 -0.339893
186279 0.088561 -0.339713
186340 0.0886526 -0.339532
186401 0.0887443 -0.339351
186462 0.0888359 -0.339171
186523 0.0889275 -0.33899
186584 0.0890191 -0.33881
186646 0.0891106 -0.338629
186707 0.0892021 -0.338449
186768 0.0892936 -0.338268
186829 0.0893851 -0.338088
186890 0.0894765 -0.337908
186951 0.0895679 -0.337727
187012 0.0896593 -0.337547
187073 0.0897507 -0.337367
187134 0.089842 -0.337187
187195 0.0899333 -0.337007
187256 0.0900246 -0.336827
187317 0.0901159 -0.336647
187378 0.0902071 -0.336467
187439 0.0902983 -0.336288
187500 0.0903895 -0.336108
187561 0.0904807 -0.335928
187622 0.0905718 -0.335748
187683 0.0906629 -0.335569
187744 0.090754 -0.335389
187805 0.090845 -0.33521
187866 0.0909361 -0.33503
187927 0.0910271 -0.334851
187988 0.0911181 -0.334672
188049 0.091209 -0.334492
188110 0.0913 -0.334313
188171 0.0913909 -0.334134
188232 0.0914818 -0.333955
188293 0.0915726 -0.333775
188354 0.0916635 -0.333596
188416 0.0917543 -0.333417
188477 0.0918451 -0.333238
188538 0.0919358 -0.333059
188599 0.0920266 -0.332881
188660 0.0921173 -0.332702
188721 0.092208 -0.332523
188782 0.0922986 -0.332344
188843 0.0923893 -0.332166
188904 0.0924799 -0.331987
188965 0.0925705 -0.331808
189026 0.092661 -0.33163
189087 0.0927516 -0.331451
189148 0.0928421 -0.331273
189209 0.0929326 -0.331094
189270 0.0930231 -0.330916
189331 0.0931135 -0.330738
189392 0.0932039 -0.33056
189453 0.0932943 -0.330381
189514 0.0933847 -0.330203
189575 0.0934751 -0.330025
189636 0.0935654 -0.329847
189697 0.0936557 -0.329669
189758 0.093746 -0.329491
189819 0.0938362 -0.329313
189880 0.0939265 -0.329135
189941 0.0940167 -0.328957
190002 0.0941069 -0.32878
190063 0.094197 -0.328602
190125 0.0942872 -0.328424
190186 0.0943773 -0.328246
190247 0.0944674 -0.328069
190308 0.0945574 -0.327891
190369 0.0946475 -0.327714
190430 0.0947375 -0.327536
190491 0.0948275 -0.327359
190552 0.0949175 -0.327182
190613 0.0950074 -0.327004
190674 0.0950973 -0.326827
190735 0.0951872 -0.32665
190796 0.0952771 -0.326473
190857 0.095367 -0.326295
190918 0.0954568 -0.326118
190979 0.0955466 -0.325941
191040 0.0956364 -0.325764
191101 0.0957262 -0.325587
191162 0.0958159 -0.32541
191223 0.0959056 -0.325233
191284 0.0959953 -0.325057
191345 0.096085 -0.32488
191406 0.0961746 -0.324703
191467 0.0962643 -0.324526
191528 0.0963539 -0.32435
191589 0.0964434 -0.324173
191650 0.096533 -0.323997
191711 0.0966225 -0.32382
191772 0.096712 -0.323644
191833 0.0968015 -0.323467
191895 0.096891 -0.323291
191956 0.0969804 -0.323115
192017 0.0970699 -0.322938
192078 0.0971593 -0.322762
192139 0.0972486 -0.322586
192200 0.097338 -0.32241
192261 0.0974273 -0.322234
192322 0.0975166 -0.322058
192383 0.0976059 -0.321882
192444 0.0976952 -0.321706
192505 0.0977844 -0.32153
192566 0.0978737 -0.321354
192627 0.0979629 -0.321178
192688 0.098052 -0.321002
192749 0.0981412 -0.320826
192810 0.0982303 -0.320651
192871 0.0983194 -0.320475
192932 0.0984085 -0.320299
192993 0.0984976 -0.320124
193054 0.0985866 -0.319948
193115 0.0986757 -0.319773
193176 0.0987647 -0.319597
193237 0.0988536 -0.319422
193298 0.0989426 -0.319246
193359 0.0990315 -0.319071
193420 0.0991204 -0.318896
193481 0.0992093 -0.318721
193542 0.0992982 -0.318545
193604 0.0993871 -0.31837
193665 0.0994759 -0.318195
193726 0.0995647 -0.31802
193787 0.0996535 -0.317845
193848 0.0997422 -0.31767
193909 0.099831 -0.317495
193970 0.0999197 -0.31732
194031 0.100008 -0.317145
194092 0.100097 -0.316971
194153 0.100186 -0.316796
194214 0.100274 -0.316621
194275 0.100363 -0.316446
194336 0.100452 -0.316272
194397 0.10054 -0.316097
194458 0.100629 -0.315923
194519 0.100717 -0.315748
194580 0.100806 -0.315574
194641 0.100894 -0.315399
194702 0.100983 -0.315225
194763 0.101071 -0.31505
194824 0.10116 -0.314876
194885 0.101248 -0.314702
194946 0.101336 -0.314527
195007 0.101425 -0.314353
195068 0.101513 -0.314179
195129 0.101601 -0.314005
195190 0.10169 -0.313831
195251 0.101778 -0.313657
195312 0.101866 -0.313483
195374 0.101954 -0.313309
195435 0.102043 -0.313135
195496 0.102131 -0.312961
195557 0.102219 -0.312787
195618 0.102307 -0.312614
195679 0.102395 -0.31244
195740 0.102483 -0.312266
195801 0.102571 -0.312093
195862 0.10266 -0.311919
195923 0.102748 -0.311745
195984 0.102836 -0.311572
196045 0.102924 -0.311398
196106 0.103012 -0.311225
196167 0.1031 -0.311051
196228 0.103188 -0.310878
196289 0.103275 -0.310705
196350 0.103363 -0.310531
196411 0.103451 -0.310358
196472 0.103539 -0.310185
196533 0.103627 -0.310012
196594 0.103715 -0.309839
196655 0.103803 -0.309665
196716 0.10389 -0.309492
196777 0.103978 -0.309319
196838 0.104066 -0.309146
196899 0.104154 -0.308973
196960 0.104241 -0.3088
197021 0.104329 -0.308628
197083 0.104417 -0.308455
197144 0.104504 -0.308282
197205 0.104592 -0.308109
197266 0.10468 -0.307936
197327 0.104767 -0.307764
197388 0.104855 -0.307591
197449 0.104942 -0.307419
197510 0.10503 -0.307246
197571 0.105117 -0.307073
197632 0.105205 -0.306901
197693 0.105292 -0.306729
197754 0.10538 -0.306556
197815 0.105467 -0.306384
197876 0.105555 -0.306211
197937 0.105642 -0.306039
197998 0.105729 -0.305867
198059 0.105817 -0.305695
198120 0.105904 -0.305522
198181 0.105991 -0.30535
198242 0.106079 -0.305178
198303 0.106166 -0.305006
198364 0.106253 -0.304834
198425 0.106341 -0.304662
198486 0.106428 -0.30449
198547 0.106515 -0.304318
198608 0.106602 -0.304146
198669 0.106689 -0.303975
198730 0.106777 -0.303803
198792 0.106864 -0.303631
198853 0.106951 -0.303459
198914 0.107038 -0.303288
198975 0.107125 -0.303116
199036 0.107212 -0.302944
199097 0.107299 -0.302773
199158 0.107386 -0.302601
199219 0.107473 -0.30243
199280 0.10756 -0.302258
199341 0.107647 -0.302087
199402 0.107734 -0.301915
199463 0.107821 -0.301744
199524 0.107908 -0.301573
199585 0.107995 -0.301401
199646 0.108082 -0.30123
199707 0.108168 -0.301059
199768 0.108255 -0.300888
199829 0.108342 -0.300717
199890 0.108429 -0.300545
199951 0.108516 -0.300374
200012 0.108602 -0.300203
200073 0.108689 -0.300032
200134 0.108776 -0.299861
200195 0.108863 -0.29969
200256 0.108949 -0.299519
200317 0.109036 -0.299349
200378 0.109123 -0.299178
200439 0.109209 -0.299007
200500 0.109296 -0.298836
200562 0.109382 -0.298666
200623 0.109469 -0.298495
200684 0.109556 -0.298324
200745 0.109642 -0.298154
200806 0.109729 -0.297983
200867 0.109815 -0.297812
200928 0.109902 -0.297642
200989 0.109988 -0.297471
201050 0.110075 -0.297301
201111 0.110161 -0.297131
201172 0.110247 -0.29696
201233 0.110334 -0.29679
201294 0.11042 -0.29662
201355 0.110507 -0.296449
201416 0.110593 -0.296279
201477 0.110679 -0.296109
201538 0.110766 -0.295939
201599 0.110852 -0.295769
201660 0.110938 -0.295599
201721 0.111024 -0.295429
201782 0.111111 -0.295258
201843 0.111197 -0.295088
201904 0.111283 -0.294919
201965 0.111369 -0.294749
202026 0.111455 -0.294579
202087 0.111542 -0.294409
202148 0.111628 -0.294239
202209 0.111714 -0.294069
202271 0.1118 -0.2939
202332 0.111886 -0.29373
202393 0.111972 -0.29356
202454 0.112058 -0.29339
202515 0.112144 -0.293221
202576 0.11223 -0.293051
202637 0.112316 -0.292882
202698 0.112402 -0.292712
202759 0.112488 -0.292543
202820 0.112574 -0.292373
202881 0.11266 -0.292204
202942 0.112746 -0.292034
203003 0.112832 -0.291865
203064 0.112918 -0.291696
203125 0.113004 -0.291526
203186 0.11309 -0.291357
203247 0.113175 -0.291188
203308 0.113261 -0.291019
203369 0.113347 -0.29085
203430 0.113433 -0.29068
203491 0.113519 -0.290511
203552 0.113604 -0.290342
203613 0.11369 -0.290173
203674 0.113776 -0.290004
203735 0.113862 -0.289835
203796 0.113947 -0.289666
203857 0.114033 -0.289498
203918 0.114119 -0.289329
203979 0.114204 -0.28916
204041 0.11429 -0.288991
204102 0.114376 -0.288822
204163 0.114461 -0.288653
204224 0.114547 -0.288485
204285 0.114632 -0.288316
204346 0.114718 -0.288147
204407 0.114803 -0.287979
204468 0.114889 -0.28781
204529 0.114974 -0.287642
204590 0.11506 -0.287473
204651 0.115145 -0.287305
204712 0.115231 -0.287136
204773 0.115316 -0.286968
204834 0.115402 -0.286799
204895 0.115487 -0.286631
204956 0.115572 -0.286463
205017 0.115658 -0.286294
205078 0.115743 -0.286126
205139 0.115828 -0.285958
205200 0.115914 -0.28579
205261 0.115999 -0.285622
205322 0.116084 -0.285453
205383 0.11617 -0.285285
205444 0.116255 -0.285117
205505 0.11634 -0.284949
205566 0.116425 -0.284781
205627 0.116511 -0.284613
205688 0.116596 -0.284445
205750 0.116681 -0.284277
205811 0.116766 -0.284109
205872 0.116851 -0.283941
205933 0.116936 -0.283774
205994 0.117022 -0.283606
206055 0.117107 -0.283438
206116 0.117192 -0.28327
206177 0.117277 -0.283102
206238 0.117362 -0.282935
206299 0.117447 -0.282767
206360 0.117532 -0.282599
206421 0.117617 -0.282432
206482 0.117702 -0.282264
206543 0.117787 -0.282097
206604 0.117872 -0.281929
206665 0.117957 -0.281762
206726 0.118042 -0.281594
206787 0.118127 -0.281427
206848 0.118212 -0.281259
206909 0.118297 -0.281092
206970 0.118382 -0.280925
207031 0.118466 -0.280757
207092 0.118551 -0.28059
207153 0.118636 -0.280423
207214 0.118721 -0.280256
207275 0.118806 -0.280089
207336 0.118891 -0.279921
207397 0.118975 -0.279754
207458 0.11906 -0.279587
207520 0.119145 -0.27942
207581 0.11923 -0.279253
207642 0.119314 -0.279086
207703 0.119399 -0.278919
207764 0.119484 -0.278752
207825 0.119568 -0.278585
207886 0.119653 -0.278418
207947 0.119738 -0.278251
208008 0.119822 -0.278084
208069 0.119907 -0.277918
208130 0.119992 -0.277751
208191 0.120076 -0.277584
208252 0.120161 -0.277417
208313 0.120245 -0.277251
208374 0.12033 -0.277084
208435 0.120414 -0.276917
208496 0.120499 -0.276751
208557 0.120583 -0.276584
208618 0.120668 -0.276417
208679 0.120752 -0.276251
208740 0.120837 -0.276084
208801 0.120921 -0.275918
208862 0.121006 -0.275751
208923 0.12109 -0.275585
208984 0.121175 -0.275419
209045 0.121259 -0.275252
209106 0.121343 -0.275086
209167 0.121428 -0.274919
209229 0.121512 -0.274753
209290 0.121597 -0.274587
209351 0.121681 -0.274421
209412 0.121765 -0.274254
209473 0.121849 -0.274088
209534 0.121934 -0.273922
209595 0.122018 -0.273756
209656 0.122102 -0.27359
209717 0.122187 -0.273424
209778 0.122271 -0.273258
209839 0.122355 -0.273092
209900 0.122439 -0.272926
209961 0.122523 -0.27276
210022 0.122608 -0.272594
210083 0.122692 -0.272428
210144 0.122776 -0.272262
210205 0.12286 -0.272096
210266 0.122944 -0.27193
210327 0.123028 -0.271764
210388 0.123112 -0.271599
210449 0.123196 -0.271433
210510 0.123281 -0.271267
210571 0.123365 -0.271101
210632 0.123449 -0.270936
210693 0.123533 -0.27077
210754 0.123617 -0.270604
210815 0.123701 -0.270439
210876 0.123785 -0.270273
210938 0.123869 -0.270107
210999 0.123953 -0.269942
211060 0.124037 -0.269776
211121 0.124121 -0.269611
211182 0.124205 -0.269445
211243 0.124288 -0.26928
211304 0.124372 -0.269115
211365 0.124456 -0.268949
211426 0.12454 -0.268784
211487 0.124624 -0.268619
211548 0.124708 -0.268453
211609 0.124792 -0.268288
211670 0.124876 -0.268123
211731 0.124959 -0.267957
211792 0.125043 -0.267792
211853 0.125127 -0.267627
211914 0.125211 -0.267462
211975 0.125295 -0.267297
212036 0.125378 -0.267132
212097 0.125462 -0.266967
212158 0.125546 -0.266801
212219 0.125629 -0.266636
212280 0.125713 -0.266471
212341 0.125797 -0.266306
212402 0.125881 -0.266141
212463 0.125964 -0.265976
212524 0.126048 -0.265812
212585 0.126132 -0.265647
212646 0.126215 -0.265482
212708 0.126299 -0.265317
212769 0.126382 -0.265152
212830 0.126466 -0.264987
212891 0.12655 -0.264823
212952 0.126633 -0.264658
213013 0.126717 -0.264493
213074 0.1268 -0.264328
213135 0.126884 -0.264164
213196 0.126967 -0.263999
213257 0.127051 -0.263834
213318 0.127134 -0.26367
213379 0.127218 -0.263505
213440 0.127301 -0.263341
213501 0.127385 -0.263176
213562 0.127468 -0.263012
213623 0.127552 -0.262847
213684 0.127635 -0.262683
213745 0.127718 -0.262518
213806 0.127802 -0.262354
213867 0.127885 -0.262189
213928 0.127969 -0.262025
213989 0.128052 -0.261861
214050 0.128135 -0.261696
214111 0.128219 -0.261532
214172 0.128302 -0.261368
214233 0.128385 -0.261203
214294 0.128469 -0.261039
214355 0.128552 -0.260875
214417 0.128635 -0.260711
214478 0.128719 -0.260547
214539 0.128802 -0.260382
214600 0.128885 -0.260218
214661 0.128968 -0.260054
214722 0.129052 -0.25989
214783 0.129135 -0.259726
214844 0.129218 -0.259562
214905 0.129301 -0.259398
214966 0.129384 -0.259234
215027 0.129468 -0.25907
215088 0.129551 -0.258906
215149 0.129634 -0.258742
215210 0.129717 -0.258578
215271 0.1298 -0.258414
215332 0.129883 -0.25825
215393 0.129966 -0.258087
215454 0.13005 -0.257923
215515 0.130133 -0.257759
215576 0.130216 -0.257595
215637 0.130299 -0.257431
215698 0.130382 -0.257268
215759 0.130465 -0.257104
215820 0.130548 -0.25694
215881 0.130631 -0.256777
215942 0.130714 -0.256613
216003 0.130797 -0.256449
216064 0.13088 -0.256286
216125 0.130963 -0.256122
216187 0.131046 -0.255958
216248 0.131129 -0.255795
216309 0.131212 -0.255631
216370 0.131295 -0.255468
216431 0.131378 -0.255304
216492 0.131461 -0.255141
216553 0.131544 -0.254977
216614 0.131626 -0.254814
216675 0.131709 -0.254651
216736 0.131792 -0.254487
216797 0.131875 -0.254324
216858 0.131958 -0.254161
216919 0.132041 -0.253997
216980 0.132124 -0.253834
217041 0.132206 -0.253671
217102 0.132289 -0.253507
217163 0.132372 -0.253344
217224 0.132455 -0.253181
217285 0.132538 -0.253018
217346 0.13262 -0.252855
217407 0.132703 -0.252691
217468 0.132786 -0.252528
217529 0.132869 -0.252365
217590 0.132951 -0.252202
217651 0.133034 -0.252039
217712 0.133117 -0.251876
217773 0.1332 -0.251713
217834 0.133282 -0.25155
217896 0.133365 -0.251387
217957 0.133448 -0.251224
218018 0.13353 -0.251061
218079 0.133613 -0.250898
218140 0.133696 -0.250735
218201 0.133778 -0.250572
218262 0.133861 -0.250409
218323 0.133943 -0.250246
218384 0.134026 -0.250083
218445 0.134109 -0.249921
218506 0.134191 -0.249758
218567 0.134274 -0.249595
218628 0.134356 -0.249432
218689 0.134439 -0.249269
218750 0.134522 -0.249107
218811 0.134604 -0.248944
218872 0.134687 -0.248781
218933 0.134769 -0.248619
218994 0.134852 -0.248456
219055 0.134934 -0.248293
219116 0.135017 -0.248131
219177 0.135099 -0.247968
219238 0.135182 -0.247805
219299 0.135264 -0.247643
219360 0.135347 -0.24748
219421 0.135429 -0.247318
219482 0.135511 -0.247155
219543 0.135594 -0.246993
219604 0.135676 -0.24683
219666 0.135759 -0.246668
219727 0.135841 -0.246505
219788 0.135923 -0.246343
219849 0.136006 -0.246181
219910 0.136088 -0.246018
219971 0.136171 -0.245856
220032 0.136253 -0.245693
220093 0.136335 -0.245531
220154 0.136418 -0.245369
220215 0.1365 -0.245207
220276 0.136582 -0.245044
220337 0.136665 -0.244882
220398 0.136747 -0.24472
220459 0.136829 -0.244557
220520 0.136911 -0.244395
220581 0.136994 -0.244233
220642 0.137076 -0.244071
220703 0.137158 -0.243909
220764 0.137241 -0.243747
220825 0.137323 -0.243584
220886 0.137405 -0.243422
220947 0.137487 -0.24326
221008 0.137569 -0.243098
221069 0.137652 -0.242936
221130 0.137734 -0.242774
221191 0.137816 -0.242612
221252 0.137898 -0.24245
221313 0.13798 -0.242288
221375 0.138063 -0.242126
221436 0.138145 -0.241964
221497 0.138227 -0.241802
221558 0.138309 -0.24164
221619 0.138391 -0.241478
221680 0.138473 -0.241316
221741 0.138555 -0.241155
221802 0.138637 -0.240993
221863 0.13872 -0.240831
221924 0.138802 -0.240669
221985 0.138884 -0.240507
222046 0.138966 -0.240345
222107 0.139048 -0.240184
222168 0.13913 -0.240022
222229 0.139212 -0.23986
222290 0.139294 -0.239698
222351 0.139376 -0.239537
222412 0.139458 -0.239375
222473 0.13954 -0.239213
222534 0.139622 -0.239052
222595 0.139704 -0.23889
222656 0.139786 -0.238728
222717 0.139868 -0.238567
222778 0.13995 -0.238405
222839 0.140032 -0.238243
222900 0.140114 -0.238082
222961 0.140196 -0.23792
223022 0.140278 -0.237759
223083 0.14036 -0.237597
223145 0.140442 -0.237436
223206 0.140524 -0.237274
223267 0.140606 -0.237113
223328 0.140688 -0.236951
223389 0.140769 -0.23679
223450 0.140851 -0.236628
223511 0.140933 -0.236467
223572 0.141015 -0.236305
223633 0.141097 -0.236144
223694 0.141179 -0.235983
223755 0.141261 -0.235821
223816 0.141343 -0.23566
223877 0.141424 -0.235499
223938 0.141506 -0.235337
223999 0.141588 -0.235176
224060 0.14167 -0.235015
224121 0.141752 -0.234853
224182 0.141833 -0.234692
224243 0.141915 -0.234531
224304 0.141997 -0.23437
224365 0.142079 -0.234208
224426 0.142161 -0.234047
224487 0.142242 -0.233886
224548 0.142324 -0.233725
224609 0.142406 -0.233564
224670 0.142488 -0.233402
224731 0.142569 -0.233241
224792 0.142651 -0.23308
224854 0.142733 -0.232919
224915 0.142815 -0.232758
224976 0.142896 -0.232597
225037 0.142978 -0.232436
225098 0.14306 -0.232275
225159 0.143141 -0.232114
225220 0.143223 -0.231953
225281 0.143305 -0.231792
225342 0.143386 -0.231631
225403 0.143468 -0.23147
225464 0.14355 -0.231309
225525 0.143631 -0.231148
225586 0.143713 -0.230987
225647 0.143795 -0.230826
225708 0.143876 -0.230665
225769 0.143958 -0.230504
225830 0.14404 -0.230343
225891 0.144121 -0.230182
225952 0.144203 -0.230021
226013 0.144284 -0.22986
226074 0.144366 -0.2297
226135 0.144448 -0.229539
226196 0.144529 -0.229378
226257 0.144611 -0.229217
226318 0.144692 -0.229056
226379 0.144774 -0.228896
226440 0.144855 -0.228735
226501 0.144937 -0.228574
226562 0.145018 -0.228413
226624 0.1451 -0.228253
226685 0.145182 -0.228092
226746 0.145263 -0.227931
226807 0.145345 -0.22777
226868 0.145426 -0.22761
226929 0.145508 -0.227449
226990 0.145589 -0.227288
227051 0.145671 -0.227128
227112 0.145752 -0.226967
227173 0.145834 -0.226806
227234 0.145915 -0.226646
227295 0.145996 -0.226485
227356 0.146078 -0.226325
227417 0.146159 -0.226164
227478 0.146241 -0.226004
227539 0.146322 -0.225843
227600 0.146404 -0.225682
227661 0.146485 -0.225522
227722 0.146567 -0.225361
227783 0.146648 -0.225201
227844 0.146729 -0.22504
227905 0.146811 -0.22488
227966 0.146892 -0.224719
228027 0.146974 -0.224559
228088 0.147055 -0.224398
228149 0.147136 -0.224238
228210 0.147218 -0.224078
228271 0.147299 -0.223917
228333 0.147381 -0.223757
228394 0.147462 -0.223596
228455 0.147543 -0.223436
228516 0.147625 -0.223276
228577 0.147706 -0.223115
228638 0.147787 -0.222955
228699 0.147869 -0.222795
228760 0.14795 -0.222634
228821 0.148031 -0.222474
228882 0.148113 -0.222314
228943 0.148194 -0.222153
229004 0.148275 -0.221993
229065 0.148357 -0.221833
229126 0.148438 -0.221672
229187 0.148519 -0.221512
229248 0.1486 -0.221352
229309 0.148682 -0.221192
229370 0.148763 -0.221031
229431 0.148844 -0.220871
229492 0.148926 -0.220711
229553 0.149007 -0.220551
229614 0.149088 -0.220391
229675 0.149169 -0.22023
229736 0.149251 -0.22007
229797 0.149332 -0.21991
229858 0.149413 -0.21975
229919 0.149494 -0.21959
229980 0.149575 -0.21943
230042 0.149657 -0.21927
230103 0.149738 -0.219109
230164 0.149819 -0.218949
230225 0.1499 -0.218789
230286 0.149982 -0.218629
230347 0.150063 -0.218469
230408 0.150144 -0.218309
230469 0.150225 -0.218149
230530 0.150306 -0.217989
230591 0.150387 -0.217829
230652 0.150469 -0.217669
230713 0.15055 -0.217509
230774 0.150631 -0.217349
230835 0.150712 -0.217189
230896 0.150793 -0.217029
230957 0.150874 -0.216869
231018 0.150956 -0.216709
231079 0.151037 -0.216549
231140 0.151118 -0.216389
231201 0.151199 -0.216229
231262 0.15128 -0.216069
231323 0.151361 -0.215909
231384 0.151442 -0.215749
231445 0.151524 -0.215589
231506 0.151605 -0.215429
231567 0.151686 -0.215269
231628 0.151767 -0.21511
231689 0.151848 -0.21495
231750 0.151929 -0.21479
231812 0.15201 -0.21463
231873 0.152091 -0.21447
231934 0.152172 -0.21431
231995 0.152253 -0.21415
232056 0.152334 -0.213991
232117 0.152416 -0.213831
232178 0.152497 -0.213671
232239 0.152578 -0.213511
232300 0.152659 -0.213351
232361 0.15274 -0.213192
232422 0.152821 -0.213032
232483 0.152902 -0.212872
232544 0.152983 -0.212712
232605 0.153064 -0.212552
232666 0.153145 -0.212393
232727 0.153226 -0.212233
232788 0.153307 -0.212073
232849 0.153388 -0.211914
232910 0.153469 -0.211754
232971 0.15355 -0.211594
233032 0.153631 -0.211434
233093 0.153712 -0.211275
233154 0.153793 -0.211115
233215 0.153874 -0.210955
233276 0.153955 -0.210796
233337 0.154036 -0.210636
233398 0.154117 -0.210476
233459 0.154198 -0.210317
233521 0.154279 -0.210157
233582 0.15436 -0.209997
233643 0.154441 -0.209838
233704 0.154522 -0.209678
233765 0.154603 -0.209518
233826 0.154684 -0.209359
233887 0.154765 -0.209199
233948 0.154846 -0.20904
234009 0.154927 -0.20888
234070 0.155008 -0.20872
234131 0.155089 -0.208561
234192 0.15517 -0.208401
234253 0.155251 -0.208242
234314 0.155332 -0.208082
234375 0.155413 -0.207923
234436 0.155493 -0.207763
234497 0.155574 -0.207603
234558 0.155655 -0.207444
234619 0.155736 -0.207284
234680 0.155817 -0.207125
234741 0.155898 -0.206965
234802 0.155979 -0.206806
234863 0.15606 -0.206646
234924 0.156141 -0.206487
234985 0.156222 -0.206327
235046 0.156303 -0.206168
235107 0.156384 -0.206008
235168 0.156464 -0.205849
235229 0.156545 -0.205689
235291 0.156626 -0.20553
235352 0.156707 -0.20537
235413 0.156788 -0.205211
235474 0.156869 -0.205052
235535 0.15695 -0.204892
235596 0.157031 -0.204733
235657 0.157112 -0.204573
235718 0.157192 -0.204414
235779 0.157273 -0.204254
235840 0.157354 -0.204095
235901 0.157435 -0.203935
235962 0.157516 -0.203776
236023 0.157597 -0.203617
236084 0.157678 -0.203457
236145 0.157758 -0.203298
236206 0.157839 -0.203138
236267 0.15792 -0.202979
236328 0.158001 -0.20282
236389 0.158082 -0.20266
236450 0.158163 -0.202501
236511 0.158244 -0.202342
236572 0.158324 -0.202182
236633 0.158405 -0.202023
236694 0.158486 -0.201864
236755 0.158567 -0.201704
236816 0.158648 -0.201545
236877 0.158729 -0.201385
236938 0.158809 -0.201226
237000 0.15889 -0.201067
237061 0.158971 -0.200907
237122 0.159052 -0.200748
237183 0.159133 -0.200589
237244 0.159213 -0.200429
237305 0.159294 -0.20027
237366 0.159375 -0.200111
237427 0.159456 -0.199952
237488 0.159537 -0.199792
237549 0.159618 -0.199633
237610 0.159698 -0.199474
237671 0.159779 -0.199314
237732 0.15986 -0.199155
237793 0.159941 -0.198996
237854 0.160022 -0.198837
237915 0.160102 -0.198677
237976 0.160183 -0.198518
238037 0.160264 -0.198359
238098 0.160345 -0.198199
238159 0.160425 -0.19804
238220 0.160506 -0.197881
238281 0.160587 -0.197722
238342 0.160668 -0.197562
238403 0.160749 -0.197403
238464 0.160829 -0.197244
238525 0.16091 -0.197085
238586 0.160991 -0.196925
238647 0.161072 -0.196766
238708 0.161152 -0.196607
238770 0.161233 -0.196448
238831 0.161314 -0.196289
238892 0.161395 -0.196129
238953 0.161476 -0.19597
239014 0.161556 -0.195811
239075 0.161637 -0.195652
239136 0.161718 -0.195492
239197 0.161799 -0.195333
239258 0.161879 -0.195174
239319 0.16196 -0.195015
239380 0.162041 -0.194856
239441 0.162122 -0.194696
239502 0.162202 -0.194537
239563 0.162283 -0.194378
239624 0.162364 -0.194219
239685 0.162445 -0.19406
239746 0.162525 -0.1939
239807 0.162606 -0.193741
239868 0.162687 -0.193582
239929 0.162768 -0.193423
239990 0.162848 -0.193264
240051 0.162929 -0.193104
240112 0.16301 -0.192945
240173 0.163091 -0.192786
240234 0.163171 -0.192627
240295 0.163252 -0.192468
240356 0.163333 -0.192309
240417 0.163414 -0.192149
240479 0.163494 -0.19199
240540 0.163575 -0.191831
240601 0.163656 -0.191672
240662 0.163737 -0.191513
240723 0.163817 -0.191354
240784 0.163898 -0.191194
240845 0.163979 -0.191035
240906 0.16406 -0.190876
240967 0.16414 -0.190717
241028 0.164221 -0.190558
241089 0.164302 -0.190399
241150 0.164382 -0.190239
241211 0.164463 -0.19008
241272 0.164544 -0.189921
241333 0.164625 -0.189762
241394 0.164705 -0.189603
241455 0.164786 -0.189444
241516 0.164867 -0.189285
241577 0.164948 -0.189125
241638 0.165028 -0.188966
241699 0.165109 -0.188807
241760 0.16519 -0.188648
241821 0.165271 -0.188489
241882 0.165351 -0.18833
241943 0.165432 -0.18817
242004 0.165513 -0.188011
242065 0.165593 -0.187852
242126 0.165674 -0.187693
242188 0.165755 -0.187534
242249 0.165836 -0.187375
242310 0.165916 -0.187216
242371 0.165997 -0.187056
242432 0.166078 -0.186897
242493 0.166159 -0.186738
242554 0.166239 -0.186579
242615 0.16632 -0.18642
242676 0.166401 -0.186261
242737 0.166481 -0.186102
242798 0.166562 -0.185942
242859 0.166643 -0.185783
242920 0.166724 -0.185624
242981 0.166804 -0.185465
243042 0.166885 -0.185306
243103 0.166966 -0.185147
243164 0.167047 -0.184988
243225 0.167127 -0.184828
243286 0.167208 -0.184669
243347 0.167289 -0.18451
243408 0.167369 -0.184351
243469 0.16745 -0.184192
243530 0.167531 -0.184033
243591 0.167612 -0.183874
243652 0.167692 -0.183714
243713 0.167773 -0.183555
243774 0.167854 -0.183396
243835 0.167935 -0.183237
243896 0.168015 -0.183078
243958 0.168096 -0.182919
244019 0.168177 -0.182759
244080 0.168258 -0.1826
244141 0.168338 -0.182441
244202 0.168419 -0.182282
244263 0.1685 -0.182123
244324 0.16858 -0.181964
244385 0.168661 -0.181804
244446 0.168742 -0.181645
244507 0.168823 -0.181486
244568 0.168903 -0.181327
244629 0.168984 -0.181168
244690 0.169065 -0.181009
244751 0.169146 -0.180849
244812 0.169226 -0.18069
244873 0.169307 -0.180531
244934 0.169388 -0.180372
244995 0.169469 -0.180213
245056 0.169549 -0.180053
245117 0.16963 -0.179894
245178 0.169711 -0.179735
245239 0.169792 -0.179576
245300 0.169872 -0.179417
245361 0.169953 -0.179258
245422 0.170034 -0.179098
245483 0.170115 -0.178939
245544 0.170195 -0.17878
245605 0.170276 -0.178621
245667 0.170357 -0.178461
245728 0.170438 -0.178302
245789 0.170518 -0.178143
245850 0.170599 -0.177984
245911 0.17068 -0.177825
245972 0.170761 -0.177665
246033 0.170842 -0.177506
246094 0.170922 -0.177347
246155 0.171003 -0.177188
246216 0.171084 -0.177028
246277 0.171165 -0.176869
246338 0.171245 -0.17671
246399 0.171326 -0.176551
246460 0.171407 -0.176392
246521 0.171488 -0.176232
246582 0.171568 -0.176073
246643 0.171649 -0.175914
246704 0.17173 -0.175755
246765 0.171811 -0.175595
246826 0.171892 -0.175436
246887 0.171972 -0.175277
246948 0.172053 -0.175117
247009 0.172134 -0.174958
247070 0.172215 -0.174799
247131 0.172296 -0.17464
247192 0.172376 -0.17448
247253 0.172457 -0.174321
247314 0.172538 -0.174162
247375 0.172619 -0.174002
247437 0.1727 -0.173843
247498 0.17278 -0.173684
247559 0.172861 -0.173525
247620 0.172942 -0.173365
247681 0.173023 -0.173206
247742 0.173104 -0.173047
247803 0.173184 -0.172887
247864 0.173265 -0.172728
247925 0.173346 -0.172569
247986 0.173427 -0.172409
248047 0.173508 -0.17225
248108 0.173589 -0.172091
248169 0.173669 -0.171931
248230 0.17375 -0.171772
248291 0.173831 -0.171613
248352 0.173912 -0.171453
248413 0.173993 -0.171294
248474 0.174074 -0.171134
248535 0.174154 -0.170975
248596 0.174235 -0.170816
248657 0.174316 -0.170656
248718 0.174397 -0.170497
248779 0.174478 -0.170338
248840 0.174559 -0.170178
248901 0.17464 -0.170019
248962 0.17472 -0.169859
249023 0.174801 -0.1697
249084 0.174882 -0.169541
249146 0.174963 -0.169381
249207 0.175044 -0.169222
249268 0.175125 -0.169062
249329 0.175206 -0.168903
249390 0.175287 -0.168743
249451 0.175367 -0.168584
249512 0.175448 -0.168424
249573 0.175529 -0.168265
249634 0.17561 -0.168105
249695 0.175691 -0.167946
249756 0.175772 -0.167787
249817 0.175853 -0.167627
249878 0.175934 -0.167468
249939 0.176015 -0.167308
